{
  "type": "FeatureCollection",
  "features": [
    {
      "type": "Feature",
      "geometry": {
        "type": "Point",
        "coordinates": [
          35.23535901320472,
          31.770475330836124
        ]
      },
      "properties": {
        "id": "JER-NT-01",
        "name": "Jerusalem — Pool of Siloam (Birkat el-Hamra)",
        "layer": "nt_digs",
        "dig": "Reich–Shukron Siloam Pool Excavation",
        "years": "2004–2005 (initial); renewed exposure campaigns 2020s",
        "region": "Judea/Jerusalem",
        "location": "Israel / Jerusalem / City of David south tip (Silwan)",
        "mgrs": "36RYA11691717",
        "verses": "John 9:7–11; Luke 13:4 (Tower of Siloam tradition nearby); Nehemiah 3:15 (OT pool name continuity)",
        "found": "Large stepped, plastered pool of late Second Temple / Early Roman date at Birkat el-Hamra; stone plaza to the north; stairs for immersion; later full-exposure work continuing under IAA / City of David.",
        "support": "STRONG geographic/contextual match: a monumental mikveh-scale pool at Siloam fits John’s account of the blind man washing there. Does not prove the miracle; proves the pool existed as a major pilgrim water/ritual facility in Jesus’ era.  Courtroom drama under the street: in March 2008 Israel’s High Court of Justice temporarily restrained an Israel Antiquities Authority dig in Silwan near the Pool of Siloam after residents said work ran beneath homes without proper notice—showing how living neighborhoods and salvage archaeology collide in the City of David.",
        "sources": "Reich & Shukron, City of David / Siloam Pool publications; https://hadashot.iaa.org.il/ ; https://cityofdavid.org.il/en/siloam-pool-opened-eng/",
        "notes": "Distinct from Hezekiah Tunnel / Siloam Inscription (OT Phase 1). Identification of Birkat el-Hamra as NT Siloam Pool is majority view; some debate vs smaller Silwan pool.",
        "status": "active / tourism conservation",
        "campaigns": 1,
        "confidence": "confirmed",
        "biblical_name": "Siloam",
        "strongs_id": "G4611",
        "strongs_lang": "G",
        "strongs_url": "https://www.blueletterbible.org/lexicon/g4611/kjv/tr/0-1/",
        "strongs_lemma": "Σιλωάμ",
        "strongs_gloss": "sent; pool in Jerusalem",
        "creation_ministry": {
          "blurb": "AiG Hezekiah articles highlight Siloam Tunnel/pool waterworks as still-visible Jerusalem archaeology. Ark Encounter’s first-century Jerusalem model and Creation Museum Borderland supply NT-era Jerusalem thematic context—not Siloam-specific dig panels.",
          "aig": [
            {
              "title": "Inscription “One of the Most Important Archaeological Discoveries in Israel of All Time”",
              "url": "https://answersingenesis.org/archaeology/one-of-the-most-important-archaeological-discoveries/",
              "summary": "AiG on Hezekiah-related inscriptions summarizing Siloam Tunnel/pool works and other reforms; also notes Lachish siege archaeology.",
              "kind": "article"
            },
            {
              "title": "Discovery of King Hezekiah’s Seal Confirms God’s Word",
              "url": "https://answersingenesis.org/blogs/ken-ham/2016/01/12/discovery-king-hezekiahs-seal-confirms-gods-word/",
              "summary": "Ken Ham on Hezekiah bulla from Jerusalem; also cites Hezekiah's tunnel and Lachish siege as corroboration.",
              "kind": "article"
            }
          ],
          "creation_museum": [
            {
              "title": "New Exhibit Now Open at the Creation Museum",
              "url": "https://creationmuseum.org/blog/2021/07/08/new-exhibit-now-open-creation-museum/",
              "summary": "Announcement of Borderland: Israel at the Time of Jesus—first-century Israel context exhibit.",
              "exhibit_or_page": "Borderland: Israel at the Time of Jesus"
            }
          ],
          "ark_encounter": [
            {
              "title": "Update on Our Jerusalem Replica Project",
              "url": "https://arkencounter.com/blog/2023/05/04/update-our-jerusalem-replica-project/",
              "summary": "Ark Encounter ~2000 sq ft first-century Jerusalem model project for NT historical apologetics.",
              "exhibit_or_page": "First-century Jerusalem replica model"
            }
          ],
          "coverage": "site_specific",
          "researched_at": "2026-09-30"
        },
        "creation_ministry_blurb": "AiG Hezekiah articles highlight Siloam Tunnel/pool waterworks as still-visible Jerusalem archaeology. Ark Encounter’s first-century Jerusalem model and Creation Museum Borderland supply NT-era Jerusalem thematic context—not Siloam-specific dig panels.",
        "creation_ministry_coverage": "site_specific",
        "creation_ministry_aig": [
          {
            "title": "Inscription “One of the Most Important Archaeological Discoveries in Israel of All Time”",
            "url": "https://answersingenesis.org/archaeology/one-of-the-most-important-archaeological-discoveries/",
            "summary": "AiG on Hezekiah-related inscriptions summarizing Siloam Tunnel/pool works and other reforms; also notes Lachish siege archaeology.",
            "kind": "article"
          },
          {
            "title": "Discovery of King Hezekiah’s Seal Confirms God’s Word",
            "url": "https://answersingenesis.org/blogs/ken-ham/2016/01/12/discovery-king-hezekiahs-seal-confirms-gods-word/",
            "summary": "Ken Ham on Hezekiah bulla from Jerusalem; also cites Hezekiah's tunnel and Lachish siege as corroboration.",
            "kind": "article"
          }
        ],
        "creation_ministry_museum": [
          {
            "title": "New Exhibit Now Open at the Creation Museum",
            "url": "https://creationmuseum.org/blog/2021/07/08/new-exhibit-now-open-creation-museum/",
            "summary": "Announcement of Borderland: Israel at the Time of Jesus—first-century Israel context exhibit.",
            "exhibit_or_page": "Borderland: Israel at the Time of Jesus"
          }
        ],
        "creation_ministry_ark": [
          {
            "title": "Update on Our Jerusalem Replica Project",
            "url": "https://arkencounter.com/blog/2023/05/04/update-our-jerusalem-replica-project/",
            "summary": "Ark Encounter ~2000 sq ft first-century Jerusalem model project for NT historical apologetics.",
            "exhibit_or_page": "First-century Jerusalem replica model"
          }
        ],
        "dig_halt": {
          "status": "halt_recorded",
          "date": "2008-03",
          "halted_by": "Israel High Court of Justice (temporary restraining order against the Israel Antiquities Authority)",
          "summary": "In March 2008 Israel’s High Court of Justice issued a temporary restraining order halting an IAA dig in Silwan after local residents argued excavations ran under/near homes without required owner notice (reported via Haaretz; summarized by BiblePlaces). This was a court-ordered temporary stop, not a permanent end to Siloam/City of David archaeology—work in the area continued in later seasons under IAA permits.",
          "sources": [
            "https://www.bibleplaces.com/blog/2008/03/city-of-david-excavation-halted-by/"
          ]
        },
        "site_authority": {
          "name": "IAA + City of David / ELAD (Pool of Siloam area)",
          "type": "mixed",
          "role": "Licenses excavations and oversees antiquities across Israel; regional offices handle site permits and finds.",
          "contact_name": null,
          "contact_title": "General inquiries (Mokedia)",
          "contact_email": "mokediaa@israntique.org.il",
          "contact_phone": "077-9966726",
          "contact_url": "https://cityofdavid.org.il/en/contact-us/",
          "notes": "Siloam Pool excavations publicized via IAA and City of David. Dual contact paths.",
          "official_website": "https://cityofdavid.org.il/en/"
        },
        "dig_status": "halted",
        "eras": [
          "New Testament era",
          "Roman / Byzantine"
        ],
        "official_website": "https://cityofdavid.org.il/en/",
        "official_website_label": "City of David / IAA — Jerusalem excavations",
        "status_kind": "dig"
      }
    },
    {
      "type": "Feature",
      "geometry": {
        "type": "Point",
        "coordinates": [
          35.2349029365667,
          31.773459626876292
        ]
      },
      "properties": {
        "id": "JER-NT-02",
        "name": "Jerusalem — Pilgrimage Road (Stepped Street)",
        "layer": "nt_digs",
        "dig": "City of David Stepped Street / Pilgrimage Road Excavations",
        "years": "1990s–present (major street sections 2000s–2010s)",
        "region": "Judea/Jerusalem",
        "location": "Israel / Jerusalem / Tyropoeon Valley, City of David to Temple Mount SW",
        "mgrs": "36RYA11641750",
        "verses": "John 9:7; Luke 2:41–42; Acts 3:1–2 (Temple approach context); Mark 11:15–17",
        "found": "Monumental Early Roman stepped/paved street from Siloam area toward Temple Mount; shops; drainage channel beneath; coins under paving including Pilate-era issues dating construction to ~30s–40s CE.",
        "support": "STRONG background: shows the pilgrim route and urban fabric of Jerusalem in Jesus’ and the apostles’ lifetimes. Coin dating places paving in Pontius Pilate / Agrippa window—not proof of any single Gospel walk, but real street Jesus-era pilgrims used.",
        "sources": "https://timeline.cityofdavid.org.il/; Szanton & Uziel, Hadashot Arkheologiyot; Reich & Shukron City of David Studies",
        "notes": "Popularly called ‘Pilgrimage Road’; scholarly name is Stepped Street / Tyropoeon street.",
        "status": "active / tourism conservation",
        "campaigns": 1,
        "confidence": "confirmed",
        "biblical_name": "Jerusalem",
        "strongs_id": "G2414",
        "strongs_lang": "G",
        "strongs_url": "https://www.blueletterbible.org/lexicon/g2414/kjv/tr/0-1/",
        "strongs_lemma": "Ἱεροσόλυμα",
        "strongs_gloss": "Jerusalem (Hellenized)",
        "creation_ministry": {
          "blurb": "No verified AiG article dedicated to the Stepped Street / Pilgrimage Road was found. Creation Museum Borderland and Ark Encounter’s Jerusalem replica project provide first-century Jerusalem ministry context only (theme_only).",
          "aig": [],
          "creation_museum": [
            {
              "title": "New Exhibit Now Open at the Creation Museum",
              "url": "https://creationmuseum.org/blog/2021/07/08/new-exhibit-now-open-creation-museum/",
              "summary": "Announcement of Borderland: Israel at the Time of Jesus—first-century Israel context exhibit.",
              "exhibit_or_page": "Borderland: Israel at the Time of Jesus"
            },
            {
              "title": "Take Borderland Home with You",
              "url": "https://creationmuseum.org/blog/2022/09/16/take-borderland-home-with-you/",
              "summary": "Creation Museum Borderland exhibit companion materials for NT Israel setting.",
              "exhibit_or_page": "Borderland: Israel at the Time of Jesus"
            }
          ],
          "ark_encounter": [
            {
              "title": "Update on Our Jerusalem Replica Project",
              "url": "https://arkencounter.com/blog/2023/05/04/update-our-jerusalem-replica-project/",
              "summary": "Ark Encounter ~2000 sq ft first-century Jerusalem model project for NT historical apologetics.",
              "exhibit_or_page": "First-century Jerusalem replica model"
            },
            {
              "title": "Exciting New Project Coming to the Ark Encounter",
              "url": "https://arkencounter.com/blog/2022/11/10/exciting-new-project-coming-to-ark-encounter/",
              "summary": "Announcement of large Jerusalem model exhibit.",
              "exhibit_or_page": "First-century Jerusalem replica model"
            }
          ],
          "coverage": "theme_only",
          "researched_at": "2026-09-30"
        },
        "creation_ministry_blurb": "No verified AiG article dedicated to the Stepped Street / Pilgrimage Road was found. Creation Museum Borderland and Ark Encounter’s Jerusalem replica project provide first-century Jerusalem ministry context only (theme_only).",
        "creation_ministry_coverage": "theme_only",
        "creation_ministry_aig": [],
        "creation_ministry_museum": [
          {
            "title": "New Exhibit Now Open at the Creation Museum",
            "url": "https://creationmuseum.org/blog/2021/07/08/new-exhibit-now-open-creation-museum/",
            "summary": "Announcement of Borderland: Israel at the Time of Jesus—first-century Israel context exhibit.",
            "exhibit_or_page": "Borderland: Israel at the Time of Jesus"
          },
          {
            "title": "Take Borderland Home with You",
            "url": "https://creationmuseum.org/blog/2022/09/16/take-borderland-home-with-you/",
            "summary": "Creation Museum Borderland exhibit companion materials for NT Israel setting.",
            "exhibit_or_page": "Borderland: Israel at the Time of Jesus"
          }
        ],
        "creation_ministry_ark": [
          {
            "title": "Update on Our Jerusalem Replica Project",
            "url": "https://arkencounter.com/blog/2023/05/04/update-our-jerusalem-replica-project/",
            "summary": "Ark Encounter ~2000 sq ft first-century Jerusalem model project for NT historical apologetics.",
            "exhibit_or_page": "First-century Jerusalem replica model"
          },
          {
            "title": "Exciting New Project Coming to the Ark Encounter",
            "url": "https://arkencounter.com/blog/2022/11/10/exciting-new-project-coming-to-ark-encounter/",
            "summary": "Announcement of large Jerusalem model exhibit.",
            "exhibit_or_page": "First-century Jerusalem replica model"
          }
        ],
        "dig_halt": {
          "status": "no_halt_recorded",
          "date": null,
          "halted_by": null,
          "summary": "No dig halt is recorded for this site in the sources checked. High-profile halt searches prioritized Temple Mount restrictions, City of David/Silwan court orders, West Bank permit issues, Turkish foreign-mission suspensions, Jordan TeH, COVID project statements, and conflict interruptions (Syria/Iraq); this site did not yield a verified org/government stop-work or permit-revocation event.",
          "sources": []
        },
        "site_authority": {
          "name": "IAA + City of David (Pilgrimage Road)",
          "type": "mixed",
          "role": "Licenses excavations and oversees antiquities across Israel; regional offices handle site permits and finds.",
          "contact_name": null,
          "contact_title": "General inquiries (Mokedia)",
          "contact_email": null,
          "contact_phone": "077-9966726",
          "contact_url": "https://cityofdavid.org.il/en/contact-us/",
          "notes": "Pilgrimage Road / Stepped Street — IAA excavation; City of David visitor access.",
          "official_website": "https://cityofdavid.org.il/en/"
        },
        "dig_status": "open",
        "eras": [
          "New Testament era",
          "Roman / Byzantine"
        ],
        "official_website": "https://cityofdavid.org.il/en/",
        "official_website_label": "City of David / IAA — Jerusalem excavations",
        "status_kind": "dig"
      }
    },
    {
      "type": "Feature",
      "geometry": {
        "type": "Point",
        "coordinates": [
          35.234451173455874,
          31.77662422628255
        ]
      },
      "properties": {
        "id": "JER-NT-03",
        "name": "Jerusalem — Western Wall Tunnels / Temple Mount Western Wall",
        "layer": "nt_digs",
        "dig": "Western Wall Tunnel Excavations and Herodian Street Exposure",
        "years": "1967–present (tunnel system); Warren shafts 1867–70 (historic)",
        "region": "Judea/Jerusalem",
        "location": "Israel / Jerusalem / Western Wall / Old City north of plaza",
        "mgrs": "36RYA11591785",
        "verses": "Mark 13:1–2; Luke 21:5–6; John 2:20; Acts 3:1–11",
        "found": "Herodian ashlars of Temple Mount retaining wall; underground continuation north; First-century street and shops along western wall; Warren’s Gate area; massive stones including ‘Western Stone’.",
        "support": "STRONG architectural background: the Herodian Temple platform Jesus’ disciples admired (Mark 13) is physically present. Tunnel archaeology confirms Herodian masonry scale matching Josephus and Gospel ‘great stones’ language—does not prove predictive sayings about destruction.  The platform itself is off-limits to dig teams: under the status quo with the Jerusalem Islamic Waqf, licensed archaeological excavation on the Temple Mount / Haram al-Sharif is not allowed—which is why the famous Sifting Project works soil dumped off-site, while tunnels and southern-wall digs stay outside the sacred platform.",
        "sources": "https://thekotel.org/; D. Bahat, The Western Wall Tunnels; Charles Warren survey reports (PEF)",
        "notes": "Religiously sensitive; excavation/access politics complex. Report finds, not politics.",
        "status": "tourism conservation / intermittent research",
        "campaigns": 1,
        "confidence": "confirmed",
        "biblical_name": "Jerusalem",
        "strongs_id": "G2414",
        "strongs_lang": "G",
        "strongs_url": "https://www.blueletterbible.org/lexicon/g2414/kjv/tr/0-1/",
        "strongs_lemma": "Ἱεροσόλυμα",
        "strongs_gloss": "Jerusalem (Hellenized)",
        "creation_ministry": {
          "blurb": "No site-specific AiG Western Wall Tunnels dig article verified. Ark Encounter Jerusalem model + Creation Museum Borderland = theme_only NT Jerusalem ministry context.",
          "aig": [],
          "creation_museum": [
            {
              "title": "New Exhibit Now Open at the Creation Museum",
              "url": "https://creationmuseum.org/blog/2021/07/08/new-exhibit-now-open-creation-museum/",
              "summary": "Announcement of Borderland: Israel at the Time of Jesus—first-century Israel context exhibit.",
              "exhibit_or_page": "Borderland: Israel at the Time of Jesus"
            }
          ],
          "ark_encounter": [
            {
              "title": "Update on Our Jerusalem Replica Project",
              "url": "https://arkencounter.com/blog/2023/05/04/update-our-jerusalem-replica-project/",
              "summary": "Ark Encounter ~2000 sq ft first-century Jerusalem model project for NT historical apologetics.",
              "exhibit_or_page": "First-century Jerusalem replica model"
            }
          ],
          "coverage": "theme_only",
          "researched_at": "2026-09-30"
        },
        "creation_ministry_blurb": "No site-specific AiG Western Wall Tunnels dig article verified. Ark Encounter Jerusalem model + Creation Museum Borderland = theme_only NT Jerusalem ministry context.",
        "creation_ministry_coverage": "theme_only",
        "creation_ministry_aig": [],
        "creation_ministry_museum": [
          {
            "title": "New Exhibit Now Open at the Creation Museum",
            "url": "https://creationmuseum.org/blog/2021/07/08/new-exhibit-now-open-creation-museum/",
            "summary": "Announcement of Borderland: Israel at the Time of Jesus—first-century Israel context exhibit.",
            "exhibit_or_page": "Borderland: Israel at the Time of Jesus"
          }
        ],
        "creation_ministry_ark": [
          {
            "title": "Update on Our Jerusalem Replica Project",
            "url": "https://arkencounter.com/blog/2023/05/04/update-our-jerusalem-replica-project/",
            "summary": "Ark Encounter ~2000 sq ft first-century Jerusalem model project for NT historical apologetics.",
            "exhibit_or_page": "First-century Jerusalem replica model"
          }
        ],
        "dig_halt": {
          "status": "halt_recorded",
          "date": "standing restriction (esp. post-1996 Waqf works; status quo ongoing)",
          "halted_by": "Jerusalem Islamic Waqf administration of the Haram al-Sharif / Temple Mount platform under the prevailing status quo (Israeli government/police practice accords)",
          "summary": "Archaeological excavation on the Temple Mount / Haram al-Sharif platform itself is not permitted under the status quo administered with the Jerusalem Islamic Waqf. Biblical Archaeology Society coverage of the Temple Mount Sifting Project states excavations are not allowed on the Mount; sifting instead studies soil removed during unsupervised Waqf construction (late 1990s). Adjacent Western Wall Tunnel and southern wall digs proceed outside the platform—do not conflate them with a licensed dig atop the Mount.",
          "sources": [
            "https://www.biblicalarchaeology.org/daily/biblical-sites-places/temple-at-jerusalem/temple-mount-sifting-project/",
            "https://emekshaveh.org/en/wp-content/uploads/2013/07/Har-Habayit-Eng-Web.pdf"
          ]
        },
        "site_authority": {
          "name": "Western Wall Heritage Foundation + IAA (Western Wall Tunnels)",
          "type": "mixed",
          "role": "Western Wall Heritage Foundation manages tunnels visitor experience; IAA archaeological oversight.",
          "contact_name": null,
          "contact_title": "General inquiries (Mokedia)",
          "contact_email": null,
          "contact_phone": null,
          "contact_url": "https://thekotel.org/",
          "notes": "Temple Mount / Haram status separately sensitive. This pin is Western Wall Tunnels side.",
          "official_website": "https://cityofdavid.org.il/en/"
        },
        "dig_status": "halted",
        "eras": [
          "New Testament era",
          "Roman / Byzantine"
        ],
        "official_website": "https://cityofdavid.org.il/en/",
        "official_website_label": "City of David / IAA — Jerusalem excavations",
        "status_kind": "dig"
      }
    },
    {
      "type": "Feature",
      "geometry": {
        "type": "Point",
        "coordinates": [
          35.235995128437594,
          31.774973687342722
        ]
      },
      "properties": {
        "id": "JER-NT-04",
        "name": "Jerusalem — City of David (Givati Parking Lot / Area G NT layers)",
        "layer": "nt_digs",
        "dig": "Givati Parking Lot Excavations (Second Temple / Early Roman strata)",
        "years": "2007–present (multi-season)",
        "region": "Judea/Jerusalem",
        "location": "Israel / Jerusalem / City of David / Ophel approaches",
        "mgrs": "36RYA11741767",
        "verses": "Luke 19:41–44; Acts 1–2 (Jerusalem gathering context); John 5:2 (Bethesda nearby tradition)",
        "found": "Multi-period urban remains including late Second Temple mansions/structures, destruction debris of 70 CE, Roman and Byzantine overlays; seals, coins, frescoes in various strata.",
        "support": "Background: documents wealthy and ordinary Jerusalem on the eve of the Jewish Revolt—the urban world of Acts and the Gospels’ Passion week setting. 70 CE destruction layer matches Josephus and Jesus’ predicted temple/city crisis (Gospel sayings debated as prophecy vs later framing).",
        "sources": "https://www.iaa.org.il/; Ben-Ami & Tchekhanovets Givati reports; https://cityofdavid.org.il/",
        "notes": "Cross-ref Phase 1 OT City of David rows (COD-*) for Iron Age; this row is NT/Second Temple focus.",
        "status": "active",
        "campaigns": 1,
        "confidence": "confirmed",
        "biblical_name": "Jerusalem",
        "strongs_id": "G2414",
        "strongs_lang": "G",
        "strongs_url": "https://www.blueletterbible.org/lexicon/g2414/kjv/tr/0-1/",
        "strongs_lemma": "Ἱεροσόλυμα",
        "strongs_gloss": "Jerusalem (Hellenized)",
        "creation_ministry": {
          "blurb": "Ken Ham’s AiG blog on Givati Parking Lot Building 100 (possible Josiah-era chamber; Babylonian burn) is the closest verified City of David NT-layer coverage. Ark Encounter Jerusalem model is thematic NT context.",
          "aig": [
            {
              "title": "Biblical “Chamber” Identified in Jerusalem?",
              "url": "https://answersingenesis.org/blogs/ken-ham/2024/04/17/biblical-chamber-identified-in-jerusalem/",
              "summary": "Ken Ham summarizing Givati Parking Lot Building 100 as possible Josiah-era chamber with 586 BC burn layer.",
              "kind": "article"
            }
          ],
          "creation_museum": [],
          "ark_encounter": [
            {
              "title": "Update on Our Jerusalem Replica Project",
              "url": "https://arkencounter.com/blog/2023/05/04/update-our-jerusalem-replica-project/",
              "summary": "Ark Encounter ~2000 sq ft first-century Jerusalem model project for NT historical apologetics.",
              "exhibit_or_page": "First-century Jerusalem replica model"
            }
          ],
          "coverage": "site_specific",
          "researched_at": "2026-09-30"
        },
        "creation_ministry_blurb": "Ken Ham’s AiG blog on Givati Parking Lot Building 100 (possible Josiah-era chamber; Babylonian burn) is the closest verified City of David NT-layer coverage. Ark Encounter Jerusalem model is thematic NT context.",
        "creation_ministry_coverage": "site_specific",
        "creation_ministry_aig": [
          {
            "title": "Biblical “Chamber” Identified in Jerusalem?",
            "url": "https://answersingenesis.org/blogs/ken-ham/2024/04/17/biblical-chamber-identified-in-jerusalem/",
            "summary": "Ken Ham summarizing Givati Parking Lot Building 100 as possible Josiah-era chamber with 586 BC burn layer.",
            "kind": "article"
          }
        ],
        "creation_ministry_museum": [],
        "creation_ministry_ark": [
          {
            "title": "Update on Our Jerusalem Replica Project",
            "url": "https://arkencounter.com/blog/2023/05/04/update-our-jerusalem-replica-project/",
            "summary": "Ark Encounter ~2000 sq ft first-century Jerusalem model project for NT historical apologetics.",
            "exhibit_or_page": "First-century Jerusalem replica model"
          }
        ],
        "dig_halt": {
          "status": "no_halt_recorded",
          "date": null,
          "halted_by": null,
          "summary": "No dig halt is recorded for this site in the sources checked. High-profile halt searches prioritized Temple Mount restrictions, City of David/Silwan court orders, West Bank permit issues, Turkish foreign-mission suspensions, Jordan TeH, COVID project statements, and conflict interruptions (Syria/Iraq); this site did not yield a verified org/government stop-work or permit-revocation event.",
          "sources": []
        },
        "site_authority": {
          "name": "IAA + City of David (Givati / Area G)",
          "type": "mixed",
          "role": "Licenses excavations and oversees antiquities across Israel; regional offices handle site permits and finds.",
          "contact_name": null,
          "contact_title": "General inquiries (Mokedia)",
          "contact_email": null,
          "contact_phone": "077-9966726",
          "contact_url": "https://cityofdavid.org.il/en/contact-us/",
          "notes": "Givati Parking Lot excavations — IAA; visitor framing via City of David.",
          "official_website": "https://cityofdavid.org.il/en/"
        },
        "eras": [
          "Iron Age",
          "New Testament era",
          "Roman / Byzantine"
        ],
        "official_website": "https://cityofdavid.org.il/en/",
        "official_website_label": "City of David (Ir David / ELAD)",
        "status_kind": "visitor",
        "visitor_status": "open"
      }
    },
    {
      "type": "Feature",
      "geometry": {
        "type": "Point",
        "coordinates": [
          35.236657369394074,
          31.78055386237271
        ]
      },
      "properties": {
        "id": "JER-NT-05",
        "name": "Jerusalem — Bethesda / Sheep Gate Pools (St. Anne)",
        "layer": "nt_digs",
        "dig": "Excavations at the Pools of Bethesda (St. Anne’s Church compound)",
        "years": "19th c. discovery; major excavation phases 1870s–1960s; ongoing study",
        "region": "Judea/Jerusalem",
        "location": "Israel / Jerusalem / Muslim Quarter near Lions’ Gate / St. Anne",
        "mgrs": "36RYA11791829",
        "verses": "John 5:1–9",
        "found": "Twin-pool complex with porticoes; healing-shrine phases (Roman Asclepieion overlay debated); Byzantine church commemorating the miracle; Second Temple / Early Roman water installations.",
        "support": "STRONG site-type match: John’s five-portico pool near the Sheep Gate fits a real multi-basin complex. Exact ‘five porticoes’ architecture and miracle claim remain interpretive; archaeology confirms a major pool site where John places the healing.",
        "sources": "https://www.bibleodyssey.org/; Jerusalem archaeological literature on Bethesda; École Biblique / St. Anne publications",
        "notes": "Traditional identification widely accepted among biblical archaeologists; some layout details debated.",
        "status": "tourism conservation / completed historic core",
        "campaigns": 1,
        "confidence": "confirmed",
        "biblical_name": "Bethesda",
        "strongs_id": "G964",
        "strongs_lang": "G",
        "strongs_url": "https://www.blueletterbible.org/lexicon/g964/kjv/tr/0-1/",
        "strongs_lemma": "Βηθεσδά",
        "strongs_gloss": "house of mercy / flowing; pool",
        "creation_ministry": {
          "blurb": "No verified answersingenesis.org article specifically on the Pool of Bethesda / Sheep Gate excavations was found. CM Borderland and Ark Encounter Jerusalem model provide general first-century Jerusalem ministry framing only.",
          "aig": [],
          "creation_museum": [
            {
              "title": "New Exhibit Now Open at the Creation Museum",
              "url": "https://creationmuseum.org/blog/2021/07/08/new-exhibit-now-open-creation-museum/",
              "summary": "Announcement of Borderland: Israel at the Time of Jesus—first-century Israel context exhibit.",
              "exhibit_or_page": "Borderland: Israel at the Time of Jesus"
            }
          ],
          "ark_encounter": [
            {
              "title": "Update on Our Jerusalem Replica Project",
              "url": "https://arkencounter.com/blog/2023/05/04/update-our-jerusalem-replica-project/",
              "summary": "Ark Encounter ~2000 sq ft first-century Jerusalem model project for NT historical apologetics.",
              "exhibit_or_page": "First-century Jerusalem replica model"
            }
          ],
          "coverage": "theme_only",
          "researched_at": "2026-09-30"
        },
        "creation_ministry_blurb": "No verified answersingenesis.org article specifically on the Pool of Bethesda / Sheep Gate excavations was found. CM Borderland and Ark Encounter Jerusalem model provide general first-century Jerusalem ministry framing only.",
        "creation_ministry_coverage": "theme_only",
        "creation_ministry_aig": [],
        "creation_ministry_museum": [
          {
            "title": "New Exhibit Now Open at the Creation Museum",
            "url": "https://creationmuseum.org/blog/2021/07/08/new-exhibit-now-open-creation-museum/",
            "summary": "Announcement of Borderland: Israel at the Time of Jesus—first-century Israel context exhibit.",
            "exhibit_or_page": "Borderland: Israel at the Time of Jesus"
          }
        ],
        "creation_ministry_ark": [
          {
            "title": "Update on Our Jerusalem Replica Project",
            "url": "https://arkencounter.com/blog/2023/05/04/update-our-jerusalem-replica-project/",
            "summary": "Ark Encounter ~2000 sq ft first-century Jerusalem model project for NT historical apologetics.",
            "exhibit_or_page": "First-century Jerusalem replica model"
          }
        ],
        "dig_halt": {
          "status": "no_halt_recorded",
          "date": null,
          "halted_by": null,
          "summary": "No dig halt is recorded for this site in the sources checked. High-profile halt searches prioritized Temple Mount restrictions, City of David/Silwan court orders, West Bank permit issues, Turkish foreign-mission suspensions, Jordan TeH, COVID project statements, and conflict interruptions (Syria/Iraq); this site did not yield a verified org/government stop-work or permit-revocation event.",
          "sources": []
        },
        "site_authority": {
          "name": "White Fathers / St. Anne’s Church complex + IAA (Bethesda pools)",
          "type": "church",
          "role": "St. Anne’s / Bethesda archaeological remains on White Fathers property; antiquities under Israeli regulation.",
          "contact_name": null,
          "contact_title": "General inquiries (Mokedia)",
          "contact_email": null,
          "contact_phone": null,
          "contact_url": "https://www.iaa.org.il/en/page/contact-us",
          "notes": "Church property + IAA regulatory role. No dedicated public dig email verified; IAA contact used.",
          "official_website": "https://www.iaa.org.il/en"
        },
        "dig_status": "open",
        "eras": [
          "New Testament era",
          "Roman / Byzantine"
        ],
        "official_website": "https://www.iaa.org.il/en",
        "official_website_label": "Israel Antiquities Authority",
        "status_kind": "dig"
      }
    },
    {
      "type": "Feature",
      "geometry": {
        "type": "Point",
        "coordinates": [
          35.26596150622564,
          31.769934334754495
        ]
      },
      "properties": {
        "id": "BETH-01",
        "name": "Bethany (al-Eizariya / Bethany beyond the Mount of Olives)",
        "layer": "nt_digs",
        "dig": "Franciscan Excavations at Bethany (Lazarus tomb tradition complex)",
        "years": "1949–1953 (major); later conservation",
        "region": "Judea/Jerusalem",
        "location": "West Bank / al-Eizariya east of Jerusalem",
        "mgrs": "36RYA14591717",
        "verses": "John 11:1–44; John 12:1–8; Mark 11:1–2; Luke 10:38–42",
        "found": "Tomb complexes, Byzantine and Crusader church remains over earlier Jewish tombs; village occupation evidence; pilgrim installations tied to Lazarus tradition.",
        "support": "Background/tradition: confirms continuous Christian memory of Bethany as Lazarus/Martha/Mary village near Jerusalem. Tomb venerated from Byzantine times—does not archaeologically prove the raising of Lazarus; supports the place-name and pilgrimage geography of John 11.",
        "sources": "S. Saller, Excavations at Bethany (1949–1953); https://www.custodia.org/",
        "notes": "Arabic name al-Eizariya = ‘place of Lazarus’. Access politically sensitive.",
        "status": "tourism conservation / completed historic",
        "campaigns": 1,
        "confidence": "confirmed",
        "biblical_name": "Bethany",
        "strongs_id": "G963",
        "strongs_lang": "G",
        "strongs_url": "https://www.blueletterbible.org/lexicon/g963/kjv/tr/0-1/",
        "strongs_lemma": "Βηθανία",
        "strongs_gloss": "house of affliction / dates",
        "creation_ministry": {
          "blurb": "No site-specific AiG dig article verified. Creation Museum Borderland + Ark Encounter Jerusalem model provide first-century Jerusalem/Israel ministry theme only.",
          "aig": [],
          "creation_museum": [
            {
              "title": "New Exhibit Now Open at the Creation Museum",
              "url": "https://creationmuseum.org/blog/2021/07/08/new-exhibit-now-open-creation-museum/",
              "summary": "Announcement of Borderland: Israel at the Time of Jesus—first-century Israel context exhibit.",
              "exhibit_or_page": "Borderland: Israel at the Time of Jesus"
            }
          ],
          "ark_encounter": [
            {
              "title": "Update on Our Jerusalem Replica Project",
              "url": "https://arkencounter.com/blog/2023/05/04/update-our-jerusalem-replica-project/",
              "summary": "Ark Encounter ~2000 sq ft first-century Jerusalem model project for NT historical apologetics.",
              "exhibit_or_page": "First-century Jerusalem replica model"
            }
          ],
          "coverage": "theme_only",
          "researched_at": "2026-09-30"
        },
        "creation_ministry_blurb": "No site-specific AiG dig article verified. Creation Museum Borderland + Ark Encounter Jerusalem model provide first-century Jerusalem/Israel ministry theme only.",
        "creation_ministry_coverage": "theme_only",
        "creation_ministry_aig": [],
        "creation_ministry_museum": [
          {
            "title": "New Exhibit Now Open at the Creation Museum",
            "url": "https://creationmuseum.org/blog/2021/07/08/new-exhibit-now-open-creation-museum/",
            "summary": "Announcement of Borderland: Israel at the Time of Jesus—first-century Israel context exhibit.",
            "exhibit_or_page": "Borderland: Israel at the Time of Jesus"
          }
        ],
        "creation_ministry_ark": [
          {
            "title": "Update on Our Jerusalem Replica Project",
            "url": "https://arkencounter.com/blog/2023/05/04/update-our-jerusalem-replica-project/",
            "summary": "Ark Encounter ~2000 sq ft first-century Jerusalem model project for NT historical apologetics.",
            "exhibit_or_page": "First-century Jerusalem replica model"
          }
        ],
        "dig_halt": {
          "status": "no_halt_recorded",
          "date": null,
          "halted_by": null,
          "summary": "No dig halt is recorded for this site in the sources checked. High-profile halt searches prioritized Temple Mount restrictions, City of David/Silwan court orders, West Bank permit issues, Turkish foreign-mission suspensions, Jordan TeH, COVID project statements, and conflict interruptions (Syria/Iraq); this site did not yield a verified org/government stop-work or permit-revocation event.",
          "sources": []
        },
        "site_authority": {
          "name": "Palestinian Ministry of Tourism and Antiquities (MOTA) / Department of Antiquities and Cultural Heritage",
          "type": "national_antiquities",
          "role": "Palestinian Authority antiquities administration for sites under PA administration.",
          "contact_name": null,
          "contact_title": null,
          "contact_email": null,
          "contact_phone": null,
          "contact_url": "https://www.travelpalestine.ps/",
          "notes": "Bethany/al-Eizariya — PA area; Franciscan custody traditions for Lazarium.",
          "official_website": "https://www.travelpalestine.ps/"
        },
        "dig_status": "open",
        "eras": [
          "New Testament era",
          "Roman / Byzantine"
        ],
        "official_website": "https://www.travelpalestine.ps/",
        "official_website_label": "Palestinian Ministry of Tourism and Antiquities (MOTA) / Department of Antiquities and Cultural Heritage",
        "status_kind": "dig"
      }
    },
    {
      "type": "Feature",
      "geometry": {
        "type": "Point",
        "coordinates": [
          35.24355756980303,
          31.7777267228062
        ]
      },
      "properties": {
        "id": "OLIV-01",
        "name": "Mount of Olives — Tombs and Dominus Flevit",
        "layer": "nt_digs",
        "dig": "Dominus Flevit Necropolis Excavations",
        "years": "1953–1955",
        "region": "Judea/Jerusalem",
        "location": "Israel / Jerusalem / Mount of Olives western slope",
        "mgrs": "36RYA12451799",
        "verses": "Matthew 26:30; Mark 14:26; Luke 19:37–44; John 18:1; Acts 1:9–12",
        "found": "Large Jewish necropolis (ossuaries, kokhim tombs) of late Second Temple period; inscriptions (some debated Christian-era readings); Byzantine monastery/church commemorating Jesus weeping over Jerusalem.",
        "support": "Background: documents Jewish burial customs on the Mount of Olives in Jesus’ era—the landscape of Gethsemane approaches and Acts’ Ascension tradition. Ossuary/inscription Christian claims are often overstated; main value is real Second Temple cemetery geography.",
        "sources": "Bagatti & Milik, Gli scavi del ‘Dominus Flevit’; https://www.custodia.org/",
        "notes": "Honest: some early ‘Judeo-Christian’ inscription readings are contested.",
        "status": "tourism conservation / completed historic",
        "campaigns": 1,
        "confidence": "confirmed",
        "biblical_name": "Olivet",
        "strongs_id": "G1638",
        "strongs_lang": "G",
        "strongs_url": "https://www.blueletterbible.org/lexicon/g1638/kjv/tr/0-1/",
        "strongs_lemma": "ἐλαιών",
        "strongs_gloss": "olive grove; Mount of Olives",
        "creation_ministry": {
          "blurb": "No site-specific AiG / Creation Museum / Ark Encounter page was verified for this NT site. CM Borderland and Ark Encounter’s Jerusalem model are thematic NT ministry exhibits only—not dig reports for this coordinate.",
          "aig": [],
          "creation_museum": [],
          "ark_encounter": [],
          "coverage": "none_found",
          "researched_at": "2026-09-30"
        },
        "creation_ministry_blurb": "No site-specific AiG / Creation Museum / Ark Encounter page was verified for this NT site. CM Borderland and Ark Encounter’s Jerusalem model are thematic NT ministry exhibits only—not dig reports for this coordinate.",
        "creation_ministry_coverage": "none_found",
        "creation_ministry_aig": [],
        "creation_ministry_museum": [],
        "creation_ministry_ark": [],
        "dig_halt": {
          "status": "no_halt_recorded",
          "date": null,
          "halted_by": null,
          "summary": "No dig halt is recorded for this site in the sources checked. High-profile halt searches prioritized Temple Mount restrictions, City of David/Silwan court orders, West Bank permit issues, Turkish foreign-mission suspensions, Jordan TeH, COVID project statements, and conflict interruptions (Syria/Iraq); this site did not yield a verified org/government stop-work or permit-revocation event.",
          "sources": []
        },
        "site_authority": {
          "name": "Custody of the Holy Land (Franciscan) + IAA (Mount of Olives tombs / Dominus Flevit)",
          "type": "church",
          "role": "Franciscan Custody manages many Holy Land shrines; IAA regulates antiquities.",
          "contact_name": null,
          "contact_title": "General inquiries (Mokedia)",
          "contact_email": null,
          "contact_phone": null,
          "contact_url": "https://www.custodia.org/",
          "notes": "Church custody + IAA.",
          "official_website": "https://www.custodia.org/"
        },
        "dig_status": "open",
        "eras": [
          "New Testament era",
          "Roman / Byzantine"
        ],
        "official_website": "https://www.custodia.org/",
        "official_website_label": "Custody of the Holy Land (Franciscan) + IAA (Mount of Olives tombs / Dominus Flevit)",
        "status_kind": "dig"
      }
    },
    {
      "type": "Feature",
      "geometry": {
        "type": "Point",
        "coordinates": [
          35.24138563425312,
          31.665657567233453
        ]
      },
      "properties": {
        "id": "HEROD-01",
        "name": "Herodium (Herodion)",
        "layer": "nt_digs",
        "dig": "Hebrew University / Netzer Herodium Excavations",
        "years": "1972–1987; renewed 1997–2010 (tomb announcement 2007); continuing study",
        "region": "Judea/Jerusalem",
        "location": "West Bank / near Bethlehem / Gush Etzion area",
        "mgrs": "36RYA12500556",
        "verses": "Matthew 2:1–19 (Herod the Great context); Luke 1:5",
        "found": "Palace-fortress of Herod the Great; theater; monumental stair; proposed Herodian mausoleum/tomb complex (2007); mikva’ot; frescoes; First Jewish Revolt occupation debris.",
        "support": "STRONG background for Herod the Great—the king of Matthew 2. Architecture matches Josephus’ description of Herodium. Tomb identification debated among specialists; Herod’s historicity and building program are certain.",
        "sources": "E. Netzer, The Architecture of Herod; https://www.biblicalarchaeology.org/; Hebrew University Herodium publications",
        "notes": "Netzer died 2010 after fall at site. Tomb attribution still discussed.",
        "status": "tourism conservation / research ongoing",
        "campaigns": 1,
        "confidence": "confirmed",
        "biblical_name": null,
        "strongs_id": null,
        "strongs_lang": null,
        "strongs_url": null,
        "strongs_lemma": null,
        "strongs_gloss": null,
        "strongs_null_reason": "Herodian fortress name; not an NT place-name lemma",
        "creation_ministry": {
          "blurb": "AiG’s “Three Dead Rulers, One Risen King” notes a Herodium copper ring inscribed Pilato among Herodian/Pilate-era finds. Limited site-specific ministry mention—not a full Herodium tomb monograph.",
          "aig": [
            {
              "title": "Three Dead Rulers, One Risen King",
              "url": "https://answersingenesis.org/jesus/three-dead-rulers-one-risen-king/",
              "summary": "AiG notes Herodium copper ring with Pilato name among Herodian/Pilate-era finds.",
              "kind": "article"
            }
          ],
          "creation_museum": [],
          "ark_encounter": [],
          "coverage": "site_specific",
          "researched_at": "2026-09-30"
        },
        "creation_ministry_blurb": "AiG’s “Three Dead Rulers, One Risen King” notes a Herodium copper ring inscribed Pilato among Herodian/Pilate-era finds. Limited site-specific ministry mention—not a full Herodium tomb monograph.",
        "creation_ministry_coverage": "site_specific",
        "creation_ministry_aig": [
          {
            "title": "Three Dead Rulers, One Risen King",
            "url": "https://answersingenesis.org/jesus/three-dead-rulers-one-risen-king/",
            "summary": "AiG notes Herodium copper ring with Pilato name among Herodian/Pilate-era finds.",
            "kind": "article"
          }
        ],
        "creation_ministry_museum": [],
        "creation_ministry_ark": [],
        "dig_halt": {
          "status": "no_halt_recorded",
          "date": null,
          "halted_by": null,
          "summary": "No dig halt is recorded for this site in the sources checked. High-profile halt searches prioritized Temple Mount restrictions, City of David/Silwan court orders, West Bank permit issues, Turkish foreign-mission suspensions, Jordan TeH, COVID project statements, and conflict interruptions (Syria/Iraq); this site did not yield a verified org/government stop-work or permit-revocation event.",
          "sources": []
        },
        "site_authority": {
          "name": "INPA (Herodium National Park) + IAA",
          "type": "mixed",
          "role": "Licenses excavations and oversees antiquities across Israel; regional offices handle site permits and finds.",
          "contact_name": null,
          "contact_title": "General inquiries (Mokedia)",
          "contact_email": "moked@npa.org.il",
          "contact_phone": "*3639",
          "contact_url": "https://en.parks.org.il/",
          "notes": "Herodium National Park — INPA + IAA. West Bank location; park operated by INPA.",
          "official_website": "https://en.parks.org.il/reserve-park/herodium-park/"
        },
        "dig_status": "open",
        "eras": [
          "Roman / Byzantine",
          "New Testament era"
        ],
        "official_website": "https://en.parks.org.il/reserve-park/herodium-park/",
        "official_website_label": "INPA — Herodium Park",
        "official_video_embed": "https://www.youtube.com/embed/tgK-QF7TQM0",
        "official_video_source": "https://en.parks.org.il/reserve-park/herodium-park/",
        "official_video_provider": "youtube",
        "status_kind": "dig"
      }
    },
    {
      "type": "Feature",
      "geometry": {
        "type": "Point",
        "coordinates": [
          35.353235380879426,
          31.31559759420806
        ]
      },
      "properties": {
        "id": "MAS-NT-01",
        "name": "Masada",
        "layer": "nt_digs",
        "dig": "Yadin Masada Expedition (NT / Josephus-period focus)",
        "years": "1963–1965 (main); later seasons and conservation",
        "region": "Judea/Jerusalem",
        "location": "Israel / Judean Desert / Dead Sea western shore",
        "mgrs": "36RYV23946697",
        "verses": "(No direct NT narrative); Josephus Jewish War 7; Luke 3:1 (Herodian tetrarchy context); Acts 21–26 (Roman Judea background)",
        "found": "Herodian palaces; casemate walls; synagogue; mikva’ot; scroll fragments; rebel dwellings; Roman siege camps and ramp—material of the 66–73 CE revolt Josephus narrates.",
        "support": "STRONG background for late NT-era Judea: Herod’s fortress, Jewish revolt, and Roman siege illuminate the world after Acts and the ‘wars and rumors’ climate of the Gospels’ apocalyptic sayings. Not a Gospel story site; essential Josephus-era archaeology.",
        "sources": "Y. Yadin, Masada; https://www.parks.org.il/; Netzer Masada reports",
        "notes": "Cross-era: Herodian build + First Revolt end. UNESCO site.",
        "status": "tourism conservation / completed historic core",
        "campaigns": 1,
        "confidence": "confirmed",
        "biblical_name": null,
        "strongs_id": null,
        "strongs_lang": null,
        "strongs_url": null,
        "strongs_lemma": null,
        "strongs_gloss": null,
        "strongs_null_reason": "Josephus-era fortress; not an NT place lemma",
        "creation_ministry": {
          "blurb": "AiG travel blog notes Masada alongside Dead Sea Scrolls itinerary points. Not a site-specific excavation analysis; CM/Ark Masada exhibit pages not found.",
          "aig": [
            {
              "title": "Masada, Ein Gedi, Dead Sea Scrolls, and Abraham’s Tent",
              "url": "https://answersingenesis.org/blogs/international-outreach/2010/10/22/masada-ein-gedi-dead-sea-scrolls-and-abrahams-tent/",
              "summary": "AiG travel/outreach blog mentioning Masada and Dead Sea Scrolls/Qumran context.",
              "kind": "article"
            }
          ],
          "creation_museum": [],
          "ark_encounter": [],
          "coverage": "theme_only",
          "researched_at": "2026-09-30"
        },
        "creation_ministry_blurb": "AiG travel blog notes Masada alongside Dead Sea Scrolls itinerary points. Not a site-specific excavation analysis; CM/Ark Masada exhibit pages not found.",
        "creation_ministry_coverage": "theme_only",
        "creation_ministry_aig": [
          {
            "title": "Masada, Ein Gedi, Dead Sea Scrolls, and Abraham’s Tent",
            "url": "https://answersingenesis.org/blogs/international-outreach/2010/10/22/masada-ein-gedi-dead-sea-scrolls-and-abrahams-tent/",
            "summary": "AiG travel/outreach blog mentioning Masada and Dead Sea Scrolls/Qumran context.",
            "kind": "article"
          }
        ],
        "creation_ministry_museum": [],
        "creation_ministry_ark": [],
        "dig_halt": {
          "status": "no_halt_recorded",
          "date": null,
          "halted_by": null,
          "summary": "No dig halt is recorded for this site in the sources checked. High-profile halt searches prioritized Temple Mount restrictions, City of David/Silwan court orders, West Bank permit issues, Turkish foreign-mission suspensions, Jordan TeH, COVID project statements, and conflict interruptions (Syria/Iraq); this site did not yield a verified org/government stop-work or permit-revocation event.",
          "sources": []
        },
        "site_authority": {
          "name": "INPA (Masada National Park) + IAA",
          "type": "mixed",
          "role": "INPA manages national-park visitor operations; IAA oversees antiquities and excavations within parks.",
          "contact_name": null,
          "contact_title": "INPA information / reservations",
          "contact_email": "moked@npa.org.il",
          "contact_phone": "*3639",
          "contact_url": "https://en.parks.org.il/",
          "notes": "Same Masada park as OT pin.",
          "official_website": "https://en.parks.org.il/reserve-park/masada-national-park/"
        },
        "dig_status": "open",
        "eras": [
          "Roman / Byzantine",
          "New Testament era"
        ],
        "official_website": "https://en.parks.org.il/reserve-park/masada-national-park/",
        "official_website_label": "INPA — Masada National Park",
        "official_video_embed": "https://www.youtube.com/embed/R1i3X9QuyN4",
        "official_video_source": "https://en.parks.org.il/reserve-park/masada-national-park/",
        "official_video_provider": "youtube",
        "status_kind": "dig"
      }
    },
    {
      "type": "Feature",
      "geometry": {
        "type": "Point",
        "coordinates": [
          35.20738708673438,
          31.703950917336396
        ]
      },
      "properties": {
        "id": "BETHL-01",
        "name": "Bethlehem — Church of the Nativity / early Christian complex",
        "layer": "nt_digs",
        "dig": "Church of the Nativity Archaeological Studies and Under-floor Probes",
        "years": "1932–1934 (Harvey); UNESCO/restoration archaeology 2010s",
        "region": "Judea/Jerusalem",
        "location": "West Bank / Bethlehem",
        "mgrs": "36RYA09190974",
        "verses": "Matthew 2:1–18; Luke 2:1–20; John 7:42",
        "found": "Constantinian and Justinianic church over a cave traditionally identified as Jesus’ birthplace; earlier quarry/cave use; mosaic floors; no unambiguous first-century ‘manger house’ strata published as smoking-gun.",
        "support": "Background/tradition: continuous Christian veneration from at least the 4th century at a Bethlehem cave. Archaeology confirms early pilgrim memory, not a first-century census inscription or infant remains. Micah 5:2 / Gospel Bethlehem claim is textual; digs show the shrine history.",
        "sources": "W. Harvey, Structural Survey of the Church of the Nativity; UNESCO Nativity reports; https://whc.unesco.org/",
        "notes": "Honest: first-century domestic proof of the Nativity event is not what the digs provide.",
        "status": "tourism conservation / UNESCO restoration",
        "campaigns": 1,
        "confidence": "confirmed",
        "biblical_name": "Bethlehem",
        "strongs_id": "G965",
        "strongs_lang": "G",
        "strongs_url": "https://www.blueletterbible.org/lexicon/g965/kjv/tr/0-1/",
        "strongs_lemma": "Βηθλέεμ",
        "strongs_gloss": "house of bread",
        "creation_ministry": {
          "blurb": "AiG’s Bethlehem coverage in this survey is primarily prophetic/theological (“Messiah’s Birthplace Foretold”), not a Church of the Nativity excavation report. CM Borderland adds NT Israel theme context only.",
          "aig": [
            {
              "title": "The Messiah’s Birthplace Foretold",
              "url": "https://answersingenesis.org/jesus/the-messiahs-birthplace-foretold/",
              "summary": "AiG theological/prophetic treatment of Bethlehem as Messiah birthplace (limited site archaeology).",
              "kind": "article"
            }
          ],
          "creation_museum": [
            {
              "title": "New Exhibit Now Open at the Creation Museum",
              "url": "https://creationmuseum.org/blog/2021/07/08/new-exhibit-now-open-creation-museum/",
              "summary": "Announcement of Borderland: Israel at the Time of Jesus—first-century Israel context exhibit.",
              "exhibit_or_page": "Borderland: Israel at the Time of Jesus"
            }
          ],
          "ark_encounter": [],
          "coverage": "theme_only",
          "researched_at": "2026-09-30"
        },
        "creation_ministry_blurb": "AiG’s Bethlehem coverage in this survey is primarily prophetic/theological (“Messiah’s Birthplace Foretold”), not a Church of the Nativity excavation report. CM Borderland adds NT Israel theme context only.",
        "creation_ministry_coverage": "theme_only",
        "creation_ministry_aig": [
          {
            "title": "The Messiah’s Birthplace Foretold",
            "url": "https://answersingenesis.org/jesus/the-messiahs-birthplace-foretold/",
            "summary": "AiG theological/prophetic treatment of Bethlehem as Messiah birthplace (limited site archaeology).",
            "kind": "article"
          }
        ],
        "creation_ministry_museum": [
          {
            "title": "New Exhibit Now Open at the Creation Museum",
            "url": "https://creationmuseum.org/blog/2021/07/08/new-exhibit-now-open-creation-museum/",
            "summary": "Announcement of Borderland: Israel at the Time of Jesus—first-century Israel context exhibit.",
            "exhibit_or_page": "Borderland: Israel at the Time of Jesus"
          }
        ],
        "creation_ministry_ark": [],
        "dig_halt": {
          "status": "no_halt_recorded",
          "date": null,
          "halted_by": null,
          "summary": "No dig halt is recorded for this site in the sources checked. High-profile halt searches prioritized Temple Mount restrictions, City of David/Silwan court orders, West Bank permit issues, Turkish foreign-mission suspensions, Jordan TeH, COVID project statements, and conflict interruptions (Syria/Iraq); this site did not yield a verified org/government stop-work or permit-revocation event.",
          "sources": []
        },
        "site_authority": {
          "name": "Status Quo churches (Greek Orthodox, Armenian, Catholic Franciscan) + Palestinian MOTA (Church of the Nativity)",
          "type": "church",
          "role": "Nativity church under multi-denomination Status Quo; UNESCO WH; PA tourism context.",
          "contact_name": null,
          "contact_title": null,
          "contact_email": null,
          "contact_phone": null,
          "contact_url": "https://whc.unesco.org/en/list/1433/",
          "notes": "Multi-church Status Quo — no single dig office.",
          "official_website": "https://whc.unesco.org/en/list/1433/"
        },
        "eras": [
          "New Testament era"
        ],
        "official_website": "https://whc.unesco.org/en/list/1433/",
        "official_website_label": "UNESCO — Church of the Nativity, Bethlehem",
        "status_kind": "visitor",
        "visitor_status": "open"
      }
    },
    {
      "type": "Feature",
      "geometry": {
        "type": "Point",
        "coordinates": [
          35.57495958491488,
          32.88023622571864
        ]
      },
      "properties": {
        "id": "CAP-01,CAP-02",
        "name": "Capernaum (Kefar Nahum)",
        "layer": "nt_digs",
        "dig": "Kohl–Watzinger Synagogue Clearance",
        "years": "1905",
        "region": "Galilee",
        "location": "Israel / NW Sea of Galilee / Franciscan property",
        "mgrs": "36SYB40904095",
        "verses": "Matthew 4:13; Mark 1:21–34; Luke 4:31–41; John 6:24–59",
        "found": "Initial scientific clearance of the white limestone synagogue; architectural documentation that framed later Franciscan work.",
        "support": "Background: established Capernaum synagogue as a real monumental ruin at the Gospel ‘home base’ town. The visible synagogue is later (4th–5th c. limestone); first-century phase debated under later floors.",
        "sources": "Kohl & Watzinger, Antike Synagogen in Galilaea (1916); Corbo, Cafarnao I; Loffreda Cafarnao pottery volumes; https://www.custodia.org/en/sanctuaries/capernaum/",
        "notes": "Foundational survey; dating of white synagogue refined by Corbo/Loffreda.",
        "status": "completed historic",
        "campaigns": 2,
        "confidence": "confirmed",
        "biblical_name": "Capernaum",
        "strongs_id": "G2584",
        "strongs_lang": "G",
        "strongs_url": "https://www.blueletterbible.org/lexicon/g2584/kjv/tr/0-1/",
        "strongs_lemma": "Καπερναούμ",
        "strongs_gloss": "village of comfort; Jesus’ Galilee base",
        "creation_ministry": {
          "blurb": "Ken Ham’s AiG blog on Galilee synagogue archaeology is the closest verified Capernaum-region coverage; no Capernaum “House of Peter” monographic AiG page verified. CM Borderland supplies NT Galilee thematic exhibit context.",
          "aig": [
            {
              "title": "Archaeological Find Confirms the New Testament",
              "url": "https://answersingenesis.org/blogs/ken-ham/2016/08/28/archaeological-find-confirms-new-testament/",
              "summary": "Ken Ham on Galilee first-century synagogue finds used as NT-era context.",
              "kind": "article"
            }
          ],
          "creation_museum": [
            {
              "title": "New Exhibit Now Open at the Creation Museum",
              "url": "https://creationmuseum.org/blog/2021/07/08/new-exhibit-now-open-creation-museum/",
              "summary": "Announcement of Borderland: Israel at the Time of Jesus—first-century Israel context exhibit.",
              "exhibit_or_page": "Borderland: Israel at the Time of Jesus"
            }
          ],
          "ark_encounter": [],
          "coverage": "theme_only",
          "researched_at": "2026-09-30"
        },
        "creation_ministry_blurb": "Ken Ham’s AiG blog on Galilee synagogue archaeology is the closest verified Capernaum-region coverage; no Capernaum “House of Peter” monographic AiG page verified. CM Borderland supplies NT Galilee thematic exhibit context.",
        "creation_ministry_coverage": "theme_only",
        "creation_ministry_aig": [
          {
            "title": "Archaeological Find Confirms the New Testament",
            "url": "https://answersingenesis.org/blogs/ken-ham/2016/08/28/archaeological-find-confirms-new-testament/",
            "summary": "Ken Ham on Galilee first-century synagogue finds used as NT-era context.",
            "kind": "article"
          }
        ],
        "creation_ministry_museum": [
          {
            "title": "New Exhibit Now Open at the Creation Museum",
            "url": "https://creationmuseum.org/blog/2021/07/08/new-exhibit-now-open-creation-museum/",
            "summary": "Announcement of Borderland: Israel at the Time of Jesus—first-century Israel context exhibit.",
            "exhibit_or_page": "Borderland: Israel at the Time of Jesus"
          }
        ],
        "creation_ministry_ark": [],
        "dig_halt": {
          "status": "no_halt_recorded",
          "date": null,
          "halted_by": null,
          "summary": "No dig halt is recorded for this site in the sources checked. High-profile halt searches prioritized Temple Mount restrictions, City of David/Silwan court orders, West Bank permit issues, Turkish foreign-mission suspensions, Jordan TeH, COVID project statements, and conflict interruptions (Syria/Iraq); this site did not yield a verified org/government stop-work or permit-revocation event.",
          "sources": []
        },
        "site_authority": {
          "name": "Franciscan Custody of the Holy Land (Capernaum) + IAA",
          "type": "church",
          "role": "Franciscan property at Capernaum with synagogue/insula excavations; IAA regulatory role.",
          "contact_name": null,
          "contact_title": "General inquiries (Mokedia)",
          "contact_email": null,
          "contact_phone": "073-3507350",
          "contact_url": "https://www.custodia.org/",
          "notes": "Primary site management is Franciscan Custody; IAA for antiquities regulation.",
          "official_website": "https://en.parks.org.il/reserve-park/kfar-nahum-capernaum-national-park/"
        },
        "dig_status": "open",
        "eras": [
          "New Testament era"
        ],
        "official_website": "https://en.parks.org.il/reserve-park/kfar-nahum-capernaum-national-park/",
        "official_website_label": "INPA — Kfar Nahum (Capernaum) National Park",
        "status_kind": "dig"
      }
    },
    {
      "type": "Feature",
      "geometry": {
        "type": "Point",
        "coordinates": [
          35.57690278121223,
          32.88091752093467
        ]
      },
      "properties": {
        "id": "CAP-03",
        "name": "Capernaum — Greek Orthodox property (eastern)",
        "layer": "nt_digs",
        "dig": "Tzaferis Eastern Capernaum Excavations",
        "years": "1978–1982 (main reported seasons; related work into 1980s)",
        "region": "Galilee",
        "location": "Israel / NW Sea of Galilee / Greek Orthodox Capernaum",
        "mgrs": "36SYB41084103",
        "verses": "Matthew 4:13; Mark 2:1; Luke 7:1–10",
        "found": "Domestic structures; harbor/jetty remains; Late Roman–Byzantine and earlier occupation on eastern parcel—complements Franciscan western dig.",
        "support": "Background: enlarges picture of Capernaum as a lakeside fishing/trade village fitting Gospel setting of boats, customs, and centurion (Luke 7) context.",
        "sources": "V. Tzaferis excavation reports; Creighton Capernaum VR summaries; https://www.bibleplaces.com/capernaum/; https://www.custodia.org/en/sanctuaries/capernaum/; Corbo, Cafarnao I; Loffreda pottery vols",
        "notes": "Two land parcels = two dig authorities.",
        "status": "tourism conservation / completed historic",
        "campaigns": 1,
        "confidence": "confirmed",
        "biblical_name": "Capernaum",
        "strongs_id": "G2584",
        "strongs_lang": "G",
        "strongs_url": "https://www.blueletterbible.org/lexicon/g2584/kjv/tr/0-1/",
        "strongs_lemma": "Καπερναούμ",
        "strongs_gloss": "village of comfort",
        "creation_ministry": {
          "blurb": "Ken Ham’s AiG blog on Galilee synagogue archaeology is the closest verified Capernaum-region coverage; no Capernaum “House of Peter” monographic AiG page verified. CM Borderland supplies NT Galilee thematic exhibit context.",
          "aig": [
            {
              "title": "Archaeological Find Confirms the New Testament",
              "url": "https://answersingenesis.org/blogs/ken-ham/2016/08/28/archaeological-find-confirms-new-testament/",
              "summary": "Ken Ham on Galilee first-century synagogue finds used as NT-era context.",
              "kind": "article"
            }
          ],
          "creation_museum": [
            {
              "title": "New Exhibit Now Open at the Creation Museum",
              "url": "https://creationmuseum.org/blog/2021/07/08/new-exhibit-now-open-creation-museum/",
              "summary": "Announcement of Borderland: Israel at the Time of Jesus—first-century Israel context exhibit.",
              "exhibit_or_page": "Borderland: Israel at the Time of Jesus"
            }
          ],
          "ark_encounter": [],
          "coverage": "theme_only",
          "researched_at": "2026-09-30"
        },
        "creation_ministry_blurb": "Ken Ham’s AiG blog on Galilee synagogue archaeology is the closest verified Capernaum-region coverage; no Capernaum “House of Peter” monographic AiG page verified. CM Borderland supplies NT Galilee thematic exhibit context.",
        "creation_ministry_coverage": "theme_only",
        "creation_ministry_aig": [
          {
            "title": "Archaeological Find Confirms the New Testament",
            "url": "https://answersingenesis.org/blogs/ken-ham/2016/08/28/archaeological-find-confirms-new-testament/",
            "summary": "Ken Ham on Galilee first-century synagogue finds used as NT-era context.",
            "kind": "article"
          }
        ],
        "creation_ministry_museum": [
          {
            "title": "New Exhibit Now Open at the Creation Museum",
            "url": "https://creationmuseum.org/blog/2021/07/08/new-exhibit-now-open-creation-museum/",
            "summary": "Announcement of Borderland: Israel at the Time of Jesus—first-century Israel context exhibit.",
            "exhibit_or_page": "Borderland: Israel at the Time of Jesus"
          }
        ],
        "creation_ministry_ark": [],
        "dig_halt": {
          "status": "no_halt_recorded",
          "date": null,
          "halted_by": null,
          "summary": "No dig halt is recorded for this site in the sources checked. High-profile halt searches prioritized Temple Mount restrictions, City of David/Silwan court orders, West Bank permit issues, Turkish foreign-mission suspensions, Jordan TeH, COVID project statements, and conflict interruptions (Syria/Iraq); this site did not yield a verified org/government stop-work or permit-revocation event.",
          "sources": []
        },
        "site_authority": {
          "name": "Greek Orthodox Patriarchate of Jerusalem (eastern Capernaum) + IAA",
          "type": "church",
          "role": "Licenses excavations and oversees antiquities across Israel; regional offices handle site permits and finds.",
          "contact_name": null,
          "contact_title": "General inquiries (Mokedia)",
          "contact_email": "mokediaa@israntique.org.il",
          "contact_phone": "073-3507350",
          "contact_url": "https://en.jerusalem-patriarchate.info/",
          "notes": "Eastern Capernaum property under Greek Orthodox; IAA regulatory.",
          "official_website": "https://en.parks.org.il/reserve-park/kfar-nahum-capernaum-national-park/"
        },
        "dig_status": "open",
        "eras": [
          "New Testament era",
          "Roman / Byzantine"
        ],
        "official_website": "https://en.parks.org.il/reserve-park/kfar-nahum-capernaum-national-park/",
        "official_website_label": "INPA — Kfar Nahum (Capernaum) National Park",
        "status_kind": "dig"
      }
    },
    {
      "type": "Feature",
      "geometry": {
        "type": "Point",
        "coordinates": [
          35.51137652523835,
          32.83851887487917
        ]
      },
      "properties": {
        "id": "MAG-01,MAG-02",
        "name": "Magdala (Migdal)",
        "layer": "nt_digs",
        "dig": "IAA Magdala Salvage Excavation (Synagogue & Magdala Stone)",
        "years": "2009",
        "region": "Galilee",
        "location": "Israel / W Sea of Galilee / Migdal beach",
        "mgrs": "36SYB35063618",
        "verses": "Luke 8:2; Mark 15:40; Matthew 15:39 (Dalmanutha/Magadan variants); Mark 8:10",
        "found": "First-century synagogue with mosaic and frescoed walls; Magdala Stone carved with seven-branched menorah and Temple motifs—rare pre-70 CE synagogue art.",
        "support": "STRONG background for Galilean Jewish life in Jesus’ day: a working synagogue while the Jerusalem Temple still stood. Ties Mary Magdalene’s hometown to a real urban Jewish center. Does not prove Gospel miracle stories at Magdala.",
        "sources": "Avshalom-Gorni et al., IAA Magdala synagogue announcements (~2009); Zapata-Meza et al., Atiqot 90 (2018) Magdala Archaeological Project preliminary report (Universidad Anáhuac México); Archaeopress Magdala volumes; Early Christianity peer literature",
        "notes": "Salvage dig before pilgrim hotel; plans redesigned around finds.",
        "status": "tourism conservation",
        "campaigns": 2,
        "confidence": "confirmed",
        "biblical_name": "Magdala",
        "strongs_id": "G3093",
        "strongs_lang": "G",
        "strongs_url": "https://www.blueletterbible.org/lexicon/g3093/kjv/tr/0-1/",
        "strongs_lemma": "Μαγδαλά",
        "strongs_gloss": "tower; lakeside town",
        "creation_ministry": {
          "blurb": "No site-specific AiG page verified for this Galilee/Israel NT site. Creation Museum Borderland (Israel at the Time of Jesus) is thematic ministry exhibit context only.",
          "aig": [],
          "creation_museum": [
            {
              "title": "New Exhibit Now Open at the Creation Museum",
              "url": "https://creationmuseum.org/blog/2021/07/08/new-exhibit-now-open-creation-museum/",
              "summary": "Announcement of Borderland: Israel at the Time of Jesus—first-century Israel context exhibit.",
              "exhibit_or_page": "Borderland: Israel at the Time of Jesus"
            }
          ],
          "ark_encounter": [],
          "coverage": "theme_only",
          "researched_at": "2026-09-30"
        },
        "creation_ministry_blurb": "No site-specific AiG page verified for this Galilee/Israel NT site. Creation Museum Borderland (Israel at the Time of Jesus) is thematic ministry exhibit context only.",
        "creation_ministry_coverage": "theme_only",
        "creation_ministry_aig": [],
        "creation_ministry_museum": [
          {
            "title": "New Exhibit Now Open at the Creation Museum",
            "url": "https://creationmuseum.org/blog/2021/07/08/new-exhibit-now-open-creation-museum/",
            "summary": "Announcement of Borderland: Israel at the Time of Jesus—first-century Israel context exhibit.",
            "exhibit_or_page": "Borderland: Israel at the Time of Jesus"
          }
        ],
        "creation_ministry_ark": [],
        "dig_halt": {
          "status": "no_halt_recorded",
          "date": null,
          "halted_by": null,
          "summary": "No dig halt is recorded for this site in the sources checked. High-profile halt searches prioritized Temple Mount restrictions, City of David/Silwan court orders, West Bank permit issues, Turkish foreign-mission suspensions, Jordan TeH, COVID project statements, and conflict interruptions (Syria/Iraq); this site did not yield a verified org/government stop-work or permit-revocation event.",
          "sources": []
        },
        "site_authority": {
          "name": "IAA + Magdala Center / Legionaries of Christ site development context",
          "type": "mixed",
          "role": "Licenses excavations and oversees antiquities across Israel; regional offices handle site permits and finds.",
          "contact_name": null,
          "contact_title": "General inquiries (Mokedia)",
          "contact_email": "mokediaa@israntique.org.il",
          "contact_phone": "073-3507350",
          "contact_url": "https://www.iaa.org.il/en/page/contact-us",
          "notes": "Magdala excavations under IAA; Magdala Center operates visitor campus.",
          "official_website": "https://www.magdala.org/"
        },
        "eras": [
          "New Testament era"
        ],
        "official_website": "https://www.magdala.org/",
        "official_website_label": "Magdala — Duc in Altum / Magdala Center",
        "official_video_embed": "https://www.youtube.com/embed/GLDTVmO9bmc",
        "official_video_source": "https://www.magdala.org/",
        "official_video_provider": "youtube",
        "status_kind": "visitor",
        "visitor_status": "open"
      }
    },
    {
      "type": "Feature",
      "geometry": {
        "type": "Point",
        "coordinates": [
          35.28071895585035,
          32.7532113109217
        ]
      },
      "properties": {
        "id": "SEP-01",
        "name": "Sepphoris (Zippori / Diocaesarea)",
        "layer": "nt_digs",
        "dig": "University of South Florida / Duke / Hebrew University Sepphoris Excavations",
        "years": "1983–present (multi-team, multi-decade)",
        "region": "Galilee",
        "location": "Israel / Lower Galilee / near Nazareth",
        "mgrs": "36SYB13672623",
        "verses": "(Not named in NT); Matthew 13:55 / Mark 6:3 (tekton context often linked); John 2:1 (Cana region)",
        "found": "Hellenistic–Roman–Byzantine city; theater; Nile mosaic / ‘Mona Lisa of Galilee’; mansions; Jewish ritual baths; cardo; evidence of major urban center in Jesus’ lifetime ~6 km from Nazareth.",
        "support": "Background (important): Sepphoris was the big Herodian/Roman city next door to Nazareth—explains a bilingual, building-trade Galilee. NT never names it; scholars debate how much Jesus ‘knew’ the city. Strong for social setting, not a Gospel pericope site.",
        "sources": "https://www.bibleodyssey.org/; Meyers & Meyers Sepphoris reports; Z. Weiss publications; https://www.parks.org.il/",
        "notes": "Do not claim ‘Jesus worked here’ as proven—only plausible regional context.",
        "status": "tourism conservation / intermittent research",
        "campaigns": 1,
        "confidence": "confirmed",
        "biblical_name": null,
        "strongs_id": null,
        "strongs_lang": null,
        "strongs_url": null,
        "strongs_lemma": null,
        "strongs_gloss": null,
        "strongs_null_reason": "Not named in the NT",
        "creation_ministry": {
          "blurb": "No site-specific AiG page verified for this Galilee/Israel NT site. Creation Museum Borderland (Israel at the Time of Jesus) is thematic ministry exhibit context only.",
          "aig": [],
          "creation_museum": [
            {
              "title": "New Exhibit Now Open at the Creation Museum",
              "url": "https://creationmuseum.org/blog/2021/07/08/new-exhibit-now-open-creation-museum/",
              "summary": "Announcement of Borderland: Israel at the Time of Jesus—first-century Israel context exhibit.",
              "exhibit_or_page": "Borderland: Israel at the Time of Jesus"
            }
          ],
          "ark_encounter": [],
          "coverage": "theme_only",
          "researched_at": "2026-09-30"
        },
        "creation_ministry_blurb": "No site-specific AiG page verified for this Galilee/Israel NT site. Creation Museum Borderland (Israel at the Time of Jesus) is thematic ministry exhibit context only.",
        "creation_ministry_coverage": "theme_only",
        "creation_ministry_aig": [],
        "creation_ministry_museum": [
          {
            "title": "New Exhibit Now Open at the Creation Museum",
            "url": "https://creationmuseum.org/blog/2021/07/08/new-exhibit-now-open-creation-museum/",
            "summary": "Announcement of Borderland: Israel at the Time of Jesus—first-century Israel context exhibit.",
            "exhibit_or_page": "Borderland: Israel at the Time of Jesus"
          }
        ],
        "creation_ministry_ark": [],
        "dig_halt": {
          "status": "no_halt_recorded",
          "date": null,
          "halted_by": null,
          "summary": "No dig halt is recorded for this site in the sources checked. High-profile halt searches prioritized Temple Mount restrictions, City of David/Silwan court orders, West Bank permit issues, Turkish foreign-mission suspensions, Jordan TeH, COVID project statements, and conflict interruptions (Syria/Iraq); this site did not yield a verified org/government stop-work or permit-revocation event.",
          "sources": []
        },
        "site_authority": {
          "name": "INPA (Zippori National Park) + IAA",
          "type": "mixed",
          "role": "INPA manages national-park visitor operations; IAA oversees antiquities and excavations within parks.",
          "contact_name": null,
          "contact_title": "INPA information / reservations",
          "contact_email": "moked@npa.org.il",
          "contact_phone": "*3639",
          "contact_url": "https://en.parks.org.il/",
          "notes": "Sepphoris/Zippori National Park.",
          "official_website": "https://en.parks.org.il/reserve-park/tzipori-national-park/"
        },
        "dig_status": "open",
        "eras": [
          "Persian / Hellenistic",
          "Roman / Byzantine",
          "New Testament era"
        ],
        "official_website": "https://en.parks.org.il/reserve-park/tzipori-national-park/",
        "official_website_label": "INPA — Zippori National Park",
        "status_kind": "dig"
      }
    },
    {
      "type": "Feature",
      "geometry": {
        "type": "Point",
        "coordinates": [
          35.630540768926714,
          32.909645116535685
        ]
      },
      "properties": {
        "id": "BETHS-01",
        "name": "Bethsaida candidate — et-Tell",
        "layer": "nt_digs",
        "dig": "Bethsaida Excavations Project (et-Tell)",
        "years": "1987/1991–present (intermittent)",
        "region": "Galilee",
        "location": "Israel / N of Sea of Galilee / Jordan River east bank inland",
        "mgrs": "36SYB46024434",
        "verses": "Mark 8:22–26; Luke 9:10–17; John 1:44; John 12:21; Matthew 11:21",
        "found": "Iron Age gate and city (Geshur-related debates); Hellenistic–Roman occupation interpreted as Bethsaida-Julias; temple/possible imperial cult remains; residential areas. Team argues match to Josephus’ Julias.",
        "support": "DEBATED site ID: long-standing claim that et-Tell = biblical Bethsaida / Julias. If correct, strong hometown of Peter/Andrew/Philip. Distance from modern lakeshore (~1.5 km) is the main scholarly objection—lake levels and silting arguments offered in reply.",
        "sources": "https://www.biblicalarchaeology.org/daily/biblical-sites-places/biblical-archaeology-places/the-great-bethsaida-debate/; Arav & Freund Bethsaida vols; Expedition Bible note lK7GQxkEkKk (Problem of Ai); https://www.youtube.com/watch?v=lK7GQxkEkKk; Callaway BASOR Ai reports; Notley & Aviam reports",
        "notes": "MUST note rival el-Araj claim (BETHS-02). Live debate.",
        "status": "active / paused intermittent",
        "campaigns": 1,
        "confidence": "confirmed",
        "biblical_name": "Bethsaida",
        "strongs_id": "G966",
        "strongs_lang": "G",
        "strongs_url": "https://www.blueletterbible.org/lexicon/g966/kjv/tr/0-1/",
        "strongs_lemma": "Βηθσαϊδά",
        "strongs_gloss": "house of fishing — candidate ID",
        "creation_ministry": {
          "blurb": "No site-specific AiG page verified for this Galilee/Israel NT site. Creation Museum Borderland (Israel at the Time of Jesus) is thematic ministry exhibit context only.",
          "aig": [],
          "creation_museum": [
            {
              "title": "New Exhibit Now Open at the Creation Museum",
              "url": "https://creationmuseum.org/blog/2021/07/08/new-exhibit-now-open-creation-museum/",
              "summary": "Announcement of Borderland: Israel at the Time of Jesus—first-century Israel context exhibit.",
              "exhibit_or_page": "Borderland: Israel at the Time of Jesus"
            }
          ],
          "ark_encounter": [],
          "coverage": "theme_only",
          "researched_at": "2026-09-30"
        },
        "creation_ministry_blurb": "No site-specific AiG page verified for this Galilee/Israel NT site. Creation Museum Borderland (Israel at the Time of Jesus) is thematic ministry exhibit context only.",
        "creation_ministry_coverage": "theme_only",
        "creation_ministry_aig": [],
        "creation_ministry_museum": [
          {
            "title": "New Exhibit Now Open at the Creation Museum",
            "url": "https://creationmuseum.org/blog/2021/07/08/new-exhibit-now-open-creation-museum/",
            "summary": "Announcement of Borderland: Israel at the Time of Jesus—first-century Israel context exhibit.",
            "exhibit_or_page": "Borderland: Israel at the Time of Jesus"
          }
        ],
        "creation_ministry_ark": [],
        "dig_halt": {
          "status": "no_halt_recorded",
          "date": null,
          "halted_by": null,
          "summary": "No dig halt is recorded for this site in the sources checked. High-profile halt searches prioritized Temple Mount restrictions, City of David/Silwan court orders, West Bank permit issues, Turkish foreign-mission suspensions, Jordan TeH, COVID project statements, and conflict interruptions (Syria/Iraq); this site did not yield a verified org/government stop-work or permit-revocation event.",
          "sources": []
        },
        "site_authority": {
          "name": "Israel Antiquities Authority (IAA)",
          "type": "national_antiquities",
          "role": "Licenses excavations and oversees antiquities across Israel; regional offices handle site permits and finds.",
          "contact_name": null,
          "contact_title": "General inquiries (Mokedia)",
          "contact_email": "mokediaa@israntique.org.il",
          "contact_phone": "073-3507350",
          "contact_url": "https://www.iaa.org.il/en/page/contact-us",
          "notes": "et-Tell Bethsaida candidate — IAA; university consortia historically.",
          "official_website": "https://www.iaa.org.il/en"
        },
        "dig_status": "open",
        "eras": [
          "Iron Age",
          "New Testament era",
          "Persian / Hellenistic",
          "Roman / Byzantine"
        ],
        "official_website": "https://www.iaa.org.il/en",
        "official_website_label": "Israel Antiquities Authority",
        "status_kind": "dig"
      }
    },
    {
      "type": "Feature",
      "geometry": {
        "type": "Point",
        "coordinates": [
          35.63492602502099,
          32.89169986747185
        ]
      },
      "properties": {
        "id": "BETHS-02",
        "name": "Bethsaida candidate — el-Araj (Beit ha-Bek)",
        "layer": "nt_digs",
        "dig": "el-Araj Excavation Project",
        "years": "2014/2016–present",
        "region": "Galilee",
        "location": "Israel / N Sea of Galilee shore / Jordan estuary delta",
        "mgrs": "36SYB46484236",
        "verses": "Mark 8:22–26; Luke 9:10; John 1:44; Matthew 11:21",
        "found": "Early Roman Jewish fishing-village material (stone vessels, fishing weights); Roman bathhouse; Byzantine basilica with inscription tradition linked to Peter; first-century walls under church apse reported.",
        "support": "DEBATED but strengthening claim: lakeshore location fits a fishing village better for many scholars. Team argues this is Bethsaida-Julias of Josephus and the Gospels. Not universal consensus—et-Tell still defended. Honest: site ID is the story.",
        "sources": "https://www.biblicalarchaeology.org/; Notley & Aviam BAR articles; Haaretz coverage of seasons; https://www.biblicalarchaeology.org/daily/biblical-sites-places/biblical-archaeology-places/the-great-bethsaida-debate/; Arav & Freund Bethsaida vols; Notley & Aviam reports",
        "notes": "Pair with BETHS-01. Do not pick a winner in app UI without noting debate.",
        "status": "active",
        "campaigns": 1,
        "confidence": "confirmed",
        "biblical_name": "Bethsaida",
        "strongs_id": "G966",
        "strongs_lang": "G",
        "strongs_url": "https://www.blueletterbible.org/lexicon/g966/kjv/tr/0-1/",
        "strongs_lemma": "Βηθσαϊδά",
        "strongs_gloss": "house of fishing — candidate ID",
        "creation_ministry": {
          "blurb": "No site-specific AiG page verified for this Galilee/Israel NT site. Creation Museum Borderland (Israel at the Time of Jesus) is thematic ministry exhibit context only.",
          "aig": [],
          "creation_museum": [
            {
              "title": "New Exhibit Now Open at the Creation Museum",
              "url": "https://creationmuseum.org/blog/2021/07/08/new-exhibit-now-open-creation-museum/",
              "summary": "Announcement of Borderland: Israel at the Time of Jesus—first-century Israel context exhibit.",
              "exhibit_or_page": "Borderland: Israel at the Time of Jesus"
            }
          ],
          "ark_encounter": [],
          "coverage": "theme_only",
          "researched_at": "2026-09-30"
        },
        "creation_ministry_blurb": "No site-specific AiG page verified for this Galilee/Israel NT site. Creation Museum Borderland (Israel at the Time of Jesus) is thematic ministry exhibit context only.",
        "creation_ministry_coverage": "theme_only",
        "creation_ministry_aig": [],
        "creation_ministry_museum": [
          {
            "title": "New Exhibit Now Open at the Creation Museum",
            "url": "https://creationmuseum.org/blog/2021/07/08/new-exhibit-now-open-creation-museum/",
            "summary": "Announcement of Borderland: Israel at the Time of Jesus—first-century Israel context exhibit.",
            "exhibit_or_page": "Borderland: Israel at the Time of Jesus"
          }
        ],
        "creation_ministry_ark": [],
        "dig_halt": {
          "status": "no_halt_recorded",
          "date": null,
          "halted_by": null,
          "summary": "No dig halt is recorded for this site in the sources checked. High-profile halt searches prioritized Temple Mount restrictions, City of David/Silwan court orders, West Bank permit issues, Turkish foreign-mission suspensions, Jordan TeH, COVID project statements, and conflict interruptions (Syria/Iraq); this site did not yield a verified org/government stop-work or permit-revocation event.",
          "sources": []
        },
        "site_authority": {
          "name": "Israel Antiquities Authority (IAA)",
          "type": "national_antiquities",
          "role": "Licenses excavations and oversees antiquities across Israel; regional offices handle site permits and finds.",
          "contact_name": null,
          "contact_title": "General inquiries (Mokedia)",
          "contact_email": "mokediaa@israntique.org.il",
          "contact_phone": "073-3507350",
          "contact_url": "https://www.iaa.org.il/en/page/contact-us",
          "notes": "el-Araj Bethsaida candidate — IAA; contested identification.",
          "official_website": "https://www.bethsaida-julias.com/"
        },
        "dig_status": "open",
        "eras": [
          "New Testament era",
          "Roman / Byzantine"
        ],
        "official_website": "https://www.bethsaida-julias.com/",
        "official_website_label": "Bethsaida–Julias Excavation Project (el-Araj)",
        "official_video_embed": "https://www.youtube.com/embed/LE79zQiLA8s",
        "official_video_source": "https://www.bethsaida-julias.com/",
        "official_video_provider": "youtube",
        "status_kind": "dig"
      }
    },
    {
      "type": "Feature",
      "geometry": {
        "type": "Point",
        "coordinates": [
          35.564102927919855,
          32.911387029676874
        ]
      },
      "properties": {
        "id": "CHOR-01",
        "name": "Chorazin (Korazim)",
        "layer": "nt_digs",
        "dig": "Korazim Synagogue and Town Excavations",
        "years": "1905–1907 surveys; 1926; major 1962–1965; 1980s conservation",
        "region": "Galilee",
        "location": "Israel / N of Capernaum / basalt highland",
        "mgrs": "36SYB39804438",
        "verses": "Matthew 11:20–24; Luke 10:13–15",
        "found": "Basalt synagogue (mainly 3rd–4th c. CE) with ornate benches and ‘Seat of Moses’; town remains; mikveh; olive presses—Galilean Jewish village of Roman–Byzantine periods.",
        "support": "STRONG place-name continuity for one of the towns Jesus denounced. Visible synagogue is later than Jesus; earlier settlement evidence exists but the famous carved synagogue is post-NT. Geography of the ‘woe’ sayings is real.",
        "sources": "https://www.parks.org.il/; Yeivin Korazim publications; https://www.bibleplaces.com/chorazin/",
        "notes": "National park; basalt architecture iconic.",
        "status": "tourism conservation / completed historic",
        "campaigns": 1,
        "confidence": "confirmed",
        "biblical_name": "Chorazin",
        "strongs_id": "G5523",
        "strongs_lang": "G",
        "strongs_url": "https://www.blueletterbible.org/lexicon/g5523/kjv/tr/0-1/",
        "strongs_lemma": "Χοραζίν",
        "strongs_gloss": "a town of Galilee",
        "creation_ministry": {
          "blurb": "No site-specific AiG page verified for this Galilee/Israel NT site. Creation Museum Borderland (Israel at the Time of Jesus) is thematic ministry exhibit context only.",
          "aig": [],
          "creation_museum": [
            {
              "title": "New Exhibit Now Open at the Creation Museum",
              "url": "https://creationmuseum.org/blog/2021/07/08/new-exhibit-now-open-creation-museum/",
              "summary": "Announcement of Borderland: Israel at the Time of Jesus—first-century Israel context exhibit.",
              "exhibit_or_page": "Borderland: Israel at the Time of Jesus"
            }
          ],
          "ark_encounter": [],
          "coverage": "theme_only",
          "researched_at": "2026-09-30"
        },
        "creation_ministry_blurb": "No site-specific AiG page verified for this Galilee/Israel NT site. Creation Museum Borderland (Israel at the Time of Jesus) is thematic ministry exhibit context only.",
        "creation_ministry_coverage": "theme_only",
        "creation_ministry_aig": [],
        "creation_ministry_museum": [
          {
            "title": "New Exhibit Now Open at the Creation Museum",
            "url": "https://creationmuseum.org/blog/2021/07/08/new-exhibit-now-open-creation-museum/",
            "summary": "Announcement of Borderland: Israel at the Time of Jesus—first-century Israel context exhibit.",
            "exhibit_or_page": "Borderland: Israel at the Time of Jesus"
          }
        ],
        "creation_ministry_ark": [],
        "dig_halt": {
          "status": "no_halt_recorded",
          "date": null,
          "halted_by": null,
          "summary": "No dig halt is recorded for this site in the sources checked. High-profile halt searches prioritized Temple Mount restrictions, City of David/Silwan court orders, West Bank permit issues, Turkish foreign-mission suspensions, Jordan TeH, COVID project statements, and conflict interruptions (Syria/Iraq); this site did not yield a verified org/government stop-work or permit-revocation event.",
          "sources": []
        },
        "site_authority": {
          "name": "INPA (Korazim National Park) + IAA",
          "type": "mixed",
          "role": "INPA manages national-park visitor operations; IAA oversees antiquities and excavations within parks.",
          "contact_name": null,
          "contact_title": "INPA information / reservations",
          "contact_email": "moked@npa.org.il",
          "contact_phone": "*3639",
          "contact_url": "https://en.parks.org.il/",
          "notes": "Chorazin/Korazim National Park.",
          "official_website": "https://en.parks.org.il/reserve-park/korazim-national-park/"
        },
        "dig_status": "open",
        "eras": [
          "New Testament era",
          "Roman / Byzantine"
        ],
        "official_website": "https://en.parks.org.il/reserve-park/korazim-national-park/",
        "official_website_label": "INPA — Korazim National Park",
        "status_kind": "dig"
      }
    },
    {
      "type": "Feature",
      "geometry": {
        "type": "Point",
        "coordinates": [
          35.65965521629903,
          32.77855886183445
        ]
      },
      "properties": {
        "id": "HIPP-01",
        "name": "Hippos / Sussita (Decapolis)",
        "layer": "nt_digs",
        "dig": "Hippos-Sussita Excavation Project",
        "years": "2000–present (multi-season)",
        "region": "Galilee",
        "location": "Israel / E Sea of Galilee heights / Susita National Park",
        "mgrs": "36SYB49112987",
        "verses": "Mark 5:1–20; Mark 7:31; Matthew 4:25; Luke 8:26–39 (Decapolis / Gerasa-Gadara region debates)",
        "found": "Hellenistic–Roman Decapolis city: forum, gates, basilicas, bath complexes, Hellenistic fortifications, churches; overlook of Galilee—pagan Greek city opposite Jewish Capernaum.",
        "support": "Background: concrete Decapolis urbanism for Gospel stories set in Gentile territory E of the lake (Gadarene/Gerasene swine narratives—exact town debated among Hippos/Gadara/Gerasa). Shows Jewish–Gentile borderland of Jesus’ ministry.",
        "sources": "https://hippos.haifa.ac.il/; Segal & Eisenberg reports; https://www.parks.org.il/",
        "notes": "Decapolis = Gentile league cities; helpful NT social map.",
        "status": "active / tourism conservation",
        "campaigns": 1,
        "confidence": "confirmed",
        "biblical_name": "Decapolis",
        "strongs_id": "G1179",
        "strongs_lang": "G",
        "strongs_url": "https://www.blueletterbible.org/lexicon/g1179/kjv/tr/0-1/",
        "strongs_lemma": "Δεκάπολις",
        "strongs_gloss": "ten-city region (city itself unnamed in NT)",
        "creation_ministry": {
          "blurb": "No site-specific AiG page verified for this Galilee/Israel NT site. Creation Museum Borderland (Israel at the Time of Jesus) is thematic ministry exhibit context only.",
          "aig": [],
          "creation_museum": [
            {
              "title": "New Exhibit Now Open at the Creation Museum",
              "url": "https://creationmuseum.org/blog/2021/07/08/new-exhibit-now-open-creation-museum/",
              "summary": "Announcement of Borderland: Israel at the Time of Jesus—first-century Israel context exhibit.",
              "exhibit_or_page": "Borderland: Israel at the Time of Jesus"
            }
          ],
          "ark_encounter": [],
          "coverage": "theme_only",
          "researched_at": "2026-09-30"
        },
        "creation_ministry_blurb": "No site-specific AiG page verified for this Galilee/Israel NT site. Creation Museum Borderland (Israel at the Time of Jesus) is thematic ministry exhibit context only.",
        "creation_ministry_coverage": "theme_only",
        "creation_ministry_aig": [],
        "creation_ministry_museum": [
          {
            "title": "New Exhibit Now Open at the Creation Museum",
            "url": "https://creationmuseum.org/blog/2021/07/08/new-exhibit-now-open-creation-museum/",
            "summary": "Announcement of Borderland: Israel at the Time of Jesus—first-century Israel context exhibit.",
            "exhibit_or_page": "Borderland: Israel at the Time of Jesus"
          }
        ],
        "creation_ministry_ark": [],
        "dig_halt": {
          "status": "no_halt_recorded",
          "date": null,
          "halted_by": null,
          "summary": "No dig halt is recorded for this site in the sources checked. High-profile halt searches prioritized Temple Mount restrictions, City of David/Silwan court orders, West Bank permit issues, Turkish foreign-mission suspensions, Jordan TeH, COVID project statements, and conflict interruptions (Syria/Iraq); this site did not yield a verified org/government stop-work or permit-revocation event.",
          "sources": []
        },
        "site_authority": {
          "name": "INPA / Hippos-Sussita National Park + University of Haifa Hippos Excavations + IAA",
          "type": "mixed",
          "role": "Licenses excavations and oversees antiquities across Israel; regional offices handle site permits and finds.",
          "contact_name": null,
          "contact_title": "General inquiries (Mokedia)",
          "contact_email": "mokediaa@israntique.org.il",
          "contact_phone": "073-3507350",
          "contact_url": "https://www.iaa.org.il/en/page/contact-us",
          "notes": "University of Haifa expedition prominent; IAA licenses; park services.",
          "official_website": "https://www.iaa.org.il/en"
        },
        "dig_status": "open",
        "eras": [
          "New Testament era",
          "Persian / Hellenistic",
          "Roman / Byzantine"
        ],
        "official_website": "https://www.iaa.org.il/en",
        "official_website_label": "Israel Antiquities Authority",
        "status_kind": "dig"
      }
    },
    {
      "type": "Feature",
      "geometry": {
        "type": "Point",
        "coordinates": [
          35.53993682295013,
          32.77996305263572
        ]
      },
      "properties": {
        "id": "TIB-01",
        "name": "Tiberias",
        "layer": "nt_digs",
        "dig": "Tiberias Salvage and Planned Excavations (Herodian foundation city)",
        "years": "1970s–present (intermittent urban salvage)",
        "region": "Galilee",
        "location": "Israel / W Sea of Galilee / modern Tiberias",
        "mgrs": "36SYB37892975",
        "verses": "John 6:1, 23; John 21:1; Luke 3:1 (Herod Antipas)",
        "found": "Remains of Herod Antipas’ capital: theater, bathhouse, cardo, palace areas, Jewish and Christian later overlays; cemetery; Roman–Byzantine urban core under modern city.",
        "support": "Background: Tiberias was Antipas’ new capital on the lake—named in John. Illuminates political geography of Galilee under the tetrarch who executed John the Baptist (Mark 6). Much remains under modern streets.",
        "sources": "Hirschfeld Tiberias publications; IAA Hadashot reports; https://www.bibleplaces.com/tiberias/",
        "notes": "Urban overlay limits full exposure.",
        "status": "active intermittent / tourism spots",
        "campaigns": 1,
        "confidence": "confirmed",
        "biblical_name": "Tiberias",
        "strongs_id": "G5085",
        "strongs_lang": "G",
        "strongs_url": "https://www.blueletterbible.org/lexicon/g5085/kjv/tr/0-1/",
        "strongs_lemma": "Τιβεριάς",
        "strongs_gloss": "city of Tiberius; Galilee capital",
        "creation_ministry": {
          "blurb": "No site-specific AiG page verified for this Galilee/Israel NT site. Creation Museum Borderland (Israel at the Time of Jesus) is thematic ministry exhibit context only.",
          "aig": [],
          "creation_museum": [
            {
              "title": "New Exhibit Now Open at the Creation Museum",
              "url": "https://creationmuseum.org/blog/2021/07/08/new-exhibit-now-open-creation-museum/",
              "summary": "Announcement of Borderland: Israel at the Time of Jesus—first-century Israel context exhibit.",
              "exhibit_or_page": "Borderland: Israel at the Time of Jesus"
            }
          ],
          "ark_encounter": [],
          "coverage": "theme_only",
          "researched_at": "2026-09-30"
        },
        "creation_ministry_blurb": "No site-specific AiG page verified for this Galilee/Israel NT site. Creation Museum Borderland (Israel at the Time of Jesus) is thematic ministry exhibit context only.",
        "creation_ministry_coverage": "theme_only",
        "creation_ministry_aig": [],
        "creation_ministry_museum": [
          {
            "title": "New Exhibit Now Open at the Creation Museum",
            "url": "https://creationmuseum.org/blog/2021/07/08/new-exhibit-now-open-creation-museum/",
            "summary": "Announcement of Borderland: Israel at the Time of Jesus—first-century Israel context exhibit.",
            "exhibit_or_page": "Borderland: Israel at the Time of Jesus"
          }
        ],
        "creation_ministry_ark": [],
        "dig_halt": {
          "status": "no_halt_recorded",
          "date": null,
          "halted_by": null,
          "summary": "No dig halt is recorded for this site in the sources checked. High-profile halt searches prioritized Temple Mount restrictions, City of David/Silwan court orders, West Bank permit issues, Turkish foreign-mission suspensions, Jordan TeH, COVID project statements, and conflict interruptions (Syria/Iraq); this site did not yield a verified org/government stop-work or permit-revocation event.",
          "sources": []
        },
        "site_authority": {
          "name": "Israel Antiquities Authority (IAA)",
          "type": "national_antiquities",
          "role": "Licenses excavations and oversees antiquities across Israel; regional offices handle site permits and finds.",
          "contact_name": null,
          "contact_title": "General inquiries (Mokedia)",
          "contact_email": "mokediaa@israntique.org.il",
          "contact_phone": "073-3507350",
          "contact_url": "https://www.iaa.org.il/en/page/contact-us",
          "notes": "Tiberias urban archaeology — IAA.",
          "official_website": "https://www.iaa.org.il/en"
        },
        "dig_status": "open",
        "eras": [
          "New Testament era",
          "Roman / Byzantine"
        ],
        "official_website": "https://www.iaa.org.il/en",
        "official_website_label": "Israel Antiquities Authority",
        "status_kind": "dig"
      }
    },
    {
      "type": "Feature",
      "geometry": {
        "type": "Point",
        "coordinates": [
          35.29743837016623,
          32.701955553904725
        ]
      },
      "properties": {
        "id": "NAZ-01",
        "name": "Nazareth — International Marian Center house",
        "layer": "nt_digs",
        "dig": "IAA Excavation of First-Century House (Marian Center)",
        "years": "2009",
        "region": "Galilee",
        "location": "Israel / Nazareth / near Church of the Annunciation",
        "mgrs": "36SYB15362058",
        "verses": "Luke 1:26–38; Luke 2:39–52; Matthew 2:23; John 1:45–46",
        "found": "Rock-hewn and built courtyard-house remains dated to Early Roman / first century; silos; domestic installations—among first well-published Jesus-era houses in Nazareth.",
        "support": "Background with careful honesty: proves Nazareth was a small Jewish village in the early first century (contra extreme ‘Nazareth myth’ claims). Does NOT identify the house as Jesus’ or Mary’s—only that such houses existed when the Gospels say Jesus grew up there.",
        "sources": "https://www.antiquities.org.il/; Alexandre IAA releases 2009; https://bibleinterp.arizona.edu/",
        "notes": "Pair with NAZ-02 Sisters of Nazareth claim—both debated in popular media.",
        "status": "tourism conservation / completed historic",
        "campaigns": 1,
        "confidence": "confirmed",
        "biblical_name": "Nazareth",
        "strongs_id": "G3478",
        "strongs_lang": "G",
        "strongs_url": "https://www.blueletterbible.org/lexicon/g3478/kjv/tr/0-1/",
        "strongs_lemma": "Ναζαρέθ",
        "strongs_gloss": "the guarded one; Jesus’ hometown",
        "creation_ministry": {
          "blurb": "AiG discusses the Nazareth Inscription in resurrection-apologetic debates—not the Marian Center house dig. CM Borderland covers NT Israel setting thematically. Label as ministry interpretation.",
          "aig": [
            {
              "title": "Nazareth Inscription Study Debunks Evidence for Christ’s Resurrection?",
              "url": "https://answersingenesis.org/jesus/nazareth-inscription-study-debunks-evidence-for-christs-resurrection/",
              "summary": "AiG discussion of Nazareth Inscription and debates over resurrection apologetics relevance.",
              "kind": "article"
            }
          ],
          "creation_museum": [
            {
              "title": "New Exhibit Now Open at the Creation Museum",
              "url": "https://creationmuseum.org/blog/2021/07/08/new-exhibit-now-open-creation-museum/",
              "summary": "Announcement of Borderland: Israel at the Time of Jesus—first-century Israel context exhibit.",
              "exhibit_or_page": "Borderland: Israel at the Time of Jesus"
            }
          ],
          "ark_encounter": [],
          "coverage": "theme_only",
          "researched_at": "2026-09-30"
        },
        "creation_ministry_blurb": "AiG discusses the Nazareth Inscription in resurrection-apologetic debates—not the Marian Center house dig. CM Borderland covers NT Israel setting thematically. Label as ministry interpretation.",
        "creation_ministry_coverage": "theme_only",
        "creation_ministry_aig": [
          {
            "title": "Nazareth Inscription Study Debunks Evidence for Christ’s Resurrection?",
            "url": "https://answersingenesis.org/jesus/nazareth-inscription-study-debunks-evidence-for-christs-resurrection/",
            "summary": "AiG discussion of Nazareth Inscription and debates over resurrection apologetics relevance.",
            "kind": "article"
          }
        ],
        "creation_ministry_museum": [
          {
            "title": "New Exhibit Now Open at the Creation Museum",
            "url": "https://creationmuseum.org/blog/2021/07/08/new-exhibit-now-open-creation-museum/",
            "summary": "Announcement of Borderland: Israel at the Time of Jesus—first-century Israel context exhibit.",
            "exhibit_or_page": "Borderland: Israel at the Time of Jesus"
          }
        ],
        "creation_ministry_ark": [],
        "dig_halt": {
          "status": "no_halt_recorded",
          "date": null,
          "halted_by": null,
          "summary": "No dig halt is recorded for this site in the sources checked. High-profile halt searches prioritized Temple Mount restrictions, City of David/Silwan court orders, West Bank permit issues, Turkish foreign-mission suspensions, Jordan TeH, COVID project statements, and conflict interruptions (Syria/Iraq); this site did not yield a verified org/government stop-work or permit-revocation event.",
          "sources": []
        },
        "site_authority": {
          "name": "IAA + local church/property partners (Nazareth house contexts)",
          "type": "mixed",
          "role": "Licenses excavations and oversees antiquities across Israel; regional offices handle site permits and finds.",
          "contact_name": null,
          "contact_title": "General inquiries (Mokedia)",
          "contact_email": "mokediaa@israntique.org.il",
          "contact_phone": "073-3507350",
          "contact_url": "https://www.iaa.org.il/en/page/contact-us",
          "notes": "Urban Nazareth archaeology under IAA; specific house claims involve church properties.",
          "official_website": "https://www.iaa.org.il/en"
        },
        "dig_status": "open",
        "eras": [
          "New Testament era",
          "Roman / Byzantine"
        ],
        "official_website": "https://www.iaa.org.il/en",
        "official_website_label": "Israel Antiquities Authority",
        "status_kind": "dig"
      }
    },
    {
      "type": "Feature",
      "geometry": {
        "type": "Point",
        "coordinates": [
          35.296916896414075,
          32.702415998161044
        ]
      },
      "properties": {
        "id": "NAZ-02",
        "name": "Nazareth — Sisters of Nazareth Convent",
        "layer": "nt_digs",
        "dig": "Nazareth Archaeological Project (Sisters of Nazareth)",
        "years": "Historic convent digs 19th–20th c.; Dark project study ~2006–2015 publications",
        "region": "Galilee",
        "location": "Israel / Nazareth / Sisters of Nazareth convent",
        "mgrs": "36SYB15312063",
        "verses": "Luke 4:16–30; Matthew 13:54–58",
        "found": "Rock-cut structure interpreted by Dark as a first-century courtyard house later venerated; Byzantine and Crusader ecclesiastical overlays; tombs.",
        "support": "DEBATED: Dark argues possible early house venerated as Jesus’ home; many scholars treat as unproven. Value = another data point for Early Roman Nazareth settlement. Do not market as ‘Jesus’ house confirmed.’",
        "sources": "K. Dark, Antiquaries Journal papers; https://centaur.reading.ac.uk/; popular summaries with caution",
        "notes": "Tone: interesting hypothesis, not consensus.",
        "status": "tourism / research study of historic digs",
        "campaigns": 1,
        "confidence": "confirmed",
        "biblical_name": "Nazareth",
        "strongs_id": "G3478",
        "strongs_lang": "G",
        "strongs_url": "https://www.blueletterbible.org/lexicon/g3478/kjv/tr/0-1/",
        "strongs_lemma": "Ναζαρέθ",
        "strongs_gloss": "the guarded one",
        "creation_ministry": {
          "blurb": "No verified AiG article on the Sisters of Nazareth “Jesus house” claim. Closest AiG Nazareth material is the Nazareth Inscription debate; CM Borderland is theme_only NT Israel context.",
          "aig": [
            {
              "title": "Nazareth Inscription Study Debunks Evidence for Christ’s Resurrection?",
              "url": "https://answersingenesis.org/jesus/nazareth-inscription-study-debunks-evidence-for-christs-resurrection/",
              "summary": "AiG discussion of Nazareth Inscription and debates over resurrection apologetics relevance.",
              "kind": "article"
            }
          ],
          "creation_museum": [
            {
              "title": "New Exhibit Now Open at the Creation Museum",
              "url": "https://creationmuseum.org/blog/2021/07/08/new-exhibit-now-open-creation-museum/",
              "summary": "Announcement of Borderland: Israel at the Time of Jesus—first-century Israel context exhibit.",
              "exhibit_or_page": "Borderland: Israel at the Time of Jesus"
            }
          ],
          "ark_encounter": [],
          "coverage": "none_found",
          "researched_at": "2026-09-30"
        },
        "creation_ministry_blurb": "No verified AiG article on the Sisters of Nazareth “Jesus house” claim. Closest AiG Nazareth material is the Nazareth Inscription debate; CM Borderland is theme_only NT Israel context.",
        "creation_ministry_coverage": "none_found",
        "creation_ministry_aig": [
          {
            "title": "Nazareth Inscription Study Debunks Evidence for Christ’s Resurrection?",
            "url": "https://answersingenesis.org/jesus/nazareth-inscription-study-debunks-evidence-for-christs-resurrection/",
            "summary": "AiG discussion of Nazareth Inscription and debates over resurrection apologetics relevance.",
            "kind": "article"
          }
        ],
        "creation_ministry_museum": [
          {
            "title": "New Exhibit Now Open at the Creation Museum",
            "url": "https://creationmuseum.org/blog/2021/07/08/new-exhibit-now-open-creation-museum/",
            "summary": "Announcement of Borderland: Israel at the Time of Jesus—first-century Israel context exhibit.",
            "exhibit_or_page": "Borderland: Israel at the Time of Jesus"
          }
        ],
        "creation_ministry_ark": [],
        "dig_halt": {
          "status": "no_halt_recorded",
          "date": null,
          "halted_by": null,
          "summary": "No dig halt is recorded for this site in the sources checked. High-profile halt searches prioritized Temple Mount restrictions, City of David/Silwan court orders, West Bank permit issues, Turkish foreign-mission suspensions, Jordan TeH, COVID project statements, and conflict interruptions (Syria/Iraq); this site did not yield a verified org/government stop-work or permit-revocation event.",
          "sources": []
        },
        "site_authority": {
          "name": "Sisters of Nazareth Convent + IAA",
          "type": "church",
          "role": "Licenses excavations and oversees antiquities across Israel; regional offices handle site permits and finds.",
          "contact_name": null,
          "contact_title": "General inquiries (Mokedia)",
          "contact_email": "mokediaa@israntique.org.il",
          "contact_phone": "073-3507350",
          "contact_url": "https://www.iaa.org.il/en/page/contact-us",
          "notes": "Convent property; archaeological claims contested. No public dig email verified.",
          "official_website": "https://www.iaa.org.il/en"
        },
        "dig_status": "open",
        "eras": [
          "New Testament era",
          "Roman / Byzantine"
        ],
        "official_website": "https://www.iaa.org.il/en",
        "official_website_label": "Israel Antiquities Authority",
        "status_kind": "dig"
      }
    },
    {
      "type": "Feature",
      "geometry": {
        "type": "Point",
        "coordinates": [
          35.69441124977073,
          33.24846529257964
        ]
      },
      "properties": {
        "id": "BAN-01",
        "name": "Caesarea Philippi / Banias (Paneas)",
        "layer": "nt_digs",
        "dig": "Banias Excavations (Temple of Pan / Herodian-Agrippan city)",
        "years": "1988–2000s (major); earlier surveys",
        "region": "Galilee",
        "location": "Israel / Golan foothills / Banias springs of Jordan",
        "mgrs": "36SYB51038207",
        "verses": "Matthew 16:13–20; Mark 8:27–30",
        "found": "Cave and terraces of Pan sanctuary; Herodian/Agrippa palace-city remains; cardo; churches; pagan temples—dramatic spring-source setting at Philip the Tetrarch’s capital.",
        "support": "STRONG geographic setting for Peter’s confession ‘at Caesarea Philippi.’ Pagan shrine backdrop makes Jesus’ ‘who do you say I am?’ scene historically plausible in a Gentile-tinged tetrarchic capital. Archaeology = place and cultic atmosphere, not the dialogue itself.",
        "sources": "https://www.parks.org.il/; Ma‘oz Banias reports; J.F. Wilson, Caesarea Philippi",
        "notes": "Also OT Jordan source geography; NT focus here.",
        "status": "tourism conservation",
        "campaigns": 1,
        "confidence": "confirmed",
        "biblical_name": "Caesarea",
        "strongs_id": "G2542",
        "strongs_lang": "G",
        "strongs_url": "https://www.blueletterbible.org/lexicon/g2542/kjv/tr/0-1/",
        "strongs_lemma": "Καισάρεια",
        "strongs_gloss": "Caesarea (Philippi)",
        "creation_ministry": {
          "blurb": "No site-specific AiG page verified for this Galilee/Israel NT site. Creation Museum Borderland (Israel at the Time of Jesus) is thematic ministry exhibit context only.",
          "aig": [],
          "creation_museum": [
            {
              "title": "New Exhibit Now Open at the Creation Museum",
              "url": "https://creationmuseum.org/blog/2021/07/08/new-exhibit-now-open-creation-museum/",
              "summary": "Announcement of Borderland: Israel at the Time of Jesus—first-century Israel context exhibit.",
              "exhibit_or_page": "Borderland: Israel at the Time of Jesus"
            }
          ],
          "ark_encounter": [],
          "coverage": "theme_only",
          "researched_at": "2026-09-30"
        },
        "creation_ministry_blurb": "No site-specific AiG page verified for this Galilee/Israel NT site. Creation Museum Borderland (Israel at the Time of Jesus) is thematic ministry exhibit context only.",
        "creation_ministry_coverage": "theme_only",
        "creation_ministry_aig": [],
        "creation_ministry_museum": [
          {
            "title": "New Exhibit Now Open at the Creation Museum",
            "url": "https://creationmuseum.org/blog/2021/07/08/new-exhibit-now-open-creation-museum/",
            "summary": "Announcement of Borderland: Israel at the Time of Jesus—first-century Israel context exhibit.",
            "exhibit_or_page": "Borderland: Israel at the Time of Jesus"
          }
        ],
        "creation_ministry_ark": [],
        "dig_halt": {
          "status": "no_halt_recorded",
          "date": null,
          "halted_by": null,
          "summary": "No dig halt is recorded for this site in the sources checked. High-profile halt searches prioritized Temple Mount restrictions, City of David/Silwan court orders, West Bank permit issues, Turkish foreign-mission suspensions, Jordan TeH, COVID project statements, and conflict interruptions (Syria/Iraq); this site did not yield a verified org/government stop-work or permit-revocation event.",
          "sources": []
        },
        "site_authority": {
          "name": "INPA (Hermon Stream / Banias Nature Reserve) + IAA",
          "type": "mixed",
          "role": "INPA manages national-park visitor operations; IAA oversees antiquities and excavations within parks.",
          "contact_name": null,
          "contact_title": "INPA information / reservations",
          "contact_email": "moked@npa.org.il",
          "contact_phone": "*3639",
          "contact_url": "https://en.parks.org.il/",
          "notes": "Caesarea Philippi / Banias.",
          "official_website": "https://en.parks.org.il/reserve-park/hermon-stream-banias-nature-reserve/"
        },
        "dig_status": "open",
        "eras": [
          "New Testament era",
          "Roman / Byzantine"
        ],
        "official_website": "https://en.parks.org.il/reserve-park/hermon-stream-banias-nature-reserve/",
        "official_website_label": "INPA — Hermon Stream (Banias) Nature Reserve",
        "official_video_embed": "https://www.youtube.com/embed/LdJNkwWmxVE",
        "official_video_source": "https://en.parks.org.il/reserve-park/hermon-stream-banias-nature-reserve/",
        "official_video_provider": "youtube",
        "status_kind": "dig"
      }
    },
    {
      "type": "Feature",
      "geometry": {
        "type": "Point",
        "coordinates": [
          35.64996477294263,
          32.78291203763026
        ]
      },
      "properties": {
        "id": "KURSI-01",
        "name": "Kursi (Gergesa tradition) — E Shore Galilee",
        "layer": "nt_digs",
        "dig": "Kursi Excavations (Byzantine monastery & earlier)",
        "years": "1970–1974 (main)",
        "region": "Galilee",
        "location": "Israel / E Sea of Galilee / Kursi National Park",
        "mgrs": "36SYB48193033",
        "verses": "Mark 5:1–20; Luke 8:26–39",
        "found": "Large Byzantine monastery commemorating the swine miracle; chapel; harbor remains; earlier occupation traces—pilgrim complex at traditional Gergesa.",
        "support": "Tradition/background: Byzantine Christians fixed the Mark 5 story here. Supports early localization on E shore opposite Galilee; does not prove the miracle. Helps map Decapolis/Gergesa debate.",
        "sources": "Tzaferis Kursi reports; https://www.parks.org.il/",
        "notes": "Popular pilgrim ID for demoniac story.",
        "status": "tourism conservation / completed historic",
        "campaigns": 1,
        "confidence": "unconfirmed",
        "confidence_reason": "Workbook: Byzantine pilgrim localization of Mark 5; manuscript tradition splits Gerasa/Gadara/Gergesa—Gospel shoreline ID is traditional, not consensus archaeology.",
        "biblical_name": null,
        "strongs_id": null,
        "strongs_lang": null,
        "strongs_url": null,
        "strongs_lemma": null,
        "strongs_gloss": null,
        "strongs_null_reason": "Gergesa is a manuscript/tradition reading; no single standard Strong’s place lemma for Kursi",
        "creation_ministry": {
          "blurb": "No site-specific AiG page verified for this Galilee/Israel NT site. Creation Museum Borderland (Israel at the Time of Jesus) is thematic ministry exhibit context only.",
          "aig": [],
          "creation_museum": [
            {
              "title": "New Exhibit Now Open at the Creation Museum",
              "url": "https://creationmuseum.org/blog/2021/07/08/new-exhibit-now-open-creation-museum/",
              "summary": "Announcement of Borderland: Israel at the Time of Jesus—first-century Israel context exhibit.",
              "exhibit_or_page": "Borderland: Israel at the Time of Jesus"
            }
          ],
          "ark_encounter": [],
          "coverage": "theme_only",
          "researched_at": "2026-09-30"
        },
        "creation_ministry_blurb": "No site-specific AiG page verified for this Galilee/Israel NT site. Creation Museum Borderland (Israel at the Time of Jesus) is thematic ministry exhibit context only.",
        "creation_ministry_coverage": "theme_only",
        "creation_ministry_aig": [],
        "creation_ministry_museum": [
          {
            "title": "New Exhibit Now Open at the Creation Museum",
            "url": "https://creationmuseum.org/blog/2021/07/08/new-exhibit-now-open-creation-museum/",
            "summary": "Announcement of Borderland: Israel at the Time of Jesus—first-century Israel context exhibit.",
            "exhibit_or_page": "Borderland: Israel at the Time of Jesus"
          }
        ],
        "creation_ministry_ark": [],
        "dig_halt": {
          "status": "no_halt_recorded",
          "date": null,
          "halted_by": null,
          "summary": "No dig halt is recorded for this site in the sources checked. High-profile halt searches prioritized Temple Mount restrictions, City of David/Silwan court orders, West Bank permit issues, Turkish foreign-mission suspensions, Jordan TeH, COVID project statements, and conflict interruptions (Syria/Iraq); this site did not yield a verified org/government stop-work or permit-revocation event.",
          "sources": []
        },
        "site_authority": {
          "name": "INPA (Kursi National Park) + IAA",
          "type": "mixed",
          "role": "INPA manages national-park visitor operations; IAA oversees antiquities and excavations within parks.",
          "contact_name": null,
          "contact_title": "INPA information / reservations",
          "contact_email": "moked@npa.org.il",
          "contact_phone": "*3639",
          "contact_url": "https://en.parks.org.il/",
          "notes": "Kursi Byzantine monastery park.",
          "official_website": "https://en.parks.org.il/reserve-park/kursi-national-park/"
        },
        "dig_status": "open",
        "eras": [
          "New Testament era",
          "Roman / Byzantine"
        ],
        "official_website": "https://en.parks.org.il/reserve-park/kursi-national-park/",
        "official_website_label": "INPA — Kursi National Park",
        "official_video_embed": "https://www.youtube.com/embed/v3jKzTv9igE",
        "official_video_source": "https://en.parks.org.il/reserve-park/kursi-national-park/",
        "official_video_provider": "youtube",
        "status_kind": "dig"
      }
    },
    {
      "type": "Feature",
      "geometry": {
        "type": "Point",
        "coordinates": [
          35.43295453687229,
          31.849912449706125
        ]
      },
      "properties": {
        "id": "JERNT-01",
        "name": "Jericho — Herodian / NT-era Tulul Abu el-Alayiq & related",
        "layer": "nt_digs",
        "dig": "Herodian Winter Palaces Excavations (NT-period Jericho)",
        "years": "1950s Pritchard; Netzer 1973–1987 and later publication",
        "region": "Judea/Jerusalem",
        "location": "West Bank / Jericho oasis / Wadi Qelt mouth",
        "mgrs": "36RYA30212638",
        "verses": "Luke 19:1–10; Mark 10:46–52; Matthew 20:29–34; Luke 10:30",
        "found": "Herod’s winter palace complex; pools; frescoed halls; administrative buildings; Second Temple / Early Roman occupation distinct from OT tell (Tell es-Sultan Kenyon).",
        "support": "STRONG background for Gospel Jericho: a Herodian royal oasis city where Zacchaeus and Bartimaeus stories are set. Separate from Bronze/Iron Age tell debates in Phase 1. Shows wealthy NT-era Jericho Josephus also describes.",
        "sources": "E. Netzer, Hasmonean and Herodian Palaces at Jericho; https://www.biblicalarchaeology.org/; Expedition Bible note C27CmsSGx5Y (Jericho Unearthed — Garstang vs Kenyon); https://www.youtube.com/watch?v=C27CmsSGx5Y; K. Kenyon, Digging Up Jericho; J. Garstang, The Story of Jericho (1948)",
        "notes": "Explicitly distinct from Kenyon OT Jericho rows.",
        "status": "tourism / completed historic core",
        "campaigns": 1,
        "confidence": "confirmed",
        "biblical_name": "Jericho",
        "strongs_id": "G2410",
        "strongs_lang": "G",
        "strongs_url": "https://www.blueletterbible.org/lexicon/g2410/kjv/tr/0-1/",
        "strongs_lemma": "Ἰεριχώ",
        "strongs_gloss": "place of fragrance",
        "creation_ministry": {
          "blurb": "No site-specific AiG dig article verified. Creation Museum Borderland + Ark Encounter Jerusalem model provide first-century Jerusalem/Israel ministry theme only.",
          "aig": [],
          "creation_museum": [
            {
              "title": "New Exhibit Now Open at the Creation Museum",
              "url": "https://creationmuseum.org/blog/2021/07/08/new-exhibit-now-open-creation-museum/",
              "summary": "Announcement of Borderland: Israel at the Time of Jesus—first-century Israel context exhibit.",
              "exhibit_or_page": "Borderland: Israel at the Time of Jesus"
            }
          ],
          "ark_encounter": [
            {
              "title": "Update on Our Jerusalem Replica Project",
              "url": "https://arkencounter.com/blog/2023/05/04/update-our-jerusalem-replica-project/",
              "summary": "Ark Encounter ~2000 sq ft first-century Jerusalem model project for NT historical apologetics.",
              "exhibit_or_page": "First-century Jerusalem replica model"
            }
          ],
          "coverage": "theme_only",
          "researched_at": "2026-09-30"
        },
        "creation_ministry_blurb": "No site-specific AiG dig article verified. Creation Museum Borderland + Ark Encounter Jerusalem model provide first-century Jerusalem/Israel ministry theme only.",
        "creation_ministry_coverage": "theme_only",
        "creation_ministry_aig": [],
        "creation_ministry_museum": [
          {
            "title": "New Exhibit Now Open at the Creation Museum",
            "url": "https://creationmuseum.org/blog/2021/07/08/new-exhibit-now-open-creation-museum/",
            "summary": "Announcement of Borderland: Israel at the Time of Jesus—first-century Israel context exhibit.",
            "exhibit_or_page": "Borderland: Israel at the Time of Jesus"
          }
        ],
        "creation_ministry_ark": [
          {
            "title": "Update on Our Jerusalem Replica Project",
            "url": "https://arkencounter.com/blog/2023/05/04/update-our-jerusalem-replica-project/",
            "summary": "Ark Encounter ~2000 sq ft first-century Jerusalem model project for NT historical apologetics.",
            "exhibit_or_page": "First-century Jerusalem replica model"
          }
        ],
        "dig_halt": {
          "status": "no_halt_recorded",
          "date": null,
          "halted_by": null,
          "summary": "No dig halt is recorded for this site in the sources checked. High-profile halt searches prioritized Temple Mount restrictions, City of David/Silwan court orders, West Bank permit issues, Turkish foreign-mission suspensions, Jordan TeH, COVID project statements, and conflict interruptions (Syria/Iraq); this site did not yield a verified org/government stop-work or permit-revocation event.",
          "sources": []
        },
        "site_authority": {
          "name": "Palestinian Ministry of Tourism and Antiquities (MOTA) / Department of Antiquities and Cultural Heritage",
          "type": "national_antiquities",
          "role": "Palestinian Authority antiquities administration for sites under PA administration.",
          "contact_name": null,
          "contact_title": null,
          "contact_email": null,
          "contact_phone": null,
          "contact_url": "https://www.travelpalestine.ps/",
          "notes": "Herodian Jericho / Tulul Abu el-Alayiq — PA / complex jurisdiction.",
          "official_website": "https://whc.unesco.org/en/list/1687/"
        },
        "dig_status": "open",
        "eras": [
          "Iron Age",
          "New Testament era",
          "Roman / Byzantine"
        ],
        "official_website": "https://whc.unesco.org/en/list/1687/",
        "official_website_label": "UNESCO — Ancient Jericho / Tell es-Sultan",
        "status_kind": "dig"
      }
    },
    {
      "type": "Feature",
      "geometry": {
        "type": "Point",
        "coordinates": [
          35.45890936765114,
          31.74092192855833
        ]
      },
      "properties": {
        "id": "QUM-NT-01",
        "name": "Qumran",
        "layer": "nt_digs",
        "dig": "de Vaux Excavations — NT-era settlement & scroll-discovery context",
        "years": "1951–1956 (main); scroll caves 1947–1956 discoveries",
        "region": "Judea/Jerusalem",
        "location": "West Bank / NW Dead Sea",
        "mgrs": "36RYA32941435",
        "verses": "(Indirect): Luke 1–3 wilderness/Baptist milieu; Matthew 3; John 1:19–28; Acts 5:34–39 (Jewish sects background)",
        "found": "Sectarian settlement, mikva’ot, scriptorium debate rooms, cemetery, pottery; Dead Sea Scrolls in nearby caves—Second Temple Jewish texts contemporary with Jesus and earliest church.",
        "support": "STRONG background (not direct Gospel narrative): scrolls show Jewish diversity (Messiah hopes, purity, scripture interpretation) in Jesus’ century. Cross-ref Phase 1 QUM/DSS sheets. Settlement–Essene ID still debated (Magness et al.).",
        "sources": "https://www.deadseascrolls.org.il/ (Leon Levy DSS Digital Library / IAA); de Vaux, Archaeology and the Dead Sea Scrolls; J. Magness, The Archaeology of Qumran; Israel Museum Shrine of the Book",
        "notes": "Phase 2 row for NT-context pointer; full cave/manuscript detail in Phase 1. Channel videos (Alberino Analysis Giants + Enoch): DSS/Qumran cave manuscript angle; framing contested vs mainstream — presentation only, not dig consensus. Non-canonical finds.",
        "status": "tourism conservation / completed historic",
        "campaigns": 1,
        "confidence": "confirmed",
        "biblical_name": null,
        "strongs_id": null,
        "strongs_lang": null,
        "strongs_url": null,
        "strongs_lemma": null,
        "strongs_gloss": null,
        "strongs_null_reason": "Modern dig name; not an NT place lemma",
        "creation_ministry": {
          "blurb": "AiG mentions Dead Sea Scrolls / Qumran in travel and general archaeology apologetics, but no verified site-specific Qumran dig article series was found. Theme-level manuscript reliability—not a CM Qumran exhibit page.",
          "aig": [
            {
              "title": "Masada, Ein Gedi, Dead Sea Scrolls, and Abraham’s Tent",
              "url": "https://answersingenesis.org/blogs/international-outreach/2010/10/22/masada-ein-gedi-dead-sea-scrolls-and-abrahams-tent/",
              "summary": "AiG travel/outreach blog mentioning Masada and Dead Sea Scrolls/Qumran context.",
              "kind": "article"
            },
            {
              "title": "Does Archaeology Support the Bible?",
              "url": "https://answersingenesis.org/archaeology/does-archaeology-support-the-bible/",
              "summary": "General AiG archaeology apologetic overview (theme piece).",
              "kind": "article"
            }
          ],
          "creation_museum": [],
          "ark_encounter": [],
          "coverage": "theme_only",
          "researched_at": "2026-09-30"
        },
        "creation_ministry_blurb": "AiG mentions Dead Sea Scrolls / Qumran in travel and general archaeology apologetics, but no verified site-specific Qumran dig article series was found. Theme-level manuscript reliability—not a CM Qumran exhibit page.",
        "creation_ministry_coverage": "theme_only",
        "creation_ministry_aig": [
          {
            "title": "Masada, Ein Gedi, Dead Sea Scrolls, and Abraham’s Tent",
            "url": "https://answersingenesis.org/blogs/international-outreach/2010/10/22/masada-ein-gedi-dead-sea-scrolls-and-abrahams-tent/",
            "summary": "AiG travel/outreach blog mentioning Masada and Dead Sea Scrolls/Qumran context.",
            "kind": "article"
          },
          {
            "title": "Does Archaeology Support the Bible?",
            "url": "https://answersingenesis.org/archaeology/does-archaeology-support-the-bible/",
            "summary": "General AiG archaeology apologetic overview (theme piece).",
            "kind": "article"
          }
        ],
        "creation_ministry_museum": [],
        "creation_ministry_ark": [],
        "dig_halt": {
          "status": "no_halt_recorded",
          "date": null,
          "halted_by": null,
          "summary": "No dig halt is recorded for this site in the sources checked. High-profile halt searches prioritized Temple Mount restrictions, City of David/Silwan court orders, West Bank permit issues, Turkish foreign-mission suspensions, Jordan TeH, COVID project statements, and conflict interruptions (Syria/Iraq); this site did not yield a verified org/government stop-work or permit-revocation event.",
          "sources": []
        },
        "site_authority": {
          "name": "IAA + INPA (Qumran National Park)",
          "type": "mixed",
          "role": "Licenses excavations and oversees antiquities across Israel; regional offices handle site permits and finds.",
          "contact_name": null,
          "contact_title": "General inquiries (Mokedia)",
          "contact_email": "mokediaa@israntique.org.il",
          "contact_phone": "073-3507350",
          "contact_url": "https://www.iaa.org.il/en/page/contact-us",
          "notes": "Same Qumran complex as OT pin.",
          "official_website": "https://en.parks.org.il/reserve-park/qumran-park/"
        },
        "dig_status": "open",
        "eras": [
          "Persian / Hellenistic",
          "Roman / Byzantine",
          "New Testament era"
        ],
        "official_website": "https://en.parks.org.il/reserve-park/qumran-park/",
        "official_website_label": "INPA — Qumran National Park",
        "official_video_embed": "https://www.youtube.com/embed/W5jzLWdNTIQ",
        "official_video_source": "https://en.parks.org.il/reserve-park/qumran-park/",
        "official_video_provider": "youtube",
        "related_videos": [
          {
            "embed": "https://www.youtube.com/embed/zEW1k0qU8Sg",
            "provider": "youtube",
            "title": "The Alberino Analysis — The Book of Giants",
            "source": "https://www.youtube.com/watch?v=zEW1k0qU8Sg",
            "label": "Channel presentation (Timothy Alberino)",
            "disclosure": "Alberino’s Nephilim/Watchers framing is contested vs mainstream archaeology and Second Temple scholarship; embed as channel presentation only, not dig consensus. Book of Giants / 1 Enoch fragments are non-canonical DSS finds (not Holy Bible)."
          },
          {
            "embed": "https://www.youtube.com/embed/Er507MsGp0M",
            "provider": "youtube",
            "title": "The Alberino Analysis — The Book of Enoch",
            "source": "https://www.youtube.com/watch?v=Er507MsGp0M",
            "label": "Channel presentation (Timothy Alberino)",
            "disclosure": "Alberino’s Nephilim/Watchers framing is contested vs mainstream archaeology and Second Temple scholarship; embed as channel presentation only, not dig consensus. Book of Giants / 1 Enoch fragments are non-canonical DSS finds (not Holy Bible)."
          }
        ],
        "status_kind": "dig"
      }
    },
    {
      "type": "Feature",
      "geometry": {
        "type": "Point",
        "coordinates": [
          35.00097933791104,
          31.83895526298092
        ]
      },
      "properties": {
        "id": "EMM-01",
        "name": "Emmaus candidates — Emmaus Nicopolis (Imwas / Canada Park area)",
        "layer": "nt_digs",
        "dig": "Emmaus Nicopolis Excavations and Surveys",
        "years": "1880s–on; major 20th c. church digs; intermittent later",
        "region": "Judea/Jerusalem",
        "location": "Israel / Ayalon Valley / Latrun–Imwas area",
        "mgrs": "36RXA89352433",
        "verses": "Luke 24:13–35",
        "found": "Roman–Byzantine city of Nicopolis; churches commemorating Luke 24 appearance; mosaics; earlier occupation—one of several Emmaus candidates (also Motza/Qaloniyeh, el-Qubeibeh, Abu Ghosh).",
        "support": "DEBATED identification: Luke’s 60 stadia Emmaus has multiple claimants. Nicopolis has strong Byzantine pilgrim tradition and distance variants in manuscripts (60 vs 160 stadia). Archaeology confirms a real town remembered as Emmaus—does not settle which village Luke meant.",
        "sources": "https://www.bibleodyssey.org/; Emmaus Nicopolis excavation literature; textual notes on Luke 24:13 variants",
        "notes": "List as candidate; Motza often preferred by some modern scholars for 60-stadia reading.",
        "status": "tourism / parks conservation",
        "campaigns": 1,
        "confidence": "unconfirmed",
        "confidence_reason": "Workbook 'DEBATED identification': Luke's Emmaus has multiple claimants (Nicopolis/Motza/el-Qubeibeh/Abu Ghosh); listed as candidate; no consensus which village Luke meant.",
        "biblical_name": "Emmaus",
        "strongs_id": "G1695",
        "strongs_lang": "G",
        "strongs_url": "https://www.blueletterbible.org/lexicon/g1695/kjv/tr/0-1/",
        "strongs_lemma": "Ἐμμαοῦς",
        "strongs_gloss": "hot springs — candidate ID",
        "creation_ministry": {
          "blurb": "No site-specific AiG dig article verified. Creation Museum Borderland + Ark Encounter Jerusalem model provide first-century Jerusalem/Israel ministry theme only.",
          "aig": [],
          "creation_museum": [
            {
              "title": "New Exhibit Now Open at the Creation Museum",
              "url": "https://creationmuseum.org/blog/2021/07/08/new-exhibit-now-open-creation-museum/",
              "summary": "Announcement of Borderland: Israel at the Time of Jesus—first-century Israel context exhibit.",
              "exhibit_or_page": "Borderland: Israel at the Time of Jesus"
            }
          ],
          "ark_encounter": [
            {
              "title": "Update on Our Jerusalem Replica Project",
              "url": "https://arkencounter.com/blog/2023/05/04/update-our-jerusalem-replica-project/",
              "summary": "Ark Encounter ~2000 sq ft first-century Jerusalem model project for NT historical apologetics.",
              "exhibit_or_page": "First-century Jerusalem replica model"
            }
          ],
          "coverage": "theme_only",
          "researched_at": "2026-09-30"
        },
        "creation_ministry_blurb": "No site-specific AiG dig article verified. Creation Museum Borderland + Ark Encounter Jerusalem model provide first-century Jerusalem/Israel ministry theme only.",
        "creation_ministry_coverage": "theme_only",
        "creation_ministry_aig": [],
        "creation_ministry_museum": [
          {
            "title": "New Exhibit Now Open at the Creation Museum",
            "url": "https://creationmuseum.org/blog/2021/07/08/new-exhibit-now-open-creation-museum/",
            "summary": "Announcement of Borderland: Israel at the Time of Jesus—first-century Israel context exhibit.",
            "exhibit_or_page": "Borderland: Israel at the Time of Jesus"
          }
        ],
        "creation_ministry_ark": [
          {
            "title": "Update on Our Jerusalem Replica Project",
            "url": "https://arkencounter.com/blog/2023/05/04/update-our-jerusalem-replica-project/",
            "summary": "Ark Encounter ~2000 sq ft first-century Jerusalem model project for NT historical apologetics.",
            "exhibit_or_page": "First-century Jerusalem replica model"
          }
        ],
        "dig_halt": {
          "status": "no_halt_recorded",
          "date": null,
          "halted_by": null,
          "summary": "No dig halt is recorded for this site in the sources checked. High-profile halt searches prioritized Temple Mount restrictions, City of David/Silwan court orders, West Bank permit issues, Turkish foreign-mission suspensions, Jordan TeH, COVID project statements, and conflict interruptions (Syria/Iraq); this site did not yield a verified org/government stop-work or permit-revocation event.",
          "sources": []
        },
        "site_authority": {
          "name": "IAA / INPA Canada Park area context (Emmaus Nicopolis candidate)",
          "type": "mixed",
          "role": "Licenses excavations and oversees antiquities across Israel; regional offices handle site permits and finds.",
          "contact_name": null,
          "contact_title": "General inquiries (Mokedia)",
          "contact_email": "mokediaa@israntique.org.il",
          "contact_phone": "073-3507350",
          "contact_url": "https://www.iaa.org.il/en/page/contact-us",
          "notes": "Emmaus identification contested among candidates.",
          "official_website": "https://www.iaa.org.il/en"
        },
        "dig_status": "open",
        "eras": [
          "New Testament era",
          "Roman / Byzantine"
        ],
        "official_website": "https://www.iaa.org.il/en",
        "official_website_label": "Israel Antiquities Authority",
        "status_kind": "dig"
      }
    },
    {
      "type": "Feature",
      "geometry": {
        "type": "Point",
        "coordinates": [
          34.89098165003626,
          32.50049963344134
        ]
      },
      "properties": {
        "id": "CAES-01,CAES-02",
        "name": "Caesarea Maritima",
        "layer": "nt_digs",
        "dig": "Italian Mission — Theater Excavation (Pilate Inscription season)",
        "years": "1959–1964 (Pilate stone June 1961)",
        "region": "Coastal-Plain",
        "location": "Israel / Mediterranean coast / near Sdot Yam",
        "mgrs": "36SXA77659749",
        "verses": "Matthew 27:2, 11–26; Mark 15:1–15; Luke 3:1; Luke 23:1–25; Acts 10; Acts 23–26",
        "found": "Herodian theater; limestone block reused in 4th-c. stairs naming ‘[Pon]tius Pilatus … [pref]ectus Juda[ea]e’ and a Tiberieum dedication—only surviving contemporary inscription of Pontius Pilate.",
        "support": "STRONG corroboration: confirms Pilate’s name, title (prefect), and Judean post in Tiberius’ reign—matches Gospels and Tacitus/Josephus. Does not narrate the trial of Jesus; proves the governor was real and based in Caesarea.",
        "sources": "Frova 1961 editio princeps (Italian expedition, Caesarea theater); CIIP II 1277 / IAA 1961-529; Inscriptions of Israel/Palestine CAES0043; https://www.judaism-and-rome.org/dedication-pontius-pilate-judea-ciip-ii-1277 ; https://search.inscriptionsisraelpalestine.org/viewinscr/caes0043",
        "notes": "Display copy often on-site; original Israel Museum.",
        "status": "completed historic (inscription find) / site tourism active",
        "campaigns": 2,
        "confidence": "confirmed",
        "biblical_name": "Caesarea",
        "strongs_id": "G2542",
        "strongs_lang": "G",
        "strongs_url": "https://www.blueletterbible.org/lexicon/g2542/kjv/tr/0-1/",
        "strongs_lemma": "Καισάρεια",
        "strongs_gloss": "Caesarea (Maritima)",
        "creation_ministry": {
          "blurb": "AiG’s “6. Archaeological Finds” highlights the Pilate Dedication Stone from Caesarea Maritima as silencing older skepticism about Pilate. Ministry apologetic use of a famous 1961 find; no CM/Ark Caesarea exhibit page verified.",
          "aig": [
            {
              "title": "6. Archaeological Finds",
              "url": "https://answersingenesis.org/archaeology/6-archaeological-finds/",
              "summary": "AiG list including Tel Dan Stele (House of David) and Pilate Dedication Stone from Caesarea Maritima.",
              "kind": "article"
            },
            {
              "title": "Three Dead Rulers, One Risen King",
              "url": "https://answersingenesis.org/jesus/three-dead-rulers-one-risen-king/",
              "summary": "AiG notes Herodium copper ring with Pilato name among Herodian/Pilate-era finds.",
              "kind": "article"
            }
          ],
          "creation_museum": [],
          "ark_encounter": [],
          "coverage": "site_specific",
          "researched_at": "2026-09-30"
        },
        "creation_ministry_blurb": "AiG’s “6. Archaeological Finds” highlights the Pilate Dedication Stone from Caesarea Maritima as silencing older skepticism about Pilate. Ministry apologetic use of a famous 1961 find; no CM/Ark Caesarea exhibit page verified.",
        "creation_ministry_coverage": "site_specific",
        "creation_ministry_aig": [
          {
            "title": "6. Archaeological Finds",
            "url": "https://answersingenesis.org/archaeology/6-archaeological-finds/",
            "summary": "AiG list including Tel Dan Stele (House of David) and Pilate Dedication Stone from Caesarea Maritima.",
            "kind": "article"
          },
          {
            "title": "Three Dead Rulers, One Risen King",
            "url": "https://answersingenesis.org/jesus/three-dead-rulers-one-risen-king/",
            "summary": "AiG notes Herodium copper ring with Pilato name among Herodian/Pilate-era finds.",
            "kind": "article"
          }
        ],
        "creation_ministry_museum": [],
        "creation_ministry_ark": [],
        "dig_halt": {
          "status": "no_halt_recorded",
          "date": null,
          "halted_by": null,
          "summary": "No dig halt is recorded for this site in the sources checked. High-profile halt searches prioritized Temple Mount restrictions, City of David/Silwan court orders, West Bank permit issues, Turkish foreign-mission suspensions, Jordan TeH, COVID project statements, and conflict interruptions (Syria/Iraq); this site did not yield a verified org/government stop-work or permit-revocation event.",
          "sources": []
        },
        "site_authority": {
          "name": "INPA (Caesarea National Park) + IAA",
          "type": "mixed",
          "role": "INPA manages national-park visitor operations; IAA oversees antiquities and excavations within parks.",
          "contact_name": null,
          "contact_title": "INPA information / reservations",
          "contact_email": "moked@npa.org.il",
          "contact_phone": "*3639",
          "contact_url": "https://en.parks.org.il/",
          "notes": "Caesarea Maritima National Park.",
          "official_website": "https://en.parks.org.il/reserve-park/caesarea-national-park/"
        },
        "dig_status": "open",
        "eras": [
          "Roman / Byzantine",
          "New Testament era"
        ],
        "official_website": "https://en.parks.org.il/reserve-park/caesarea-national-park/",
        "official_website_label": "INPA — Caesarea National Park",
        "official_video_embed": "https://www.youtube.com/embed/cyIfNLsoqe0",
        "official_video_source": "https://en.parks.org.il/reserve-park/caesarea-national-park/",
        "official_video_provider": "youtube",
        "status_kind": "dig"
      }
    },
    {
      "type": "Feature",
      "geometry": {
        "type": "Point",
        "coordinates": [
          36.16098431482488,
          36.202446508283685
        ]
      },
      "properties": {
        "id": "ANT-01",
        "name": "Antioch on the Orontes (Antakya)",
        "layer": "nt_digs",
        "dig": "Princeton Antioch Excavations",
        "years": "1932–1939",
        "region": "Syria",
        "location": "Turkey / Hatay / Antakya (ancient Syrian Antioch)",
        "mgrs": "37SBA44751014",
        "verses": "Acts 11:19–30; Acts 13:1–3; Acts 14:26–28; Galatians 2:11–14",
        "found": "Roman–Byzantine urban remains; famous mosaic corpus; circus; villas; limited early Christian architecture recoverable under modern city—Illuminates the metropolis where disciples were first called Christians.",
        "support": "Background: confirms Antioch as a major Roman Syrian capital fitting Acts’ mission hub. Early house-church archaeology is sparse under modern Antakya; mosaics and urban scale set the scene for Gentile mission debates (Gal 2).",
        "sources": "Princeton Antioch publications; https://www.bibleodyssey.org/; Hatay Archaeology Museum mosaics",
        "notes": "Modern Turkish Antakya; 2023 earthquake damage to region noted in news—check current access.",
        "status": "completed historic / urban overlay limits",
        "campaigns": 1,
        "confidence": "confirmed",
        "biblical_name": "Antioch",
        "strongs_id": "G490",
        "strongs_lang": "G",
        "strongs_url": "https://www.blueletterbible.org/lexicon/g490/kjv/tr/0-1/",
        "strongs_lemma": "Ἀντιόχεια",
        "strongs_gloss": "driven against; Syrian Antioch",
        "creation_ministry": {
          "blurb": "No site-specific AiG / Creation Museum / Ark Encounter page was verified for this NT site. CM Borderland and Ark Encounter’s Jerusalem model are thematic NT ministry exhibits only—not dig reports for this coordinate.",
          "aig": [],
          "creation_museum": [],
          "ark_encounter": [],
          "coverage": "none_found",
          "researched_at": "2026-09-30"
        },
        "creation_ministry_blurb": "No site-specific AiG / Creation Museum / Ark Encounter page was verified for this NT site. CM Borderland and Ark Encounter’s Jerusalem model are thematic NT ministry exhibits only—not dig reports for this coordinate.",
        "creation_ministry_coverage": "none_found",
        "creation_ministry_aig": [],
        "creation_ministry_museum": [],
        "creation_ministry_ark": [],
        "dig_halt": {
          "status": "no_halt_recorded",
          "date": null,
          "halted_by": null,
          "summary": "No dig halt is recorded for this site in the sources checked. High-profile halt searches prioritized Temple Mount restrictions, City of David/Silwan court orders, West Bank permit issues, Turkish foreign-mission suspensions, Jordan TeH, COVID project statements, and conflict interruptions (Syria/Iraq); this site did not yield a verified org/government stop-work or permit-revocation event.",
          "sources": []
        },
        "site_authority": {
          "name": "Republic of Türkiye Ministry of Culture and Tourism — General Directorate of Cultural Heritage and Museums",
          "type": "national_antiquities",
          "role": "Oversees museums, archaeological sites (örenyerleri), and excavation permits in Türkiye.",
          "contact_name": null,
          "contact_title": "General Directorate contact",
          "contact_email": "kulturvarlikmuze@ktb.gov.tr",
          "contact_phone": "+90-312-470-6464",
          "contact_url": "https://kvmgm.ktb.gov.tr/TR-138338/merkez-teskilati-iletisim-bilgileri.html",
          "notes": "Antakya / Antioch on the Orontes — Hatay museum/MoC jurisdiction.",
          "official_website": "https://muze.gov.tr/"
        },
        "dig_status": "open",
        "eras": [
          "New Testament era",
          "Roman / Byzantine"
        ],
        "official_website": "https://muze.gov.tr/",
        "official_website_label": "Türkiye Museums (MoC)",
        "status_kind": "dig"
      }
    },
    {
      "type": "Feature",
      "geometry": {
        "type": "Point",
        "coordinates": [
          32.41499878709633,
          34.75698508209781
        ]
      },
      "properties": {
        "id": "CYP-01",
        "name": "Paphos (Nea Paphos), Cyprus",
        "layer": "nt_digs",
        "dig": "Department of Antiquities / Polish & international Nea Paphos Excavations",
        "years": "1960s–present (continuous national & foreign missions)",
        "region": "Cyprus",
        "location": "Cyprus / SW coast / Kato Paphos",
        "mgrs": "36SVD46464625",
        "verses": "Acts 13:4–12",
        "found": "Roman governor’s villa complexes; agora; theater; Tombs of the Kings; mosaics; inscriptional evidence for proconsular administration—setting for Sergius Paulus narrative.",
        "support": "Background with inscriptional support nearby: Cyprus was a senatorial province with a proconsul, matching Acts 13. A Latin inscription from elsewhere in Cyprus names a Sergius Paulus family member—often linked (debated degree) to Acts’ Sergius Paulus. City archaeology shows the elite Roman milieu.",
        "sources": "https://www.bibleodyssey.org/; Cyprus Dept. of Antiquities; discussions of Sergius Paulus inscriptions",
        "notes": "Sergius Paulus personal ID = inscriptional debate; office type = solid.",
        "status": "active / tourism UNESCO",
        "campaigns": 1,
        "confidence": "confirmed",
        "biblical_name": "Paphos",
        "strongs_id": "G3974",
        "strongs_lang": "G",
        "strongs_url": "https://www.blueletterbible.org/lexicon/g3974/kjv/tr/0-1/",
        "strongs_lemma": "Πάφος",
        "strongs_gloss": "boiling / hot; Cyprus city",
        "creation_ministry": {
          "blurb": "No site-specific AiG / Creation Museum / Ark Encounter page was verified for this NT site. CM Borderland and Ark Encounter’s Jerusalem model are thematic NT ministry exhibits only—not dig reports for this coordinate.",
          "aig": [],
          "creation_museum": [],
          "ark_encounter": [],
          "coverage": "none_found",
          "researched_at": "2026-09-30"
        },
        "creation_ministry_blurb": "No site-specific AiG / Creation Museum / Ark Encounter page was verified for this NT site. CM Borderland and Ark Encounter’s Jerusalem model are thematic NT ministry exhibits only—not dig reports for this coordinate.",
        "creation_ministry_coverage": "none_found",
        "creation_ministry_aig": [],
        "creation_ministry_museum": [],
        "creation_ministry_ark": [],
        "dig_halt": {
          "status": "no_halt_recorded",
          "date": null,
          "halted_by": null,
          "summary": "No dig halt is recorded for this site in the sources checked. High-profile halt searches prioritized Temple Mount restrictions, City of David/Silwan court orders, West Bank permit issues, Turkish foreign-mission suspensions, Jordan TeH, COVID project statements, and conflict interruptions (Syria/Iraq); this site did not yield a verified org/government stop-work or permit-revocation event.",
          "sources": []
        },
        "site_authority": {
          "name": "Department of Antiquities, Cyprus",
          "type": "national_antiquities",
          "role": "National department managing archaeological sites and museums in Cyprus.",
          "contact_name": null,
          "contact_title": "Department of Antiquities",
          "contact_email": "antiquitiesdept@da.culture.gov.cy",
          "contact_phone": null,
          "contact_url": "https://www.culture.gov.cy/dmculture/DA/DA.nsf/DMLcontactus_gr/DMLcontactus_gr?OpenDocument=",
          "notes": "Nea Paphos — Cyprus Department of Antiquities; UNESCO WH.",
          "official_website": "https://whc.unesco.org/en/list/79/"
        },
        "dig_status": "open",
        "eras": [
          "New Testament era",
          "Roman / Byzantine"
        ],
        "official_website": "https://whc.unesco.org/en/list/79/",
        "official_website_label": "UNESCO — Paphos",
        "status_kind": "dig"
      }
    },
    {
      "type": "Feature",
      "geometry": {
        "type": "Point",
        "coordinates": [
          27.34095765051662,
          37.93898390179516
        ]
      },
      "properties": {
        "id": "EPH-01",
        "name": "Ephesus (Efes)",
        "layer": "nt_digs",
        "dig": "Austrian Archaeological Institute Ephesos Excavations",
        "years": "1895–present (with wartime pauses)",
        "region": "Anatolia",
        "location": "Turkey / Selçuk / ancient Ephesus",
        "mgrs": "35SNB29969910",
        "verses": "Acts 19:1–41; Acts 20:16–38; Ephesians 1:1; 1 Corinthians 15:32; 1 Timothy 1:3; Revelation 2:1–7",
        "found": "Theater (~25,000 capacity) of Acts 19 riot setting; Terrace Houses; Library of Celsus (early 2nd c.); Artemis temple remains; agorae; Harbor Street; inscriptional life of a Neokoros imperial-cult city.",
        "support": "STRONG background: theater and Artemis cult make Demetrius the silversmith riot (Acts 19) socially plausible. City was a top Asian metropolis matching Paul’s long stay and Revelation’s letter to Ephesus. Celsus Library is slightly post-Paul.  Politics can stop a trowel mid-season: in September 2016 Türkiye’s Foreign Ministry cancelled the long-running Austrian Archaeological Institute dig at Ephesus about two months early during a diplomatic dispute with Austria; Culture Ministry officials took over the handover. Austrian work was later green-lit again around 2018.",
        "sources": "https://www.oeaw.ac.at/; Forschungen in Ephesos series; https://www.bibleodyssey.org/",
        "notes": "One of archaeology’s longest continuous classical digs.",
        "status": "active / tourism UNESCO",
        "campaigns": 1,
        "confidence": "confirmed",
        "biblical_name": "Ephesus",
        "strongs_id": "G2181",
        "strongs_lang": "G",
        "strongs_url": "https://www.blueletterbible.org/lexicon/g2181/kjv/tr/0-1/",
        "strongs_lemma": "Ἔφεσος",
        "strongs_gloss": "permitted; Asian metropolis",
        "creation_ministry": {
          "blurb": "No site-specific AiG / Creation Museum / Ark Encounter page was verified for this NT site. CM Borderland and Ark Encounter’s Jerusalem model are thematic NT ministry exhibits only—not dig reports for this coordinate.",
          "aig": [],
          "creation_museum": [],
          "ark_encounter": [],
          "coverage": "none_found",
          "researched_at": "2026-09-30"
        },
        "creation_ministry_blurb": "No site-specific AiG / Creation Museum / Ark Encounter page was verified for this NT site. CM Borderland and Ark Encounter’s Jerusalem model are thematic NT ministry exhibits only—not dig reports for this coordinate.",
        "creation_ministry_coverage": "none_found",
        "creation_ministry_aig": [],
        "creation_ministry_museum": [],
        "creation_ministry_ark": [],
        "dig_halt": {
          "status": "halt_recorded",
          "date": "2016-09 (season cancelled ~2 months early); Austrian work resumed ~2018",
          "halted_by": "Republic of Türkiye Ministry of Foreign Affairs decision; Culture and Tourism Ministry officials implemented handover",
          "summary": "In September 2016 Turkish authorities cancelled the Austrian Archaeological Institute’s Ephesus season about two months early amid a diplomatic row with Austria. Hürriyet Daily News reported the Foreign Ministry decision and Culture and Tourism Ministry handover of the works; related Austrian permits (e.g. Limyra) were also cancelled. Austrian fieldwork at Ephesus was later allowed to resume around 2018 after relations eased.",
          "sources": [
            "https://www.hurriyetdailynews.com/ephesus-excavations-canceled---103554",
            "https://www.hurriyetdailynews.com/austrian-archaeological-excavations-in-turkey-canceled-amid-diplomatic-row-103629",
            "https://www.archaeology.wiki/blog/2018/01/31/yes-resuming-austrian-excavations-ancient-ephesus/"
          ]
        },
        "site_authority": {
          "name": "Republic of Türkiye Ministry of Culture and Tourism — General Directorate of Cultural Heritage and Museums",
          "type": "national_antiquities",
          "role": "Oversees museums, archaeological sites (örenyerleri), and excavation permits in Türkiye.",
          "contact_name": null,
          "contact_title": "General Directorate contact",
          "contact_email": "kulturvarlikmuze@ktb.gov.tr",
          "contact_phone": "+90-312-470-6464",
          "contact_url": "https://kvmgm.ktb.gov.tr/TR-138338/merkez-teskilati-iletisim-bilgileri.html",
          "notes": "Ephesus — Turkish MoC / Ephesus Museum; Austrian AI long partnership.",
          "official_website": "https://muze.gov.tr/muze-detay?SectionId=EFS01&DistId=EFS"
        },
        "dig_status": "halted",
        "eras": [
          "New Testament era"
        ],
        "official_website": "https://muze.gov.tr/muze-detay?SectionId=EFS01&DistId=EFS",
        "official_website_label": "Türkiye MoC — Ephesus Archaeological Site",
        "status_kind": "dig"
      }
    },
    {
      "type": "Feature",
      "geometry": {
        "type": "Point",
        "coordinates": [
          27.18292117609344,
          39.13199226070329
        ]
      },
      "properties": {
        "id": "PERG-01",
        "name": "Pergamon (Pergamum / Bergama)",
        "layer": "nt_digs",
        "dig": "German Archaeological Institute Pergamon Excavations",
        "years": "1878–present (major phases)",
        "region": "Anatolia",
        "location": "Turkey / Bergama / acropolis and Asklepion",
        "mgrs": "35SND15813144",
        "verses": "Revelation 2:12–17",
        "found": "Acropolis temples (including Zeus/Trajaneum complexes); library tradition; Asklepion healing center; theater; ‘throne’/altar architecture popularly linked to Revelation’s ‘throne of Satan’ metaphor (interpretive).",
        "support": "Background: Pergamon was a major imperial-cult and pagan healing center—fits Revelation’s sharp polemic tone. ‘Satan’s throne’ = metaphor debated (Zeus altar vs imperial cult vs Asklepios). Archaeology proves the city’s cultic intensity, not a literal throne label.",
        "sources": "DAI Pergamon publications; https://www.bibleodyssey.org/; UNESCO Pergamon",
        "notes": "Altar of Zeus fragments largely in Berlin Pergamonmuseum.",
        "status": "active / tourism UNESCO",
        "campaigns": 1,
        "confidence": "confirmed",
        "biblical_name": "Pergamos",
        "strongs_id": "G4010",
        "strongs_lang": "G",
        "strongs_url": "https://www.blueletterbible.org/lexicon/g4010/kjv/tr/0-1/",
        "strongs_lemma": "Πέργαμος",
        "strongs_gloss": "height / fortified; Asian city",
        "creation_ministry": {
          "blurb": "No site-specific AiG / Creation Museum / Ark Encounter page was verified for this NT site. CM Borderland and Ark Encounter’s Jerusalem model are thematic NT ministry exhibits only—not dig reports for this coordinate.",
          "aig": [],
          "creation_museum": [],
          "ark_encounter": [],
          "coverage": "none_found",
          "researched_at": "2026-09-30"
        },
        "creation_ministry_blurb": "No site-specific AiG / Creation Museum / Ark Encounter page was verified for this NT site. CM Borderland and Ark Encounter’s Jerusalem model are thematic NT ministry exhibits only—not dig reports for this coordinate.",
        "creation_ministry_coverage": "none_found",
        "creation_ministry_aig": [],
        "creation_ministry_museum": [],
        "creation_ministry_ark": [],
        "dig_halt": {
          "status": "no_halt_recorded",
          "date": null,
          "halted_by": null,
          "summary": "No dig halt is recorded for this site in the sources checked. High-profile halt searches prioritized Temple Mount restrictions, City of David/Silwan court orders, West Bank permit issues, Turkish foreign-mission suspensions, Jordan TeH, COVID project statements, and conflict interruptions (Syria/Iraq); this site did not yield a verified org/government stop-work or permit-revocation event.",
          "sources": []
        },
        "site_authority": {
          "name": "Republic of Türkiye Ministry of Culture and Tourism — General Directorate of Cultural Heritage and Museums",
          "type": "national_antiquities",
          "role": "Oversees museums, archaeological sites (örenyerleri), and excavation permits in Türkiye.",
          "contact_name": null,
          "contact_title": "General Directorate contact",
          "contact_email": "kulturvarlikmuze@ktb.gov.tr",
          "contact_phone": "+90-312-470-6464",
          "contact_url": "https://kvmgm.ktb.gov.tr/TR-138338/merkez-teskilati-iletisim-bilgileri.html",
          "notes": "Pergamon — Turkish MoC; German DAI historically.",
          "official_website": "https://muze.gov.tr/"
        },
        "dig_status": "open",
        "eras": [
          "New Testament era"
        ],
        "official_website": "https://muze.gov.tr/",
        "official_website_label": "Türkiye Museums (MoC) — Pergamon area",
        "status_kind": "dig"
      }
    },
    {
      "type": "Feature",
      "geometry": {
        "type": "Point",
        "coordinates": [
          27.13895331008923,
          38.41895725226791
        ]
      },
      "properties": {
        "id": "SMYR-01",
        "name": "Smyrna (Izmir — Agora and Bayraklı core)",
        "layer": "nt_digs",
        "dig": "Smyrna Agora Excavations / Old Smyrna (Bayraklı) Digs",
        "years": "Old Smyrna 1948–1951 etc.; Agora excavations ongoing 20th–21st c.",
        "region": "Anatolia",
        "location": "Turkey / Izmir / Agora Open Air Museum & Bayraklı",
        "mgrs": "35SNC12135231",
        "verses": "Revelation 2:8–11",
        "found": "Roman agora basements and basilicas; graffiti; civic architecture of Roman Smyrna; earlier Aeolic Old Smyrna mound at Bayraklı—urban continuity for the Revelation church city.",
        "support": "Background: confirms Smyrna as a prosperous Roman Asian city matching Revelation’s letter to a pressured Christian community. No inscription naming the Revelation author on-site; civic wealth and imperial loyalty context are clear.",
        "sources": "https://www.izmirmuzeleri.gov.tr/; archaeological reports on Smyrna Agora; Bible Odyssey Asia Minor churches",
        "notes": "Modern Izmir covers much of the Roman city.",
        "status": "active / tourism",
        "campaigns": 1,
        "confidence": "confirmed",
        "biblical_name": "Smyrna",
        "strongs_id": "G4667",
        "strongs_lang": "G",
        "strongs_url": "https://www.blueletterbible.org/lexicon/g4667/kjv/tr/0-1/",
        "strongs_lemma": "Σμύρνα",
        "strongs_gloss": "myrrh; Asian city",
        "creation_ministry": {
          "blurb": "No site-specific AiG / Creation Museum / Ark Encounter page was verified for this NT site. CM Borderland and Ark Encounter’s Jerusalem model are thematic NT ministry exhibits only—not dig reports for this coordinate.",
          "aig": [],
          "creation_museum": [],
          "ark_encounter": [],
          "coverage": "none_found",
          "researched_at": "2026-09-30"
        },
        "creation_ministry_blurb": "No site-specific AiG / Creation Museum / Ark Encounter page was verified for this NT site. CM Borderland and Ark Encounter’s Jerusalem model are thematic NT ministry exhibits only—not dig reports for this coordinate.",
        "creation_ministry_coverage": "none_found",
        "creation_ministry_aig": [],
        "creation_ministry_museum": [],
        "creation_ministry_ark": [],
        "dig_halt": {
          "status": "no_halt_recorded",
          "date": null,
          "halted_by": null,
          "summary": "No dig halt is recorded for this site in the sources checked. High-profile halt searches prioritized Temple Mount restrictions, City of David/Silwan court orders, West Bank permit issues, Turkish foreign-mission suspensions, Jordan TeH, COVID project statements, and conflict interruptions (Syria/Iraq); this site did not yield a verified org/government stop-work or permit-revocation event.",
          "sources": []
        },
        "site_authority": {
          "name": "Republic of Türkiye Ministry of Culture and Tourism — General Directorate of Cultural Heritage and Museums",
          "type": "national_antiquities",
          "role": "Oversees museums, archaeological sites (örenyerleri), and excavation permits in Türkiye.",
          "contact_name": null,
          "contact_title": "General Directorate contact",
          "contact_email": "kulturvarlikmuze@ktb.gov.tr",
          "contact_phone": "+90-312-470-6464",
          "contact_url": "https://kvmgm.ktb.gov.tr/TR-138338/merkez-teskilati-iletisim-bilgileri.html",
          "notes": "Smyrna/Izmir agora — Turkish MoC / Izmir museums.",
          "official_website": "https://muze.gov.tr/"
        },
        "dig_status": "open",
        "eras": [
          "New Testament era",
          "Roman / Byzantine"
        ],
        "official_website": "https://muze.gov.tr/",
        "official_website_label": "Türkiye Museums (MoC)",
        "status_kind": "dig"
      }
    },
    {
      "type": "Feature",
      "geometry": {
        "type": "Point",
        "coordinates": [
          26.157926769417536,
          39.75099775880235
        ]
      },
      "properties": {
        "id": "TROAS-01",
        "name": "Alexandria Troas",
        "layer": "nt_digs",
        "dig": "Alexandria Troas Survey and Excavations",
        "years": "Intermittent 19th–21st c.; modern systematic work limited vs Ephesus",
        "region": "Anatolia",
        "location": "Turkey / SW of Çanakkale / near Dalyan",
        "mgrs": "35SME27860046",
        "verses": "Acts 16:8–11; Acts 20:5–12; 2 Corinthians 2:12; 2 Timothy 4:13",
        "found": "Roman harbor city remains: bath, gymnasium, aqueduct, street grids, necropolis—port where Paul saw the Macedonia vision and later raised Eutychus (Acts 20) in the narrative.",
        "support": "Background: verifies a major Aegean port on Paul’s routes. Sparse popular publication vs Ephesus; geography of Acts itineraries holds.",
        "sources": "Regional Turkish archaeological literature; Bible atlas / Odyssey Troas entries; travelers’ corpora",
        "notes": "Less tourist-excavated than Ephesus; still a real Pauline waypoint.",
        "status": "paused / limited active / ruins accessible",
        "campaigns": 1,
        "confidence": "confirmed",
        "biblical_name": "Troas",
        "strongs_id": "G5174",
        "strongs_lang": "G",
        "strongs_url": "https://www.blueletterbible.org/lexicon/g5174/kjv/tr/0-1/",
        "strongs_lemma": "Τρῳάς",
        "strongs_gloss": "Trojan; Aegean port",
        "creation_ministry": {
          "blurb": "No site-specific AiG / Creation Museum / Ark Encounter page was verified for this NT site. CM Borderland and Ark Encounter’s Jerusalem model are thematic NT ministry exhibits only—not dig reports for this coordinate.",
          "aig": [],
          "creation_museum": [],
          "ark_encounter": [],
          "coverage": "none_found",
          "researched_at": "2026-09-30"
        },
        "creation_ministry_blurb": "No site-specific AiG / Creation Museum / Ark Encounter page was verified for this NT site. CM Borderland and Ark Encounter’s Jerusalem model are thematic NT ministry exhibits only—not dig reports for this coordinate.",
        "creation_ministry_coverage": "none_found",
        "creation_ministry_aig": [],
        "creation_ministry_museum": [],
        "creation_ministry_ark": [],
        "dig_halt": {
          "status": "no_halt_recorded",
          "date": null,
          "halted_by": null,
          "summary": "No dig halt is recorded for this site in the sources checked. High-profile halt searches prioritized Temple Mount restrictions, City of David/Silwan court orders, West Bank permit issues, Turkish foreign-mission suspensions, Jordan TeH, COVID project statements, and conflict interruptions (Syria/Iraq); this site did not yield a verified org/government stop-work or permit-revocation event.",
          "sources": []
        },
        "site_authority": {
          "name": "Republic of Türkiye Ministry of Culture and Tourism — General Directorate of Cultural Heritage and Museums",
          "type": "national_antiquities",
          "role": "Oversees museums, archaeological sites (örenyerleri), and excavation permits in Türkiye.",
          "contact_name": null,
          "contact_title": "General Directorate contact",
          "contact_email": "kulturvarlikmuze@ktb.gov.tr",
          "contact_phone": "+90-312-470-6464",
          "contact_url": "https://kvmgm.ktb.gov.tr/TR-138338/merkez-teskilati-iletisim-bilgileri.html",
          "notes": "Alexandria Troas — Turkish MoC.",
          "official_website": "https://muze.gov.tr/"
        },
        "dig_status": "open",
        "eras": [
          "New Testament era",
          "Roman / Byzantine"
        ],
        "official_website": "https://muze.gov.tr/",
        "official_website_label": "Türkiye Museums (MoC)",
        "status_kind": "dig"
      }
    },
    {
      "type": "Feature",
      "geometry": {
        "type": "Point",
        "coordinates": [
          32.249938109963516,
          37.599998801687335
        ]
      },
      "properties": {
        "id": "ICON-01",
        "name": "Iconium / Lystra / Derbe region (Konya plain sites)",
        "layer": "nt_digs",
        "dig": "Surveys and limited digs at Lystra (Hatunsaray), Derbe (Kerti Höyük candidates), Iconium (Konya)",
        "years": "Epigraphic surveys 1880s–; modern salvage intermittent",
        "region": "Anatolia",
        "location": "Turkey / Konya Province / Lycaonia",
        "mgrs": "36SVG33796170",
        "verses": "Acts 13:51–14:23; Acts 16:1–3; 2 Timothy 3:11",
        "found": "Inscriptions and settlement mounds identifying Lystra and Derbe candidates; Roman road networks; limited urban exposure under/near modern villages—Timothy’s homeland region.",
        "support": "Background: epigraphy anchors Lystra/Derbe/Iconium as real Lycaonian towns on Paul’s route. Not monumental theater archaeology; place-name confirmation is the main win.",
        "sources": "M. Ballance, ‘Roman Roads of Lycaonia’; Sterrett Wolfe Expedition; Acts commentaries citing inscriptions",
        "notes": "Coordinates = regional centroid near Lystra area—notes say approximate multi-site cluster.",
        "status": "intermittent survey / limited excavation",
        "campaigns": 1,
        "confidence": "confirmed",
        "biblical_name": "Iconium",
        "strongs_id": "G2430",
        "strongs_lang": "G",
        "strongs_url": "https://www.blueletterbible.org/lexicon/g2430/kjv/tr/0-1/",
        "strongs_lemma": "Ἰκόνιον",
        "strongs_gloss": "little image; Lycaonian city (primary of three)",
        "creation_ministry": {
          "blurb": "No site-specific AiG / Creation Museum / Ark Encounter page was verified for this NT site. CM Borderland and Ark Encounter’s Jerusalem model are thematic NT ministry exhibits only—not dig reports for this coordinate.",
          "aig": [],
          "creation_museum": [],
          "ark_encounter": [],
          "coverage": "none_found",
          "researched_at": "2026-09-30"
        },
        "creation_ministry_blurb": "No site-specific AiG / Creation Museum / Ark Encounter page was verified for this NT site. CM Borderland and Ark Encounter’s Jerusalem model are thematic NT ministry exhibits only—not dig reports for this coordinate.",
        "creation_ministry_coverage": "none_found",
        "creation_ministry_aig": [],
        "creation_ministry_museum": [],
        "creation_ministry_ark": [],
        "dig_halt": {
          "status": "no_halt_recorded",
          "date": null,
          "halted_by": null,
          "summary": "No dig halt is recorded for this site in the sources checked. High-profile halt searches prioritized Temple Mount restrictions, City of David/Silwan court orders, West Bank permit issues, Turkish foreign-mission suspensions, Jordan TeH, COVID project statements, and conflict interruptions (Syria/Iraq); this site did not yield a verified org/government stop-work or permit-revocation event.",
          "sources": []
        },
        "site_authority": {
          "name": "Republic of Türkiye Ministry of Culture and Tourism — General Directorate of Cultural Heritage and Museums",
          "type": "national_antiquities",
          "role": "Oversees museums, archaeological sites (örenyerleri), and excavation permits in Türkiye.",
          "contact_name": null,
          "contact_title": "General Directorate contact",
          "contact_email": "kulturvarlikmuze@ktb.gov.tr",
          "contact_phone": "+90-312-470-6464",
          "contact_url": "https://kvmgm.ktb.gov.tr/TR-138338/merkez-teskilati-iletisim-bilgileri.html",
          "notes": "Konya plain (Iconium/Lystra/Derbe region) — Turkish MoC; multi-site corridor within Türkiye.",
          "official_website": "https://muze.gov.tr/"
        },
        "dig_status": "open",
        "eras": [
          "New Testament era",
          "Roman / Byzantine"
        ],
        "official_website": "https://muze.gov.tr/",
        "official_website_label": "Türkiye Museums (MoC)",
        "status_kind": "dig"
      }
    },
    {
      "type": "Feature",
      "geometry": {
        "type": "Point",
        "coordinates": [
          26.54793824538052,
          37.30794151829599
        ]
      },
      "properties": {
        "id": "PAT-01",
        "name": "Patmos (Apocalypse cave tradition / early Christian remains)",
        "layer": "nt_digs",
        "dig": "Patmos Monastery & Cave of the Apocalypse — archaeological / architectural study",
        "years": "Medieval monastery 1088 onward; modern conservation archaeology 20th–21st c.",
        "region": "Anatolia",
        "location": "Greece / Dodecanese / Island of Patmos",
        "mgrs": "35SMB59942913",
        "verses": "Revelation 1:9–11",
        "found": "Cave shrine traditionally linked to John’s visions; fortified Monastery of St. John; Byzantine–medieval pilgrimage complex. Little published first-century occupation archaeology comparable to mainland tells.",
        "support": "Tradition/background: island matches Revelation’s exile setting under Domitian (traditional dating debated). Archaeology mainly documents Christian memory architecture, not a first-century scriptorium find.",
        "sources": "UNESCO Historic Centre (Chora) with Monastery of Saint John; Greek Ministry culture pages",
        "notes": "Include carefully—archaeology is pilgrimage-medieval heavy. Region tagged Anatolia for Seven Churches / Revelation circuit convenience (island off Asia Minor).",
        "status": "tourism conservation / UNESCO",
        "campaigns": 1,
        "confidence": "unconfirmed",
        "confidence_reason": "Workbook: island matches exile setting, but archaeology is pilgrimage/medieval-heavy; Apocalypse cave = tradition, not a confirmed 1st-c. scriptorium find.",
        "biblical_name": "Patmos",
        "strongs_id": "G3963",
        "strongs_lang": "G",
        "strongs_url": "https://www.blueletterbible.org/lexicon/g3963/kjv/tr/0-1/",
        "strongs_lemma": "Πάτμος",
        "strongs_gloss": "my killing; Aegean island",
        "creation_ministry": {
          "blurb": "No site-specific AiG / Creation Museum / Ark Encounter page was verified for this NT site. CM Borderland and Ark Encounter’s Jerusalem model are thematic NT ministry exhibits only—not dig reports for this coordinate.",
          "aig": [],
          "creation_museum": [],
          "ark_encounter": [],
          "coverage": "none_found",
          "researched_at": "2026-09-30"
        },
        "creation_ministry_blurb": "No site-specific AiG / Creation Museum / Ark Encounter page was verified for this NT site. CM Borderland and Ark Encounter’s Jerusalem model are thematic NT ministry exhibits only—not dig reports for this coordinate.",
        "creation_ministry_coverage": "none_found",
        "creation_ministry_aig": [],
        "creation_ministry_museum": [],
        "creation_ministry_ark": [],
        "dig_halt": {
          "status": "no_halt_recorded",
          "date": null,
          "halted_by": null,
          "summary": "No dig halt is recorded for this site in the sources checked. High-profile halt searches prioritized Temple Mount restrictions, City of David/Silwan court orders, West Bank permit issues, Turkish foreign-mission suspensions, Jordan TeH, COVID project statements, and conflict interruptions (Syria/Iraq); this site did not yield a verified org/government stop-work or permit-revocation event.",
          "sources": []
        },
        "site_authority": {
          "name": "Republic of Türkiye Ministry of Culture and Tourism — General Directorate of Cultural Heritage and Museums",
          "type": "national_antiquities",
          "role": "Oversees museums, archaeological sites (örenyerleri), and excavation permits in Türkiye.",
          "contact_name": null,
          "contact_title": "General Directorate contact",
          "contact_email": "kulturvarlikmuze@ktb.gov.tr",
          "contact_phone": "+90-312-470-6464",
          "contact_url": "https://kvmgm.ktb.gov.tr/TR-138338/merkez-teskilati-iletisim-bilgileri.html",
          "notes": "Patmos — Turkish MoC; Monastery of St. John also church authority for cave tradition.",
          "official_website": "https://muze.gov.tr/"
        },
        "dig_status": "open",
        "eras": [
          "New Testament era",
          "Roman / Byzantine"
        ],
        "official_website": "https://muze.gov.tr/",
        "official_website_label": "Türkiye Museums (MoC)",
        "status_kind": "dig"
      }
    },
    {
      "type": "Feature",
      "geometry": {
        "type": "Point",
        "coordinates": [
          29.106992722344962,
          37.8359924370074
        ]
      },
      "properties": {
        "id": "LAOD-01",
        "name": "Laodicea on the Lycus",
        "layer": "nt_digs",
        "dig": "Laodicea Excavation & Restoration Project",
        "years": "2003–present (major modern campaign)",
        "region": "Anatolia",
        "location": "Turkey / near Denizli / Lycus valley",
        "mgrs": "35SPB85418971",
        "verses": "Revelation 3:14–22; Colossians 2:1; Colossians 4:13–16",
        "found": "Syrian Street, theaters, temples, water systems, churches; nymphaea—wealthy Asian city whose lukewarm water metaphor in Revelation 3 is often linked to local aqueduct tepid water (interpretive).",
        "support": "Background: wealthy Laodicea matches Revelation’s ‘rich and in need of nothing’ critique. Water-system lukewarm analogy is popular and plausible, not proven as John’s intent. Strong urban fit for the letter.",
        "sources": "Şimşek Laodicea publications; Turkish Ministry culture; Bible Odyssey Laodicea",
        "notes": "Often visited with Hierapolis / Colossae valley.",
        "status": "active / tourism",
        "campaigns": 1,
        "confidence": "confirmed",
        "biblical_name": "Laodicea",
        "strongs_id": "G2993",
        "strongs_lang": "G",
        "strongs_url": "https://www.blueletterbible.org/lexicon/g2993/kjv/tr/0-1/",
        "strongs_lemma": "Λαοδίκεια",
        "strongs_gloss": "justice of the people",
        "creation_ministry": {
          "blurb": "No site-specific AiG / Creation Museum / Ark Encounter page was verified for this NT site. CM Borderland and Ark Encounter’s Jerusalem model are thematic NT ministry exhibits only—not dig reports for this coordinate.",
          "aig": [],
          "creation_museum": [],
          "ark_encounter": [],
          "coverage": "none_found",
          "researched_at": "2026-09-30"
        },
        "creation_ministry_blurb": "No site-specific AiG / Creation Museum / Ark Encounter page was verified for this NT site. CM Borderland and Ark Encounter’s Jerusalem model are thematic NT ministry exhibits only—not dig reports for this coordinate.",
        "creation_ministry_coverage": "none_found",
        "creation_ministry_aig": [],
        "creation_ministry_museum": [],
        "creation_ministry_ark": [],
        "dig_halt": {
          "status": "no_halt_recorded",
          "date": null,
          "halted_by": null,
          "summary": "No dig halt is recorded for this site in the sources checked. High-profile halt searches prioritized Temple Mount restrictions, City of David/Silwan court orders, West Bank permit issues, Turkish foreign-mission suspensions, Jordan TeH, COVID project statements, and conflict interruptions (Syria/Iraq); this site did not yield a verified org/government stop-work or permit-revocation event.",
          "sources": []
        },
        "site_authority": {
          "name": "Republic of Türkiye Ministry of Culture and Tourism — General Directorate of Cultural Heritage and Museums",
          "type": "national_antiquities",
          "role": "Oversees museums, archaeological sites (örenyerleri), and excavation permits in Türkiye.",
          "contact_name": null,
          "contact_title": "General Directorate contact",
          "contact_email": "kulturvarlikmuze@ktb.gov.tr",
          "contact_phone": "+90-312-470-6464",
          "contact_url": "https://kvmgm.ktb.gov.tr/TR-138338/merkez-teskilati-iletisim-bilgileri.html",
          "notes": "Laodicea — Turkish MoC; Pamukkale/Denizli museum directorate.",
          "official_website": "https://muze.gov.tr/"
        },
        "dig_status": "open",
        "eras": [
          "New Testament era"
        ],
        "official_website": "https://muze.gov.tr/",
        "official_website_label": "Türkiye Museums (MoC)",
        "status_kind": "dig"
      }
    },
    {
      "type": "Feature",
      "geometry": {
        "type": "Point",
        "coordinates": [
          29.125968860642303,
          37.926938191640694
        ]
      },
      "properties": {
        "id": "HIER-01",
        "name": "Hierapolis (Pamukkale)",
        "layer": "nt_digs",
        "dig": "Italian Archaeological Mission at Hierapolis",
        "years": "1957–present",
        "region": "Anatolia",
        "location": "Turkey / Pamukkale / Lycus valley",
        "mgrs": "35SPB86859984",
        "verses": "Colossians 4:13; (region of Rev 3 Laodicea)",
        "found": "Plutonium / sanctuary of Hades; theater; necropolis; martyrion of Philip tradition; travertine terrace city—neighbor to Laodicea and Colossae.",
        "support": "Background: Colossians names Hierapolis with Laodicea as Epaphras’ ministry zone. Philip martyr tradition is early Christian memory archaeology. Illuminates Lycus valley church network.",
        "sources": "Italian Mission Hierapolis publications; UNESCO Pamukkale-Hierapolis",
        "notes": "Colossae itself less excavated—Hierapolis stands in for valley.",
        "status": "active / tourism UNESCO",
        "campaigns": 1,
        "confidence": "confirmed",
        "biblical_name": "Hierapolis",
        "strongs_id": "G2404",
        "strongs_lang": "G",
        "strongs_url": "https://www.blueletterbible.org/lexicon/g2404/kjv/tr/0-1/",
        "strongs_lemma": "Ἱεράπολις",
        "strongs_gloss": "holy city",
        "creation_ministry": {
          "blurb": "No site-specific AiG / Creation Museum / Ark Encounter page was verified for this NT site. CM Borderland and Ark Encounter’s Jerusalem model are thematic NT ministry exhibits only—not dig reports for this coordinate.",
          "aig": [],
          "creation_museum": [],
          "ark_encounter": [],
          "coverage": "none_found",
          "researched_at": "2026-09-30"
        },
        "creation_ministry_blurb": "No site-specific AiG / Creation Museum / Ark Encounter page was verified for this NT site. CM Borderland and Ark Encounter’s Jerusalem model are thematic NT ministry exhibits only—not dig reports for this coordinate.",
        "creation_ministry_coverage": "none_found",
        "creation_ministry_aig": [],
        "creation_ministry_museum": [],
        "creation_ministry_ark": [],
        "dig_halt": {
          "status": "no_halt_recorded",
          "date": null,
          "halted_by": null,
          "summary": "No dig halt is recorded for this site in the sources checked. High-profile halt searches prioritized Temple Mount restrictions, City of David/Silwan court orders, West Bank permit issues, Turkish foreign-mission suspensions, Jordan TeH, COVID project statements, and conflict interruptions (Syria/Iraq); this site did not yield a verified org/government stop-work or permit-revocation event.",
          "sources": []
        },
        "site_authority": {
          "name": "Republic of Türkiye Ministry of Culture and Tourism — General Directorate of Cultural Heritage and Museums",
          "type": "national_antiquities",
          "role": "Oversees museums, archaeological sites (örenyerleri), and excavation permits in Türkiye.",
          "contact_name": null,
          "contact_title": "General Directorate contact",
          "contact_email": "kulturvarlikmuze@ktb.gov.tr",
          "contact_phone": "+90-312-470-6464",
          "contact_url": "https://kvmgm.ktb.gov.tr/TR-138338/merkez-teskilati-iletisim-bilgileri.html",
          "notes": "Hierapolis-Pamukkale — Turkish MoC; UNESCO WH.",
          "official_website": "https://whc.unesco.org/en/list/485/"
        },
        "dig_status": "open",
        "eras": [
          "New Testament era"
        ],
        "official_website": "https://whc.unesco.org/en/list/485/",
        "official_website_label": "UNESCO / Türkiye MoC — Hierapolis-Pamukkale",
        "status_kind": "dig"
      }
    },
    {
      "type": "Feature",
      "geometry": {
        "type": "Point",
        "coordinates": [
          22.880490902126343,
          37.90597563160951
        ]
      },
      "properties": {
        "id": "COR-01",
        "name": "Corinth (Ancient Corinth)",
        "layer": "nt_digs",
        "dig": "American School of Classical Studies Corinth Excavations",
        "years": "1896–present",
        "region": "Greece",
        "location": "Greece / Peloponnese / Ancient Corinth",
        "mgrs": "34SFG65329705",
        "verses": "Acts 18:1–18; 1 Corinthians 1–16; 2 Corinthians 1:1; Romans 16:23",
        "found": "Forum, bema (judgment platform), temple of Apollo, theater, Asklepieion, shops, Erastus paving inscription (aedile who ‘laid the pavement at his own expense’).",
        "support": "STRONG: bema fits Acts 18 Gallio hearing setting; Erastus inscription often linked to Erastus of Romans 16:23 / 2 Tim 4:20 (title aedile vs oikonomos debated but widely discussed as likely same person). City archaeology matches Paul’s 18-month stay in a bustling colony.",
        "sources": "https://www.ascsa.edu.gr/; Corinth excavation volumes; https://www.bibleodyssey.org/articles/erastus-gallio-and-paul/",
        "notes": "Erastus link strong but not 100% proven—note office-title nuance.",
        "status": "active / tourism",
        "campaigns": 1,
        "confidence": "confirmed",
        "biblical_name": "Corinth",
        "strongs_id": "G2882",
        "strongs_lang": "G",
        "strongs_url": "https://www.blueletterbible.org/lexicon/g2882/kjv/tr/0-1/",
        "strongs_lemma": "Κόρινθος",
        "strongs_gloss": "satiated; Achaian colony",
        "creation_ministry": {
          "blurb": "No site-specific AiG / Creation Museum / Ark Encounter page was verified for this NT site. CM Borderland and Ark Encounter’s Jerusalem model are thematic NT ministry exhibits only—not dig reports for this coordinate.",
          "aig": [],
          "creation_museum": [],
          "ark_encounter": [],
          "coverage": "none_found",
          "researched_at": "2026-09-30"
        },
        "creation_ministry_blurb": "No site-specific AiG / Creation Museum / Ark Encounter page was verified for this NT site. CM Borderland and Ark Encounter’s Jerusalem model are thematic NT ministry exhibits only—not dig reports for this coordinate.",
        "creation_ministry_coverage": "none_found",
        "creation_ministry_aig": [],
        "creation_ministry_museum": [],
        "creation_ministry_ark": [],
        "dig_halt": {
          "status": "no_halt_recorded",
          "date": null,
          "halted_by": null,
          "summary": "No dig halt is recorded for this site in the sources checked. High-profile halt searches prioritized Temple Mount restrictions, City of David/Silwan court orders, West Bank permit issues, Turkish foreign-mission suspensions, Jordan TeH, COVID project statements, and conflict interruptions (Syria/Iraq); this site did not yield a verified org/government stop-work or permit-revocation event.",
          "sources": []
        },
        "site_authority": {
          "name": "Hellenic Ministry of Culture — Ephorates of Antiquities",
          "type": "national_antiquities",
          "role": "National ministry and regional ephorates manage archaeological sites and museums in Greece.",
          "contact_name": null,
          "contact_title": "Ministry contact",
          "contact_email": "grplk@culture.gov.gr",
          "contact_phone": "+30-213-132-2100",
          "contact_url": "https://www.culture.gov.gr/en/SitePages/contact.aspx",
          "notes": "Ancient Corinth — Ephorate of Antiquities of Corinthia.",
          "official_website": "https://www.culture.gov.gr/"
        },
        "dig_status": "open",
        "eras": [
          "New Testament era"
        ],
        "official_website": "https://www.culture.gov.gr/",
        "official_website_label": "Hellenic Ministry of Culture",
        "status_kind": "dig"
      }
    },
    {
      "type": "Feature",
      "geometry": {
        "type": "Point",
        "coordinates": [
          23.001994755490653,
          37.88198239886342
        ]
      },
      "properties": {
        "id": "COR-02",
        "name": "Cenchreae (Kenchreai)",
        "layer": "nt_digs",
        "dig": "Kenchreai Excavations (University of Chicago / Indiana / ASCSA-related)",
        "years": "1963–1968 (main); later study seasons",
        "region": "Greece",
        "location": "Greece / E port of Corinth on Saronic Gulf",
        "mgrs": "34SFG76069461",
        "verses": "Acts 18:18; Romans 16:1–2",
        "found": "Harbor installations; warehouses; religious complexes including Isis sanctuary; glass mosaic panels; evidence of Corinth’s eastern port used in Paul’s vow narrative and Phoebe’s home church.",
        "support": "Background: confirms Cenchreae as Corinth’s Aegean port—fits Phoebe (Rom 16) and Paul’s hair-cutting stop (Acts 18:18). Illuminates commercial/religious pluralism of the ports Paul used.",
        "sources": "Scranton et al., Kenchreai volumes; https://www.ascsa.edu.gr/",
        "notes": "Companion row to Corinth.",
        "status": "completed historic / intermittent study",
        "campaigns": 1,
        "confidence": "confirmed",
        "biblical_name": "Cenchrea",
        "strongs_id": "G2747",
        "strongs_lang": "G",
        "strongs_url": "https://www.blueletterbible.org/lexicon/g2747/kjv/tr/0-1/",
        "strongs_lemma": "Κεγχρεαί",
        "strongs_gloss": "millet; Corinth’s eastern port",
        "creation_ministry": {
          "blurb": "No site-specific AiG / Creation Museum / Ark Encounter page was verified for this NT site. CM Borderland and Ark Encounter’s Jerusalem model are thematic NT ministry exhibits only—not dig reports for this coordinate.",
          "aig": [],
          "creation_museum": [],
          "ark_encounter": [],
          "coverage": "none_found",
          "researched_at": "2026-09-30"
        },
        "creation_ministry_blurb": "No site-specific AiG / Creation Museum / Ark Encounter page was verified for this NT site. CM Borderland and Ark Encounter’s Jerusalem model are thematic NT ministry exhibits only—not dig reports for this coordinate.",
        "creation_ministry_coverage": "none_found",
        "creation_ministry_aig": [],
        "creation_ministry_museum": [],
        "creation_ministry_ark": [],
        "dig_halt": {
          "status": "no_halt_recorded",
          "date": null,
          "halted_by": null,
          "summary": "No dig halt is recorded for this site in the sources checked. High-profile halt searches prioritized Temple Mount restrictions, City of David/Silwan court orders, West Bank permit issues, Turkish foreign-mission suspensions, Jordan TeH, COVID project statements, and conflict interruptions (Syria/Iraq); this site did not yield a verified org/government stop-work or permit-revocation event.",
          "sources": []
        },
        "site_authority": {
          "name": "Hellenic Ministry of Culture — Ephorates of Antiquities",
          "type": "national_antiquities",
          "role": "National ministry and regional ephorates manage archaeological sites and museums in Greece.",
          "contact_name": null,
          "contact_title": "Ministry contact",
          "contact_email": "grplk@culture.gov.gr",
          "contact_phone": "+30-213-132-2100",
          "contact_url": "https://www.culture.gov.gr/en/SitePages/contact.aspx",
          "notes": "Kenchreai — Greek Ministry / local ephorate.",
          "official_website": "https://www.culture.gov.gr/"
        },
        "dig_status": "open",
        "eras": [
          "New Testament era"
        ],
        "official_website": "https://www.culture.gov.gr/",
        "official_website_label": "Hellenic Ministry of Culture",
        "status_kind": "dig"
      }
    },
    {
      "type": "Feature",
      "geometry": {
        "type": "Point",
        "coordinates": [
          24.285909633182538,
          41.011929261502814
        ]
      },
      "properties": {
        "id": "PHIL-01",
        "name": "Philippi",
        "layer": "nt_digs",
        "dig": "French School / Greek Ephorate Philippi Excavations",
        "years": "1914–present (major interwar and postwar campaigns)",
        "region": "Greece",
        "location": "Greece / E Macedonia / near Krinides",
        "mgrs": "35TKF71774363",
        "verses": "Acts 16:12–40; Philippians 1:1; 1 Thessalonians 2:2",
        "found": "Forum, theater, Octagon church complex, traditional ‘prison of Paul’ area (identification traditional), Via Egnatia pavement, baptismal sites near Gangites river tradition, Roman colony inscriptions.",
        "support": "STRONG background: Philippi as Roman colony on Via Egnatia matches Acts 16 exactly. Lydia / jailer stories aren’t proven by finds, but colony status, road, and river geography fit. Prison identification = pilgrim tradition.",
        "sources": "https://www.efa.gr/; UNESCO Philippi; Bible Odyssey Philippi",
        "notes": "UNESCO World Heritage.",
        "status": "active / tourism UNESCO",
        "campaigns": 1,
        "confidence": "confirmed",
        "biblical_name": "Philippi",
        "strongs_id": "G5375",
        "strongs_lang": "G",
        "strongs_url": "https://www.blueletterbible.org/lexicon/g5375/kjv/tr/0-1/",
        "strongs_lemma": "Φίλιπποι",
        "strongs_gloss": "lover of horses; Macedonian colony",
        "creation_ministry": {
          "blurb": "No site-specific AiG / Creation Museum / Ark Encounter page was verified for this NT site. CM Borderland and Ark Encounter’s Jerusalem model are thematic NT ministry exhibits only—not dig reports for this coordinate.",
          "aig": [],
          "creation_museum": [],
          "ark_encounter": [],
          "coverage": "none_found",
          "researched_at": "2026-09-30"
        },
        "creation_ministry_blurb": "No site-specific AiG / Creation Museum / Ark Encounter page was verified for this NT site. CM Borderland and Ark Encounter’s Jerusalem model are thematic NT ministry exhibits only—not dig reports for this coordinate.",
        "creation_ministry_coverage": "none_found",
        "creation_ministry_aig": [],
        "creation_ministry_museum": [],
        "creation_ministry_ark": [],
        "dig_halt": {
          "status": "no_halt_recorded",
          "date": null,
          "halted_by": null,
          "summary": "No dig halt is recorded for this site in the sources checked. High-profile halt searches prioritized Temple Mount restrictions, City of David/Silwan court orders, West Bank permit issues, Turkish foreign-mission suspensions, Jordan TeH, COVID project statements, and conflict interruptions (Syria/Iraq); this site did not yield a verified org/government stop-work or permit-revocation event.",
          "sources": []
        },
        "site_authority": {
          "name": "Hellenic Ministry of Culture — Ephorates of Antiquities",
          "type": "national_antiquities",
          "role": "National ministry and regional ephorates manage archaeological sites and museums in Greece.",
          "contact_name": null,
          "contact_title": "Ministry contact",
          "contact_email": "grplk@culture.gov.gr",
          "contact_phone": "+30-213-132-2100",
          "contact_url": "https://www.culture.gov.gr/en/SitePages/contact.aspx",
          "notes": "Philippi — Ephorate of Antiquities of Kavala-Thasos; UNESCO WH.",
          "official_website": "https://www.culture.gov.gr/"
        },
        "dig_status": "open",
        "eras": [
          "New Testament era",
          "Roman / Byzantine"
        ],
        "official_website": "https://www.culture.gov.gr/",
        "official_website_label": "Hellenic Ministry of Culture",
        "status_kind": "dig"
      }
    },
    {
      "type": "Feature",
      "geometry": {
        "type": "Point",
        "coordinates": [
          22.943945890594016,
          40.639986683906365
        ]
      },
      "properties": {
        "id": "THES-01",
        "name": "Thessalonica (Thessaloniki — Roman forum / agora)",
        "layer": "nt_digs",
        "dig": "Roman Forum of Thessaloniki Excavations",
        "years": "1960s–present (forum revealed during urban works; ongoing study)",
        "region": "Greece",
        "location": "Greece / Thessaloniki city center",
        "mgrs": "34TFL64380061",
        "verses": "Acts 17:1–9; 1 Thessalonians 1:1; 2 Thessalonians 1:1; Philippians 4:16",
        "found": "Roman agora/forum complex; odeon; cryptoporticus; inscriptions; imperial-cult related architecture under modern city—civic heart of the city Paul preached in.",
        "support": "Background: documents Thessalonica as a major Via Egnatia free city with politarchs (Acts 17:6 term confirmed by local inscriptions elsewhere in the city). Strong civic title match; forum = urban stage for Acts.",
        "sources": "Greek Ministry of Culture Thessaloniki forum pages; politarch inscription literature; Bible Odyssey",
        "notes": "Politarch title = classic Acts 17 archaeology win (inscriptions from city).",
        "status": "tourism conservation / urban archaeology",
        "campaigns": 1,
        "confidence": "confirmed",
        "biblical_name": "Thessalonica",
        "strongs_id": "G2332",
        "strongs_lang": "G",
        "strongs_url": "https://www.blueletterbible.org/lexicon/g2332/kjv/tr/0-1/",
        "strongs_lemma": "Θεσσαλονίκη",
        "strongs_gloss": "victory of Thessalia",
        "creation_ministry": {
          "blurb": "No site-specific AiG / Creation Museum / Ark Encounter page was verified for this NT site. CM Borderland and Ark Encounter’s Jerusalem model are thematic NT ministry exhibits only—not dig reports for this coordinate.",
          "aig": [],
          "creation_museum": [],
          "ark_encounter": [],
          "coverage": "none_found",
          "researched_at": "2026-09-30"
        },
        "creation_ministry_blurb": "No site-specific AiG / Creation Museum / Ark Encounter page was verified for this NT site. CM Borderland and Ark Encounter’s Jerusalem model are thematic NT ministry exhibits only—not dig reports for this coordinate.",
        "creation_ministry_coverage": "none_found",
        "creation_ministry_aig": [],
        "creation_ministry_museum": [],
        "creation_ministry_ark": [],
        "dig_halt": {
          "status": "no_halt_recorded",
          "date": null,
          "halted_by": null,
          "summary": "No dig halt is recorded for this site in the sources checked. High-profile halt searches prioritized Temple Mount restrictions, City of David/Silwan court orders, West Bank permit issues, Turkish foreign-mission suspensions, Jordan TeH, COVID project statements, and conflict interruptions (Syria/Iraq); this site did not yield a verified org/government stop-work or permit-revocation event.",
          "sources": []
        },
        "site_authority": {
          "name": "Hellenic Ministry of Culture — Ephorates of Antiquities",
          "type": "national_antiquities",
          "role": "National ministry and regional ephorates manage archaeological sites and museums in Greece.",
          "contact_name": null,
          "contact_title": "Ministry contact",
          "contact_email": "grplk@culture.gov.gr",
          "contact_phone": "+30-213-132-2100",
          "contact_url": "https://www.culture.gov.gr/en/SitePages/contact.aspx",
          "notes": "Thessaloniki Roman forum — Ephorate of Antiquities of Thessaloniki City.",
          "official_website": "https://www.culture.gov.gr/"
        },
        "dig_status": "open",
        "eras": [
          "New Testament era",
          "Roman / Byzantine"
        ],
        "official_website": "https://www.culture.gov.gr/",
        "official_website_label": "Hellenic Ministry of Culture",
        "status_kind": "dig"
      }
    },
    {
      "type": "Feature",
      "geometry": {
        "type": "Point",
        "coordinates": [
          22.204992012733385,
          40.52295331362014
        ]
      },
      "properties": {
        "id": "BER-01",
        "name": "Berea (Veria)",
        "layer": "nt_digs",
        "dig": "Veria / Berea Urban and Early Christian Archaeological Documentation",
        "years": "20th–21st c. intermittent salvage; synagogue/tradition monument area curated",
        "region": "Greece",
        "location": "Greece / Central Macedonia / Veria",
        "mgrs": "34TFK02078650",
        "verses": "Acts 17:10–15; Acts 20:4",
        "found": "Roman–Byzantine urban remains; Jewish community memory markers; early Christian monuments—less monumental than Philippi but continuous town under Veria.",
        "support": "Background: confirms Berea as a real Macedonian town on Paul’s route where synagogue hearers ‘examined the Scriptures.’ Limited smoking-gun dig vs Philippi; geography and Jewish diaspora presence are the support.",
        "sources": "Greek Ephorate publications; Acts commentaries; travel/archaeology guides to Veria",
        "notes": "Tributes/monuments mark synagogue tradition; stratigraphy thinner in popular lit.",
        "status": "tourism / intermittent salvage",
        "campaigns": 1,
        "confidence": "confirmed",
        "biblical_name": "Berea",
        "strongs_id": "G960",
        "strongs_lang": "G",
        "strongs_url": "https://www.blueletterbible.org/lexicon/g960/kjv/tr/0-1/",
        "strongs_lemma": "Βέροια",
        "strongs_gloss": "well watered; Macedonian town",
        "creation_ministry": {
          "blurb": "No site-specific AiG / Creation Museum / Ark Encounter page was verified for this NT site. CM Borderland and Ark Encounter’s Jerusalem model are thematic NT ministry exhibits only—not dig reports for this coordinate.",
          "aig": [],
          "creation_museum": [],
          "ark_encounter": [],
          "coverage": "none_found",
          "researched_at": "2026-09-30"
        },
        "creation_ministry_blurb": "No site-specific AiG / Creation Museum / Ark Encounter page was verified for this NT site. CM Borderland and Ark Encounter’s Jerusalem model are thematic NT ministry exhibits only—not dig reports for this coordinate.",
        "creation_ministry_coverage": "none_found",
        "creation_ministry_aig": [],
        "creation_ministry_museum": [],
        "creation_ministry_ark": [],
        "dig_halt": {
          "status": "no_halt_recorded",
          "date": null,
          "halted_by": null,
          "summary": "No dig halt is recorded for this site in the sources checked. High-profile halt searches prioritized Temple Mount restrictions, City of David/Silwan court orders, West Bank permit issues, Turkish foreign-mission suspensions, Jordan TeH, COVID project statements, and conflict interruptions (Syria/Iraq); this site did not yield a verified org/government stop-work or permit-revocation event.",
          "sources": []
        },
        "site_authority": {
          "name": "Hellenic Ministry of Culture — Ephorates of Antiquities",
          "type": "national_antiquities",
          "role": "National ministry and regional ephorates manage archaeological sites and museums in Greece.",
          "contact_name": null,
          "contact_title": "Ministry contact",
          "contact_email": "grplk@culture.gov.gr",
          "contact_phone": "+30-213-132-2100",
          "contact_url": "https://www.culture.gov.gr/en/SitePages/contact.aspx",
          "notes": "Veria/Berea — local ephorate / Ministry of Culture.",
          "official_website": "https://www.culture.gov.gr/"
        },
        "dig_status": "open",
        "eras": [
          "New Testament era",
          "Roman / Byzantine"
        ],
        "official_website": "https://www.culture.gov.gr/",
        "official_website_label": "Hellenic Ministry of Culture",
        "status_kind": "dig"
      }
    },
    {
      "type": "Feature",
      "geometry": {
        "type": "Point",
        "coordinates": [
          23.722481192069925,
          37.97492340551385
        ]
      },
      "properties": {
        "id": "ATH-01",
        "name": "Athens — Ancient Agora",
        "layer": "nt_digs",
        "dig": "American School Athenian Agora Excavations",
        "years": "1931–present",
        "region": "Greece",
        "location": "Greece / Athens / Ancient Agora below Acropolis",
        "mgrs": "34SGH39130653",
        "verses": "Acts 17:16–34",
        "found": "Classical–Roman agora: stoas, temples, altar areas, bouleuterion, possible identification zones for Paul’s Areopagus address approaches; Altar of the Twelve Gods; Roman Odeion; vast inscription corpus.",
        "support": "STRONG background: Agora and Areopagus hill are the physical stage of Acts 17. Altar ‘to an unknown god’ type dedications are attested in Greek religion (Pausanias; altars elsewhere)—Luke’s altar reference fits known practice. Doesn’t prove Paul’s speech word-for-word.",
        "sources": "https://www.agathe.gr/; ASCSA Agora picture books; https://www.bibleodyssey.org/",
        "notes": "Areopagus = rocky hill W of Acropolis; speech setting traditional.",
        "status": "active / tourism",
        "campaigns": 1,
        "confidence": "confirmed",
        "biblical_name": "Athens",
        "strongs_id": "G116",
        "strongs_lang": "G",
        "strongs_url": "https://www.blueletterbible.org/lexicon/g116/kjv/tr/0-1/",
        "strongs_lemma": "Ἀθῆναι",
        "strongs_gloss": "uncertainty; city of Athena",
        "creation_ministry": {
          "blurb": "No site-specific AiG / Creation Museum / Ark Encounter page was verified for this NT site. CM Borderland and Ark Encounter’s Jerusalem model are thematic NT ministry exhibits only—not dig reports for this coordinate.",
          "aig": [],
          "creation_museum": [],
          "ark_encounter": [],
          "coverage": "none_found",
          "researched_at": "2026-09-30"
        },
        "creation_ministry_blurb": "No site-specific AiG / Creation Museum / Ark Encounter page was verified for this NT site. CM Borderland and Ark Encounter’s Jerusalem model are thematic NT ministry exhibits only—not dig reports for this coordinate.",
        "creation_ministry_coverage": "none_found",
        "creation_ministry_aig": [],
        "creation_ministry_museum": [],
        "creation_ministry_ark": [],
        "dig_halt": {
          "status": "no_halt_recorded",
          "date": null,
          "halted_by": null,
          "summary": "No dig halt is recorded for this site in the sources checked. High-profile halt searches prioritized Temple Mount restrictions, City of David/Silwan court orders, West Bank permit issues, Turkish foreign-mission suspensions, Jordan TeH, COVID project statements, and conflict interruptions (Syria/Iraq); this site did not yield a verified org/government stop-work or permit-revocation event.",
          "sources": []
        },
        "site_authority": {
          "name": "Hellenic Ministry of Culture — Ephorates of Antiquities",
          "type": "national_antiquities",
          "role": "National ministry and regional ephorates manage archaeological sites and museums in Greece.",
          "contact_name": null,
          "contact_title": "Ministry contact",
          "contact_email": "grplk@culture.gov.gr",
          "contact_phone": "+30-213-132-2100",
          "contact_url": "https://www.culture.gov.gr/en/SitePages/contact.aspx",
          "notes": "Athens Ancient Agora — ASCSA excavates under Ministry permit.",
          "official_website": "https://www.culture.gov.gr/"
        },
        "dig_status": "open",
        "eras": [
          "New Testament era",
          "Roman / Byzantine"
        ],
        "official_website": "https://www.culture.gov.gr/",
        "official_website_label": "Hellenic Ministry of Culture",
        "status_kind": "dig"
      }
    },
    {
      "type": "Feature",
      "geometry": {
        "type": "Point",
        "coordinates": [
          22.5008923666067,
          38.482331416511144
        ]
      },
      "properties": {
        "id": "DELPH-01",
        "name": "Delphi",
        "layer": "nt_digs",
        "dig": "French School Delphi Excavations (Gallio / Claudian letter context)",
        "years": "1892–present (Gallio inscription known from 1905 publication stream)",
        "region": "Greece",
        "location": "Greece / Phocis / Delphi sanctuary",
        "mgrs": "34SFH30916040",
        "verses": "Acts 18:12–17",
        "found": "Apollo sanctuary; theater; inscriptions including the Claudian letter mentioning L. Junius Gallio as proconsul of Achaia—anchors Paul’s Corinth hearing to ~51–52 CE.",
        "support": "STRONG chronological corroboration: Gallio’s proconsulship dated via imperial acclamation in the Delphi inscription is the best absolute date for Paul’s Corinthian stay in Acts 18. Rare hard chronological peg for NT narrative.",
        "sources": "https://epigraphy.packhum.org/text/240470 (FD III 4:286 / SIG³ 801D Claudian rescript; École Française d'Athènes Delphi); https://www.bibleodyssey.org/articles/erastus-gallio-and-paul/; École Française Delphi corpora",
        "notes": "Inscription fragments pieced from Delphi; not a ‘Paul was here’ stone.",
        "status": "tourism UNESCO / research ongoing",
        "campaigns": 1,
        "confidence": "confirmed",
        "biblical_name": null,
        "strongs_id": null,
        "strongs_lang": null,
        "strongs_url": null,
        "strongs_lemma": null,
        "strongs_gloss": null,
        "strongs_null_reason": "Gallio inscription findspot; Delphi is not an NT narrative place lemma",
        "creation_ministry": {
          "blurb": "No site-specific AiG / Creation Museum / Ark Encounter page was verified for this NT site. CM Borderland and Ark Encounter’s Jerusalem model are thematic NT ministry exhibits only—not dig reports for this coordinate.",
          "aig": [],
          "creation_museum": [],
          "ark_encounter": [],
          "coverage": "none_found",
          "researched_at": "2026-09-30"
        },
        "creation_ministry_blurb": "No site-specific AiG / Creation Museum / Ark Encounter page was verified for this NT site. CM Borderland and Ark Encounter’s Jerusalem model are thematic NT ministry exhibits only—not dig reports for this coordinate.",
        "creation_ministry_coverage": "none_found",
        "creation_ministry_aig": [],
        "creation_ministry_museum": [],
        "creation_ministry_ark": [],
        "dig_halt": {
          "status": "no_halt_recorded",
          "date": null,
          "halted_by": null,
          "summary": "No dig halt is recorded for this site in the sources checked. High-profile halt searches prioritized Temple Mount restrictions, City of David/Silwan court orders, West Bank permit issues, Turkish foreign-mission suspensions, Jordan TeH, COVID project statements, and conflict interruptions (Syria/Iraq); this site did not yield a verified org/government stop-work or permit-revocation event.",
          "sources": []
        },
        "site_authority": {
          "name": "Hellenic Ministry of Culture — Ephorates of Antiquities",
          "type": "national_antiquities",
          "role": "National ministry and regional ephorates manage archaeological sites and museums in Greece.",
          "contact_name": null,
          "contact_title": "Ministry contact",
          "contact_email": "grplk@culture.gov.gr",
          "contact_phone": "+30-213-132-2100",
          "contact_url": "https://www.culture.gov.gr/en/SitePages/contact.aspx",
          "notes": "Delphi — Ephorate of Antiquities of Phocis; UNESCO WH.",
          "official_website": "https://www.culture.gov.gr/"
        },
        "dig_status": "open",
        "eras": [
          "Persian / Hellenistic",
          "Roman / Byzantine",
          "New Testament era"
        ],
        "official_website": "https://www.culture.gov.gr/",
        "official_website_label": "Hellenic Ministry of Culture",
        "status_kind": "dig"
      }
    },
    {
      "type": "Feature",
      "geometry": {
        "type": "Point",
        "coordinates": [
          12.505522266100044,
          41.85882013391444
        ]
      },
      "properties": {
        "id": "ROME-01",
        "name": "Rome — Catacombs (Callixtus, Sebastiano, Priscilla, et al.)",
        "layer": "nt_digs",
        "dig": "Pontifical Commission / earlier de Rossi Catacomb Archaeology",
        "years": "1850s–present (continuous study & conservation)",
        "region": "Rome-Italy",
        "location": "Italy / Rome / Appian Way and other suburban roads",
        "mgrs": "33TTG92953711",
        "verses": "Acts 28:14–31; Romans 1:7–8; Romans 16; 2 Timothy 1:16–17",
        "found": "Underground Christian burial networks; frescoes (Good Shepherd, fish, orants); epitaphs; papal crypt traditions at Callixtus—material of 2nd–4th c. Roman Christianity more than of Paul’s lifetime.",
        "support": "Background (honest dating): catacombs mainly illuminate post-apostolic Roman church memory, not first-generation Paul (Acts 28 house arrest). They show how Petrine/Pauline Rome remembered its dead. Do not claim first-century catacomb proof of Acts 28.",
        "sources": "https://www.catacombeditalia.va/; de Rossi classic corpora; Vatican archaeology pages",
        "notes": "Tone: later than Paul; still essential Christian Rome archaeology.",
        "status": "tourism conservation / active study",
        "campaigns": 1,
        "confidence": "confirmed",
        "biblical_name": "Rome",
        "strongs_id": "G4516",
        "strongs_lang": "G",
        "strongs_url": "https://www.blueletterbible.org/lexicon/g4516/kjv/tr/0-1/",
        "strongs_lemma": "Ῥώμη",
        "strongs_gloss": "strength; imperial capital",
        "creation_ministry": {
          "blurb": "No site-specific AiG / Creation Museum / Ark Encounter page was verified for this NT site. CM Borderland and Ark Encounter’s Jerusalem model are thematic NT ministry exhibits only—not dig reports for this coordinate.",
          "aig": [],
          "creation_museum": [],
          "ark_encounter": [],
          "coverage": "none_found",
          "researched_at": "2026-09-30"
        },
        "creation_ministry_blurb": "No site-specific AiG / Creation Museum / Ark Encounter page was verified for this NT site. CM Borderland and Ark Encounter’s Jerusalem model are thematic NT ministry exhibits only—not dig reports for this coordinate.",
        "creation_ministry_coverage": "none_found",
        "creation_ministry_aig": [],
        "creation_ministry_museum": [],
        "creation_ministry_ark": [],
        "dig_halt": {
          "status": "no_halt_recorded",
          "date": null,
          "halted_by": null,
          "summary": "No dig halt is recorded for this site in the sources checked. High-profile halt searches prioritized Temple Mount restrictions, City of David/Silwan court orders, West Bank permit issues, Turkish foreign-mission suspensions, Jordan TeH, COVID project statements, and conflict interruptions (Syria/Iraq); this site did not yield a verified org/government stop-work or permit-revocation event.",
          "sources": []
        },
        "site_authority": {
          "name": "Pontifical Commission for Sacred Archaeology (catacombs) + Italian heritage authorities where applicable",
          "type": "church",
          "role": "Roman Christian catacombs largely under Pontifical Commission for Sacred Archaeology.",
          "contact_name": null,
          "contact_title": null,
          "contact_email": null,
          "contact_phone": null,
          "contact_url": "http://www.catacombe.roma.it/",
          "notes": "Catacombs visitor/booking via official catacombs portals under Holy See commission.",
          "official_website": "https://www.vatican.va/"
        },
        "dig_status": "open",
        "eras": [
          "New Testament era",
          "Roman / Byzantine"
        ],
        "official_website": "https://www.vatican.va/",
        "official_website_label": "Holy See / Vatican",
        "status_kind": "dig"
      }
    },
    {
      "type": "Feature",
      "geometry": {
        "type": "Point",
        "coordinates": [
          12.453204088154736,
          41.902160221417866
        ]
      },
      "properties": {
        "id": "ROME-02",
        "name": "Rome — Vatican Necropolis / St. Peter’s tomb tradition",
        "layer": "nt_digs",
        "dig": "Scavi under St. Peter’s Basilica (Vatican Necropolis)",
        "years": "1940–1949 (major); later analyses (Guarducci graffiti debates)",
        "region": "Rome-Italy",
        "location": "Italy / Vatican City / under St. Peter’s",
        "mgrs": "33TTG88754205",
        "verses": "John 21:18–19; 1 Peter 5:13 (Babylon=Rome tradition); Acts 12:1–17 (Peter in Jerusalem earlier)",
        "found": "Pagan–Christian necropolis; Tropaion / memorial under the Confessio; bones in a niche argued by some as Peter’s; Greek graffiti ‘Peter is here’ readings debated (Guarducci).",
        "support": "DEBATED but historically serious: excavators found a 2nd-c. memorial on a spot continuously venerated as Peter’s grave. Bone attribution and graffiti readings contested. Honest: strong early memory of Peter’s martyrdom in Rome; not a labeled first-century ossuary with DNA.",
        "sources": "The Tomb of St. Peter (Vatican reports); Guarducci publications; critical reviews in BAR / academic press",
        "notes": "Surveyor honesty required in app copy.",
        "status": "completed historic / controlled access scavi",
        "campaigns": 1,
        "confidence": "unconfirmed",
        "confidence_reason": "Workbook 'DEBATED': 2nd-c. memorial and continuous veneration serious, but bone attribution and graffiti readings contested; not a labeled first-century Peter burial.",
        "biblical_name": "Rome",
        "strongs_id": "G4516",
        "strongs_lang": "G",
        "strongs_url": "https://www.blueletterbible.org/lexicon/g4516/kjv/tr/0-1/",
        "strongs_lemma": "Ῥώμη",
        "strongs_gloss": "strength; imperial capital",
        "creation_ministry": {
          "blurb": "No site-specific AiG / Creation Museum / Ark Encounter page was verified for this NT site. CM Borderland and Ark Encounter’s Jerusalem model are thematic NT ministry exhibits only—not dig reports for this coordinate.",
          "aig": [],
          "creation_museum": [],
          "ark_encounter": [],
          "coverage": "none_found",
          "researched_at": "2026-09-30"
        },
        "creation_ministry_blurb": "No site-specific AiG / Creation Museum / Ark Encounter page was verified for this NT site. CM Borderland and Ark Encounter’s Jerusalem model are thematic NT ministry exhibits only—not dig reports for this coordinate.",
        "creation_ministry_coverage": "none_found",
        "creation_ministry_aig": [],
        "creation_ministry_museum": [],
        "creation_ministry_ark": [],
        "dig_halt": {
          "status": "no_halt_recorded",
          "date": null,
          "halted_by": null,
          "summary": "No dig halt is recorded for this site in the sources checked. High-profile halt searches prioritized Temple Mount restrictions, City of David/Silwan court orders, West Bank permit issues, Turkish foreign-mission suspensions, Jordan TeH, COVID project statements, and conflict interruptions (Syria/Iraq); this site did not yield a verified org/government stop-work or permit-revocation event.",
          "sources": []
        },
        "site_authority": {
          "name": "Fabbrica di San Pietro — Vatican Necropolis / St. Peter’s tomb tradition",
          "type": "church",
          "role": "Manages St. Peter’s Basilica, Vatican Necropolis (Scavi), and related papal basilica heritage.",
          "contact_name": null,
          "contact_title": "Guided Tours Office (Necropolis / Scavi)",
          "contact_email": "visiteguidate@fsp.va",
          "contact_phone": null,
          "contact_url": "https://visite.basilicasanpietro.va/en/booking/necropolivaticana",
          "notes": "Primary authority for Scavi / Petrine tomb tradition under St. Peter’s.",
          "official_website": "https://www.scavi.va/"
        },
        "dig_status": "open",
        "eras": [
          "New Testament era"
        ],
        "official_website": "https://www.scavi.va/",
        "official_website_label": "Vatican Scavi — Necropolis of St. Peter",
        "status_kind": "dig"
      }
    },
    {
      "type": "Feature",
      "geometry": {
        "type": "Point",
        "coordinates": [
          12.290893785136005,
          41.754980668815726
        ]
      },
      "properties": {
        "id": "ROME-03",
        "name": "Rome — Ostia Antica (port of Rome) & related Pauline journey context",
        "layer": "nt_digs",
        "dig": "Ostia Antica Excavations",
        "years": "19th c.–present (major Fascist-era clearance; ongoing)",
        "region": "Rome-Italy",
        "location": "Italy / Ostia Antica near Tiber mouth",
        "mgrs": "33TTG74772612",
        "verses": "Acts 28:11–16; Romans 16",
        "found": "Insula housing, synagogues (Ostia synagogue = earliest diaspora synagogue building remains often cited), guild squares, warehouses—social world of the port through which travelers reached Rome.",
        "support": "Background: Ostia/Puteoli (Acts 28:13) ports frame Paul’s arrival. Ostia synagogue shows Jewish diaspora infrastructure in Italy matching Romans’ addressees. Not a dig ‘of Paul’ but of his landing world.",
        "sources": "https://www.ostiaantica.beniculturali.it/ ; Ostia synagogue literature (see dedicated OSTIA-01); https://www.fastionline.org/s/excavation/item/29810",
        "notes": "Puteoli (Pozzuoli) also relevant; Ostia better excavated showcase. Synagogue-first detail lives on OSTIA-01; this pin stays Pauline-port / journey context.",
        "status": "tourism conservation / active research",
        "campaigns": 1,
        "confidence": "confirmed",
        "biblical_name": "Rome",
        "strongs_id": "G4516",
        "strongs_lang": "G",
        "strongs_url": "https://www.blueletterbible.org/lexicon/g4516/kjv/tr/0-1/",
        "strongs_lemma": "Ῥώμη",
        "strongs_gloss": "strength — Ostia itself unnamed in NT; primary lemma Rome",
        "creation_ministry": {
          "blurb": "No site-specific AiG / Creation Museum / Ark Encounter page was verified for this NT site. CM Borderland and Ark Encounter’s Jerusalem model are thematic NT ministry exhibits only—not dig reports for this coordinate.",
          "aig": [],
          "creation_museum": [],
          "ark_encounter": [],
          "coverage": "none_found",
          "researched_at": "2026-09-30"
        },
        "creation_ministry_blurb": "No site-specific AiG / Creation Museum / Ark Encounter page was verified for this NT site. CM Borderland and Ark Encounter’s Jerusalem model are thematic NT ministry exhibits only—not dig reports for this coordinate.",
        "creation_ministry_coverage": "none_found",
        "creation_ministry_aig": [],
        "creation_ministry_museum": [],
        "creation_ministry_ark": [],
        "dig_halt": {
          "status": "no_halt_recorded",
          "date": null,
          "halted_by": null,
          "summary": "No dig halt is recorded for this site in the sources checked. High-profile halt searches prioritized Temple Mount restrictions, City of David/Silwan court orders, West Bank permit issues, Turkish foreign-mission suspensions, Jordan TeH, COVID project statements, and conflict interruptions (Syria/Iraq); this site did not yield a verified org/government stop-work or permit-revocation event.",
          "sources": []
        },
        "site_authority": {
          "name": "Parco Archeologico di Ostia Antica (MiC)",
          "type": "park_service",
          "role": "Italian state archaeological park at Ostia Antica.",
          "contact_name": null,
          "contact_title": null,
          "contact_email": null,
          "contact_phone": null,
          "contact_url": "https://www.ostiaantica.beniculturali.it/",
          "notes": "Ostia Antica archaeological park under MiC.",
          "official_website": "https://www.ostia-antica.org/"
        },
        "dig_status": "open",
        "eras": [
          "New Testament era"
        ],
        "official_website": "https://www.ostia-antica.org/",
        "official_website_label": "Ostia Antica — Harbour City of Ancient Rome",
        "official_video_embed": "https://www.youtube.com/embed/7rPHHyB7mpU",
        "official_video_source": "https://www.ostia-antica.org/",
        "official_video_provider": "youtube",
        "status_kind": "dig"
      }
    },
    {
      "type": "Feature",
      "geometry": {
        "type": "Point",
        "coordinates": [
          14.484955912057128,
          40.748983294569705
        ]
      },
      "properties": {
        "id": "POMP-01",
        "name": "Pompeii & Herculaneum",
        "layer": "nt_digs",
        "dig": "Pompeii / Herculaneum Excavations (Vesuvius 79 CE time capsule)",
        "years": "1748–present (Pompeii); Herculaneum 1738–present",
        "region": "Rome-Italy",
        "location": "Italy / Bay of Naples / Pompeii & Ercolano",
        "mgrs": "33TVF56521102",
        "verses": "(No NT narrative set here); Romans / 1–2 Corinthians social parallels; Acts 28 Italy context",
        "found": "Intact Roman street life frozen in 79 CE: shops, graffiti (including debated Christian-adjacent marks), houses, baths, foodways—best window on urban social world contemporary with late NT writings.",
        "support": "Background only: not a Bible story site. Invaluable for understanding house churches, patronage, dining, slavery, and graffiti culture of the empire Paul traveled. Avoid overclaiming ‘Christian Pompeii’ from ambiguous graffiti.",
        "sources": "https://www.pompeiisites.org/; Herculaneum Conservation Project; academic graffiti studies",
        "notes": "79 CE destruction is post-Paul but same generation as Flavian NT context.",
        "status": "active / tourism UNESCO",
        "campaigns": 1,
        "confidence": "confirmed",
        "biblical_name": null,
        "strongs_id": null,
        "strongs_lang": null,
        "strongs_url": null,
        "strongs_lemma": null,
        "strongs_gloss": null,
        "strongs_null_reason": "Not named in the NT; background social world only",
        "creation_ministry": {
          "blurb": "No site-specific AiG / Creation Museum / Ark Encounter page was verified for this NT site. CM Borderland and Ark Encounter’s Jerusalem model are thematic NT ministry exhibits only—not dig reports for this coordinate.",
          "aig": [],
          "creation_museum": [],
          "ark_encounter": [],
          "coverage": "none_found",
          "researched_at": "2026-09-30"
        },
        "creation_ministry_blurb": "No site-specific AiG / Creation Museum / Ark Encounter page was verified for this NT site. CM Borderland and Ark Encounter’s Jerusalem model are thematic NT ministry exhibits only—not dig reports for this coordinate.",
        "creation_ministry_coverage": "none_found",
        "creation_ministry_aig": [],
        "creation_ministry_museum": [],
        "creation_ministry_ark": [],
        "dig_halt": {
          "status": "no_halt_recorded",
          "date": null,
          "halted_by": null,
          "summary": "No dig halt is recorded for this site in the sources checked. High-profile halt searches prioritized Temple Mount restrictions, City of David/Silwan court orders, West Bank permit issues, Turkish foreign-mission suspensions, Jordan TeH, COVID project statements, and conflict interruptions (Syria/Iraq); this site did not yield a verified org/government stop-work or permit-revocation event.",
          "sources": []
        },
        "site_authority": {
          "name": "Parco Archeologico di Pompei (MiC)",
          "type": "park_service",
          "role": "National ministry overseeing archaeological parks, museums, and heritage sites in Italy (non-Vatican).",
          "contact_name": null,
          "contact_title": null,
          "contact_email": null,
          "contact_phone": null,
          "contact_url": "https://pompeiisites.org/",
          "notes": "Pompeii & Herculaneum under MiC archaeological park system.",
          "official_website": "https://www.pompeiisites.org/en/"
        },
        "dig_status": "open",
        "eras": [
          "Roman / Byzantine",
          "New Testament era"
        ],
        "official_website": "https://www.pompeiisites.org/en/",
        "official_website_label": "Pompeii Archaeological Park (official)",
        "status_kind": "dig"
      }
    },
    {
      "type": "Feature",
      "geometry": {
        "type": "Point",
        "coordinates": [
          14.121999428106223,
          40.82192305607299
        ]
      },
      "properties": {
        "id": "PUT-01",
        "name": "Puteoli (Pozzuoli)",
        "layer": "nt_digs",
        "dig": "Pozzuoli / Puteoli Harbor and Macellum Archaeology",
        "years": "Ongoing urban archaeology; historic clearance of macellum (‘Serapeum’)",
        "region": "Rome-Italy",
        "location": "Italy / Bay of Naples / Pozzuoli",
        "mgrs": "33TVF25961936",
        "verses": "Acts 28:13–14",
        "found": "Roman harbor city remains; macellum; amphitheater; Rione Terra acropolis—port where Acts says Paul landed and found believers before Rome.",
        "support": "Background: Puteoli was Rome’s great grain port—exactly the landing Acts 28 describes for Alexandrian ships. Confirms itinerary realism; no Pauline inscription required.",
        "sources": "Italian cultural ministry Pozzuoli pages; Acts 28 geographical studies",
        "notes": "Companion to Ostia/Rome arrival sequence.",
        "status": "tourism / urban archaeology",
        "campaigns": 1,
        "confidence": "confirmed",
        "biblical_name": "Puteoli",
        "strongs_id": "G4223",
        "strongs_lang": "G",
        "strongs_url": "https://www.blueletterbible.org/lexicon/g4223/kjv/tr/0-1/",
        "strongs_lemma": "Ποτίολοι",
        "strongs_gloss": "sulphurous springs; Italian port",
        "creation_ministry": {
          "blurb": "No site-specific AiG / Creation Museum / Ark Encounter page was verified for this NT site. CM Borderland and Ark Encounter’s Jerusalem model are thematic NT ministry exhibits only—not dig reports for this coordinate.",
          "aig": [],
          "creation_museum": [],
          "ark_encounter": [],
          "coverage": "none_found",
          "researched_at": "2026-09-30"
        },
        "creation_ministry_blurb": "No site-specific AiG / Creation Museum / Ark Encounter page was verified for this NT site. CM Borderland and Ark Encounter’s Jerusalem model are thematic NT ministry exhibits only—not dig reports for this coordinate.",
        "creation_ministry_coverage": "none_found",
        "creation_ministry_aig": [],
        "creation_ministry_museum": [],
        "creation_ministry_ark": [],
        "dig_halt": {
          "status": "no_halt_recorded",
          "date": null,
          "halted_by": null,
          "summary": "No dig halt is recorded for this site in the sources checked. High-profile halt searches prioritized Temple Mount restrictions, City of David/Silwan court orders, West Bank permit issues, Turkish foreign-mission suspensions, Jordan TeH, COVID project statements, and conflict interruptions (Syria/Iraq); this site did not yield a verified org/government stop-work or permit-revocation event.",
          "sources": []
        },
        "site_authority": {
          "name": "Italian MiC / local Campania archaeological superintendence (Pozzuoli / Puteoli)",
          "type": "national_antiquities",
          "role": "National ministry overseeing archaeological parks, museums, and heritage sites in Italy (non-Vatican).",
          "contact_name": null,
          "contact_title": null,
          "contact_email": null,
          "contact_phone": null,
          "contact_url": "https://cultura.gov.it/",
          "notes": "Municipal/archaeological superintendence under MiC.",
          "official_website": "https://cultura.gov.it/"
        },
        "dig_status": "open",
        "eras": [
          "New Testament era",
          "Roman / Byzantine"
        ],
        "official_website": "https://cultura.gov.it/",
        "official_website_label": "Italian MiC / local Campania archaeological superintendence (Pozzuoli / Puteoli)",
        "status_kind": "dig"
      }
    },
    {
      "type": "Feature",
      "geometry": {
        "type": "Point",
        "coordinates": [
          14.399915809904618,
          35.94793419683754
        ]
      },
      "properties": {
        "id": "MALT-01",
        "name": "Malta — Acts shipwreck candidate sites (St. Paul’s Bay / traditional)",
        "layer": "nt_digs",
        "dig": "Underwater archaeology & coastal surveys related to Acts 27–28 tradition",
        "years": "20th–21st c. surveys; no single universally accepted wreck of Paul’s ship",
        "region": "Other",
        "location": "Malta / St. Paul’s Bay and alternative channel candidates",
        "mgrs": "33SVV45887834",
        "verses": "Acts 27:1–28:10",
        "found": "Roman anchors and wreck scatter in Maltese waters; traditional landing commemorations; Roman Melite urban remains at Mdina/Rabat; no inscribed ‘Paul’s ship’ wreck scientifically proven.",
        "support": "Background/DEBATED locale details: Malta (Melite) as Paul’s wreck island is the traditional and majority reading of Acts 28. Exact bay and wreck remain unproven. Island’s Roman-era habitation fits the narrative’s hospitable locals and Publius tradition.",
        "sources": "Heritage Malta; Acts 27 nautical studies (e.g., Smith classic; modern nautical archaeology papers); Bible Odyssey",
        "notes": "Do not invent a discovered Pauline wreck.",
        "status": "intermittent survey / tourism tradition",
        "campaigns": 1,
        "confidence": "unconfirmed",
        "confidence_reason": "Workbook: Melite traditional/majority reading, but exact bay and wreck unproven; row titled 'candidate sites'; no inscribed Pauline wreck.",
        "biblical_name": "Melita",
        "strongs_id": "G3194",
        "strongs_lang": "G",
        "strongs_url": "https://www.blueletterbible.org/lexicon/g3194/kjv/tr/0-1/",
        "strongs_lemma": "Μελίτη",
        "strongs_gloss": "honey; island of Acts 28",
        "creation_ministry": {
          "blurb": "No site-specific AiG / Creation Museum / Ark Encounter page was verified for this NT site. CM Borderland and Ark Encounter’s Jerusalem model are thematic NT ministry exhibits only—not dig reports for this coordinate.",
          "aig": [],
          "creation_museum": [],
          "ark_encounter": [],
          "coverage": "none_found",
          "researched_at": "2026-09-30"
        },
        "creation_ministry_blurb": "No site-specific AiG / Creation Museum / Ark Encounter page was verified for this NT site. CM Borderland and Ark Encounter’s Jerusalem model are thematic NT ministry exhibits only—not dig reports for this coordinate.",
        "creation_ministry_coverage": "none_found",
        "creation_ministry_aig": [],
        "creation_ministry_museum": [],
        "creation_ministry_ark": [],
        "dig_halt": {
          "status": "no_halt_recorded",
          "date": null,
          "halted_by": null,
          "summary": "No dig halt is recorded for this site in the sources checked. High-profile halt searches prioritized Temple Mount restrictions, City of David/Silwan court orders, West Bank permit issues, Turkish foreign-mission suspensions, Jordan TeH, COVID project statements, and conflict interruptions (Syria/Iraq); this site did not yield a verified org/government stop-work or permit-revocation event.",
          "sources": []
        },
        "site_authority": {
          "name": "Heritage Malta / Superintendence of Cultural Heritage",
          "type": "national_antiquities",
          "role": "National agencies managing cultural heritage and museums in Malta.",
          "contact_name": null,
          "contact_title": null,
          "contact_email": null,
          "contact_phone": null,
          "contact_url": "https://heritagemalta.mt/",
          "notes": "Acts shipwreck tradition candidates — Heritage Malta / Superintendence.",
          "official_website": "https://heritagemalta.mt/"
        },
        "dig_status": "open",
        "eras": [
          "New Testament era",
          "Roman / Byzantine"
        ],
        "official_website": "https://heritagemalta.mt/",
        "official_website_label": "Heritage Malta / Superintendence of Cultural Heritage",
        "status_kind": "dig"
      }
    },
    {
      "type": "Feature",
      "geometry": {
        "type": "Point",
        "coordinates": [
          44.297912825017,
          39.70192283376694
        ]
      },
      "properties": {
        "id": "ARAR-01",
        "name": "Mount Ararat / Doğubayazıt region (flood-tradition archaeology caution row)",
        "layer": "nt_digs",
        "dig": "Published surveys & disputed ‘ark’ claims near Greater Ararat (NT-adjacent reception only)",
        "years": "19th c.–present claims; no accepted NT-period excavation of an ark",
        "region": "Other",
        "location": "Turkey / Ağrı Province / Doğubayazıt–Ararat massif",
        "mgrs": "38SMJ39819491",
        "verses": "Genesis 8:4 (OT); Matthew 24:37–39; Luke 17:26–27; Hebrews 11:7; 1 Peter 3:20; 2 Peter 2:5 (NT flood typology)",
        "found": "Geological surveys of Ararat; archaeological sites in broader region; repeated popular ‘ark wood’ claims that have not gained acceptance in peer-reviewed archaeology as Noah’s ark.",
        "support": "CAUTION / NOT a support row for Gospel events: NT authors reference the flood typologically. No credible excavated NT-period or flood-era ‘ark’ dig exists here. Included only because flood tradition appears in NT teaching—tag as reception geography, not confirmed ark archaeology.",
        "sources": "Peer-reviewed geology of Ararat; critical reviews of ark expeditions; Genesis flood archaeology debates (Phase 1 Mesopotamia better for flood-tradition tells); https://www.youtube.com/watch?v=W_xfWVfBJvk (Ken Ham, 2026-09-28, cautionary); https://answersingenesis.org/noahs-ark/",
        "notes": "Marcial scope ask: include ONLY with careful tagging. Prefer linking NT flood sayings to textual typology, not fake digs.",
        "status": "no accepted active ark excavation — surveys / disputed claims",
        "campaigns": 1,
        "confidence": "confirmed",
        "biblical_name": "Ararat",
        "strongs_id": "H780",
        "strongs_lang": "H",
        "strongs_url": "https://www.blueletterbible.org/lexicon/h780/kjv/wlc/0-1/",
        "strongs_lemma": "אֲרָרָט",
        "strongs_gloss": "curse reversed — OT place; NT flood typology only",
        "creation_ministry": {
          "blurb": "AiG/Snelling argue Genesis 8:4 means mountains (region) of Ararat, doubt modern Ağrı Dağı as landing peak, and reject Durupınar boat-shape claims. Ark Encounter (Williamstown, KY) is AiG’s full-scale Ark replica and Flood geology exhibit—ministry reconstruction, not an Anatolian dig.",
          "aig": [
            {
              "title": "Is Noah’s Ark on Mount Ararat?",
              "url": "https://answersingenesis.org/noahs-ark/noahs-ark-found/noahs-ark-mount-ararat/",
              "summary": "Snelling: Genesis says mountains (region) of Ararat; Durupınar dismissed as geology.",
              "kind": "article"
            },
            {
              "title": "Is the Wood Recently Found on Mt. Ararat from the Ark?",
              "url": "https://answersingenesis.org/noahs-ark/noahs-ark-found/is-the-wood-recently-found-on-mt-ararat-from-the-ark/",
              "summary": "Snelling argues claimed Ararat wood C-14 ages do not match AiG expectations for pre-Flood timber.",
              "kind": "article"
            },
            {
              "title": "Has Noah’s Ark Been Found . . . For Real This Time?",
              "url": "https://answersingenesis.org/blogs/ken-ham/2025/06/01/has-noahs-ark-been-found-for-real/",
              "summary": "Ken Ham + Snelling rebuttal of 2025 Durupınar/Noah's Ark Scans hype.",
              "kind": "article"
            },
            {
              "title": "Special Report: Amazing “Ark” Exposé",
              "url": "https://answersingenesis.org/creationism/arguments-to-avoid/special-report-amazing-ark-expose/",
              "summary": "Andrew Snelling 1992 geological refutation of Durupınar/Wyatt boat-shape as Noah's Ark.",
              "kind": "article"
            }
          ],
          "creation_museum": [],
          "ark_encounter": [
            {
              "title": "About the Life-Size Noah’s Ark",
              "url": "https://arkencounter.com/about/",
              "summary": "About page for Williamstown KY full-scale Ark replica and Flood narrative exhibits.",
              "exhibit_or_page": "Life-size Ark / Flood narrative"
            },
            {
              "title": "Exhibits | Ark Encounter",
              "url": "https://arkencounter.com/exhibits/",
              "summary": "Ark Encounter exhibits index: life-size Ark decks including Flood geology / pre-Flood world themes.",
              "exhibit_or_page": "Ark exhibits (Flood / pre-Flood)"
            }
          ],
          "coverage": "site_specific",
          "researched_at": "2026-09-30"
        },
        "creation_ministry_blurb": "AiG/Snelling argue Genesis 8:4 means mountains (region) of Ararat, doubt modern Ağrı Dağı as landing peak, and reject Durupınar boat-shape claims. Ark Encounter (Williamstown, KY) is AiG’s full-scale Ark replica and Flood geology exhibit—ministry reconstruction, not an Anatolian dig.",
        "creation_ministry_coverage": "site_specific",
        "creation_ministry_aig": [
          {
            "title": "Is Noah’s Ark on Mount Ararat?",
            "url": "https://answersingenesis.org/noahs-ark/noahs-ark-found/noahs-ark-mount-ararat/",
            "summary": "Snelling: Genesis says mountains (region) of Ararat; Durupınar dismissed as geology.",
            "kind": "article"
          },
          {
            "title": "Is the Wood Recently Found on Mt. Ararat from the Ark?",
            "url": "https://answersingenesis.org/noahs-ark/noahs-ark-found/is-the-wood-recently-found-on-mt-ararat-from-the-ark/",
            "summary": "Snelling argues claimed Ararat wood C-14 ages do not match AiG expectations for pre-Flood timber.",
            "kind": "article"
          },
          {
            "title": "Has Noah’s Ark Been Found . . . For Real This Time?",
            "url": "https://answersingenesis.org/blogs/ken-ham/2025/06/01/has-noahs-ark-been-found-for-real/",
            "summary": "Ken Ham + Snelling rebuttal of 2025 Durupınar/Noah's Ark Scans hype.",
            "kind": "article"
          },
          {
            "title": "Special Report: Amazing “Ark” Exposé",
            "url": "https://answersingenesis.org/creationism/arguments-to-avoid/special-report-amazing-ark-expose/",
            "summary": "Andrew Snelling 1992 geological refutation of Durupınar/Wyatt boat-shape as Noah's Ark.",
            "kind": "article"
          }
        ],
        "creation_ministry_museum": [],
        "creation_ministry_ark": [
          {
            "title": "About the Life-Size Noah’s Ark",
            "url": "https://arkencounter.com/about/",
            "summary": "About page for Williamstown KY full-scale Ark replica and Flood narrative exhibits.",
            "exhibit_or_page": "Life-size Ark / Flood narrative"
          },
          {
            "title": "Exhibits | Ark Encounter",
            "url": "https://arkencounter.com/exhibits/",
            "summary": "Ark Encounter exhibits index: life-size Ark decks including Flood geology / pre-Flood world themes.",
            "exhibit_or_page": "Ark exhibits (Flood / pre-Flood)"
          }
        ],
        "dig_halt": {
          "status": "no_halt_recorded",
          "date": null,
          "halted_by": null,
          "summary": "No dig halt is recorded for this site in the sources checked. High-profile halt searches prioritized Temple Mount restrictions, City of David/Silwan court orders, West Bank permit issues, Turkish foreign-mission suspensions, Jordan TeH, COVID project statements, and conflict interruptions (Syria/Iraq); this site did not yield a verified org/government stop-work or permit-revocation event.",
          "sources": []
        },
        "site_authority": {
          "name": "Turkish MoC / Ağrı provincial museums — flood-tradition claims (caution)",
          "type": "national_antiquities",
          "role": "Oversees museums, archaeological sites (örenyerleri), and excavation permits in Türkiye.",
          "contact_name": null,
          "contact_title": "General Directorate contact",
          "contact_email": "kulturvarlikmuze@ktb.gov.tr",
          "contact_phone": "+90-312-470-6464",
          "contact_url": "https://kvmgm.ktb.gov.tr/TR-138338/merkez-teskilati-iletisim-bilgileri.html",
          "notes": "Popular ark-search claims are NOT a licensed mainstream excavation of a verified ark.",
          "official_website": "https://muze.gov.tr/"
        },
        "dig_status": "open",
        "eras": [
          "Other / multi-period unspecified"
        ],
        "official_website": "https://muze.gov.tr/",
        "official_website_label": "Türkiye Museums (MoC)",
        "status_kind": "dig"
      }
    },
    {
      "type": "Feature",
      "geometry": {
        "type": "Point",
        "coordinates": [
          35.67797448053103,
          32.655992556228206
        ]
      },
      "properties": {
        "id": "GAD-01",
        "name": "Umm Qais (Gadara) — Decapolis",
        "layer": "nt_digs",
        "dig": "Gadara / Umm Qais Excavations",
        "years": "1970s–present (multi-phase)",
        "region": "Transjordan",
        "location": "Jordan / NW / Umm Qais overlooking Sea of Galilee & Yarmouk",
        "mgrs": "36SYB51171632",
        "verses": "Matthew 8:28–34; Mark 5:1–20; Luke 8:26–39 (Gadarenes/Gerasenes textual variants)",
        "found": "Decapolis city: colonnaded streets, theaters, baths, necropolis, Byzantine churches—candidate setting or regional capital for the demoniac/swine narrative variants.",
        "support": "Background/DEBATED locale: manuscript traditions split Gerasa/Gadara/Gergesa. Gadara archaeology shows a real Decapolis city with lake views; exact pig-herd shoreline still argued (Kursi/Gergesa often favored for Mark).",
        "sources": "German Institute Gadara publications; Jordan tourism archaeology pages; textual criticism notes on Mark 5",
        "notes": "Pair mentally with Hippos and Kursi traditions.",
        "status": "tourism conservation / intermittent digs",
        "campaigns": 1,
        "confidence": "unconfirmed",
        "confidence_reason": "Workbook 'DEBATED locale' / 'candidate setting' for demoniac/swine narrative variants; city itself real, Gospel-event mapping unsettled.",
        "biblical_name": "Gadara",
        "strongs_id": "G1046",
        "strongs_lang": "G",
        "strongs_url": "https://www.blueletterbible.org/lexicon/g1046/kjv/tr/0-1/",
        "strongs_lemma": "Γαδαρηνός",
        "strongs_gloss": "reward at the end — Gadarene (people/region of Gadara)",
        "creation_ministry": {
          "blurb": "No site-specific AiG page verified for this Galilee/Israel NT site. Creation Museum Borderland (Israel at the Time of Jesus) is thematic ministry exhibit context only.",
          "aig": [],
          "creation_museum": [
            {
              "title": "New Exhibit Now Open at the Creation Museum",
              "url": "https://creationmuseum.org/blog/2021/07/08/new-exhibit-now-open-creation-museum/",
              "summary": "Announcement of Borderland: Israel at the Time of Jesus—first-century Israel context exhibit.",
              "exhibit_or_page": "Borderland: Israel at the Time of Jesus"
            }
          ],
          "ark_encounter": [],
          "coverage": "theme_only",
          "researched_at": "2026-09-30"
        },
        "creation_ministry_blurb": "No site-specific AiG page verified for this Galilee/Israel NT site. Creation Museum Borderland (Israel at the Time of Jesus) is thematic ministry exhibit context only.",
        "creation_ministry_coverage": "theme_only",
        "creation_ministry_aig": [],
        "creation_ministry_museum": [
          {
            "title": "New Exhibit Now Open at the Creation Museum",
            "url": "https://creationmuseum.org/blog/2021/07/08/new-exhibit-now-open-creation-museum/",
            "summary": "Announcement of Borderland: Israel at the Time of Jesus—first-century Israel context exhibit.",
            "exhibit_or_page": "Borderland: Israel at the Time of Jesus"
          }
        ],
        "creation_ministry_ark": [],
        "dig_halt": {
          "status": "no_halt_recorded",
          "date": null,
          "halted_by": null,
          "summary": "No dig halt is recorded for this site in the sources checked. High-profile halt searches prioritized Temple Mount restrictions, City of David/Silwan court orders, West Bank permit issues, Turkish foreign-mission suspensions, Jordan TeH, COVID project statements, and conflict interruptions (Syria/Iraq); this site did not yield a verified org/government stop-work or permit-revocation event.",
          "sources": []
        },
        "site_authority": {
          "name": "Department of Antiquities of Jordan (DoA)",
          "type": "national_antiquities",
          "role": "National authority licensing excavations and protecting archaeological sites in Jordan.",
          "contact_name": null,
          "contact_title": "DoA general contact",
          "contact_email": "info@doa.gov.jo",
          "contact_phone": "+962-6-4336-464",
          "contact_url": "https://doa.gov.jo/EN/Pages/Contact_Us",
          "notes": "Umm Qais / Gadara — DoA Jordan; Decapolis site.",
          "official_website": "https://doa.gov.jo/"
        },
        "dig_status": "open",
        "eras": [
          "New Testament era",
          "Roman / Byzantine"
        ],
        "official_website": "https://doa.gov.jo/",
        "official_website_label": "Department of Antiquities of Jordan",
        "status_kind": "dig"
      }
    },
    {
      "type": "Feature",
      "geometry": {
        "type": "Point",
        "coordinates": [
          35.189925796652695,
          32.27596117653344
        ]
      },
      "properties": {
        "id": "SAM-01",
        "name": "Samaria / Sebaste (NT-period Herodian city)",
        "layer": "nt_digs",
        "dig": "Harvard Expedition & later Sebaste excavations (Herodian–Roman levels)",
        "years": "1908–1910; 1931–1935; later intermittent",
        "region": "Samaria",
        "location": "West Bank / Sebastia near Nablus",
        "mgrs": "36SYA06257313",
        "verses": "John 4:4–42 (Sychar/Shechem area nearby); Acts 8:5–25; Luke 9:52–56; Luke 17:11–19",
        "found": "Herodian temple to Augustus; forum; stadium; basilica; Iron Age OT capital beneath—Roman Sebaste as Philip’s evangelism stage in Acts 8.",
        "support": "Background: Herodian-Roman Sebaste shows Samaria’s paganized capital under Herod/Rome—contrast with John 4’s village well tradition at Sychar/Askar near Shechem (separate site). Acts 8 city mission fits a real urban Sebaste.",
        "sources": "Harvard Samaria publications; https://www.bibleodyssey.org/; Sebastia site literature",
        "notes": "Distinguish Sebaste city vs Jacob’s Well / Tell Balata Shechem for John 4.",
        "status": "tourism / intermittent / access sensitive",
        "campaigns": 1,
        "confidence": "confirmed",
        "biblical_name": "Samaria",
        "strongs_id": "G4540",
        "strongs_lang": "G",
        "strongs_url": "https://www.blueletterbible.org/lexicon/g4540/kjv/tr/0-1/",
        "strongs_lemma": "Σαμάρεια",
        "strongs_gloss": "guardianship; region/city",
        "creation_ministry": {
          "blurb": "NT-period Sebaste/Samaria: no dedicated AiG Herodian-Sebaste dig article verified; nearest is Assyria/OT Samaria theme plus CM Borderland NT Israel context.",
          "aig": [
            {
              "title": "Recent Archaeological Finds in Assyria Corroborate Scripture",
              "url": "https://answersingenesis.org/archaeology/recent-archaeological-finds-assyria-corroborate-scripture/",
              "summary": "AiG on Assyrian imperial finds corroborating biblical Assyria/Judah interactions (Nineveh sphere).",
              "kind": "article"
            }
          ],
          "creation_museum": [
            {
              "title": "New Exhibit Now Open at the Creation Museum",
              "url": "https://creationmuseum.org/blog/2021/07/08/new-exhibit-now-open-creation-museum/",
              "summary": "Announcement of Borderland: Israel at the Time of Jesus—first-century Israel context exhibit.",
              "exhibit_or_page": "Borderland: Israel at the Time of Jesus"
            }
          ],
          "ark_encounter": [],
          "coverage": "theme_only",
          "researched_at": "2026-09-30"
        },
        "creation_ministry_blurb": "NT-period Sebaste/Samaria: no dedicated AiG Herodian-Sebaste dig article verified; nearest is Assyria/OT Samaria theme plus CM Borderland NT Israel context.",
        "creation_ministry_coverage": "theme_only",
        "creation_ministry_aig": [
          {
            "title": "Recent Archaeological Finds in Assyria Corroborate Scripture",
            "url": "https://answersingenesis.org/archaeology/recent-archaeological-finds-assyria-corroborate-scripture/",
            "summary": "AiG on Assyrian imperial finds corroborating biblical Assyria/Judah interactions (Nineveh sphere).",
            "kind": "article"
          }
        ],
        "creation_ministry_museum": [
          {
            "title": "New Exhibit Now Open at the Creation Museum",
            "url": "https://creationmuseum.org/blog/2021/07/08/new-exhibit-now-open-creation-museum/",
            "summary": "Announcement of Borderland: Israel at the Time of Jesus—first-century Israel context exhibit.",
            "exhibit_or_page": "Borderland: Israel at the Time of Jesus"
          }
        ],
        "creation_ministry_ark": [],
        "dig_halt": {
          "status": "no_halt_recorded",
          "date": null,
          "halted_by": null,
          "summary": "No dig halt is recorded for this site in the sources checked. High-profile halt searches prioritized Temple Mount restrictions, City of David/Silwan court orders, West Bank permit issues, Turkish foreign-mission suspensions, Jordan TeH, COVID project statements, and conflict interruptions (Syria/Iraq); this site did not yield a verified org/government stop-work or permit-revocation event.",
          "sources": []
        },
        "site_authority": {
          "name": "Complex jurisdiction — Sebaste/Samaria archaeological park",
          "type": "mixed",
          "role": "Palestinian Authority antiquities administration for sites under PA administration.",
          "contact_name": null,
          "contact_title": null,
          "contact_email": null,
          "contact_phone": null,
          "contact_url": "https://www.travelpalestine.ps/",
          "notes": "Sebaste heritage park dual PA/Israeli Civil Administration contexts.",
          "official_website": "https://www.travelpalestine.ps/"
        },
        "dig_status": "open",
        "eras": [
          "Roman / Byzantine",
          "New Testament era",
          "Persian / Hellenistic"
        ],
        "official_website": "https://www.travelpalestine.ps/",
        "official_website_label": "Complex jurisdiction — Sebaste/Samaria archaeological park",
        "status_kind": "dig"
      }
    },
    {
      "type": "Feature",
      "geometry": {
        "type": "Point",
        "coordinates": [
          35.28091589093278,
          32.21293479626449
        ]
      },
      "properties": {
        "id": "SYCH-01",
        "name": "Jacob’s Well / Sychar area (Askar / Balata)",
        "layer": "nt_digs",
        "dig": "Jacob’s Well Church Archaeology & Tell Balata (Shechem) context digs",
        "years": "Church probes 19th–20th c.; Tell Balata major 1913–34; 1956–74",
        "region": "Samaria",
        "location": "West Bank / Balata–Askar near Nablus",
        "mgrs": "36SYA14976632",
        "verses": "John 4:5–42; Genesis 33:18–20; Joshua 24:1",
        "found": "Deep well traditionally Jacob’s; Crusader/Byzantine/modern church; nearby Tell Balata = ancient Shechem—together frame John’s Sychar geography.",
        "support": "STRONG traditional geography for John 4: a real deep well at the Shechem pass still drawing water. Tell Balata confirms ancient Shechem next door. Does not prove the dialogue with the Samaritan woman.",
        "sources": "Tell Balata excavation reports; Orthodox / archaeological guides to Jacob’s Well; Bible Odyssey Shechem",
        "notes": "Sychar often equated with Askar village.",
        "status": "tourism conservation / completed historic tells",
        "campaigns": 1,
        "confidence": "confirmed",
        "biblical_name": "Sychar",
        "strongs_id": "G4965",
        "strongs_lang": "G",
        "strongs_url": "https://www.blueletterbible.org/lexicon/g4965/kjv/tr/0-1/",
        "strongs_lemma": "Συχάρ",
        "strongs_gloss": "drunken / a place in Samaria",
        "creation_ministry": {
          "blurb": "No site-specific AiG page verified for this Galilee/Israel NT site. Creation Museum Borderland (Israel at the Time of Jesus) is thematic ministry exhibit context only.",
          "aig": [],
          "creation_museum": [
            {
              "title": "New Exhibit Now Open at the Creation Museum",
              "url": "https://creationmuseum.org/blog/2021/07/08/new-exhibit-now-open-creation-museum/",
              "summary": "Announcement of Borderland: Israel at the Time of Jesus—first-century Israel context exhibit.",
              "exhibit_or_page": "Borderland: Israel at the Time of Jesus"
            }
          ],
          "ark_encounter": [],
          "coverage": "theme_only",
          "researched_at": "2026-09-30"
        },
        "creation_ministry_blurb": "No site-specific AiG page verified for this Galilee/Israel NT site. Creation Museum Borderland (Israel at the Time of Jesus) is thematic ministry exhibit context only.",
        "creation_ministry_coverage": "theme_only",
        "creation_ministry_aig": [],
        "creation_ministry_museum": [
          {
            "title": "New Exhibit Now Open at the Creation Museum",
            "url": "https://creationmuseum.org/blog/2021/07/08/new-exhibit-now-open-creation-museum/",
            "summary": "Announcement of Borderland: Israel at the Time of Jesus—first-century Israel context exhibit.",
            "exhibit_or_page": "Borderland: Israel at the Time of Jesus"
          }
        ],
        "creation_ministry_ark": [],
        "dig_halt": {
          "status": "no_halt_recorded",
          "date": null,
          "halted_by": null,
          "summary": "No dig halt is recorded for this site in the sources checked. High-profile halt searches prioritized Temple Mount restrictions, City of David/Silwan court orders, West Bank permit issues, Turkish foreign-mission suspensions, Jordan TeH, COVID project statements, and conflict interruptions (Syria/Iraq); this site did not yield a verified org/government stop-work or permit-revocation event.",
          "sources": []
        },
        "site_authority": {
          "name": "Greek Orthodox Patriarchate (Jacob’s Well church) + PA antiquities context",
          "type": "church",
          "role": "Palestinian Authority antiquities administration for sites under PA administration.",
          "contact_name": null,
          "contact_title": null,
          "contact_email": null,
          "contact_phone": null,
          "contact_url": "https://en.jerusalem-patriarchate.info/",
          "notes": "Jacob’s Well shrine under Greek Orthodox; Tell Balata under PA park.",
          "official_website": "https://en.jerusalem-patriarchate.info/"
        },
        "dig_status": "open",
        "eras": [
          "New Testament era",
          "Roman / Byzantine"
        ],
        "official_website": "https://en.jerusalem-patriarchate.info/",
        "official_website_label": "Greek Orthodox Patriarchate (Jacob’s Well church) + PA antiquities context",
        "status_kind": "dig"
      }
    },
    {
      "type": "Feature",
      "geometry": {
        "type": "Point",
        "coordinates": [
          29.90396642164587,
          31.19493427271846
        ]
      },
      "properties": {
        "id": "ALEX-01",
        "name": "Alexandria (Egypt) — Kom el-Dikka & early Christian/Jewish urban context",
        "layer": "nt_digs",
        "dig": "Polish–Egyptian Excavations at Kom el-Dikka (Alexandria)",
        "years": "1960–present",
        "region": "Egypt",
        "location": "Egypt / Alexandria / Kom el-Dikka",
        "mgrs": "35RQQ76725484",
        "verses": "Acts 18:24–28 (Apollos of Alexandria); Acts 6:9 (Alexandrian synagogue tradition); Matthew 2:13–15 (Holy Family flight tradition)",
        "found": "Roman baths, auditoria/lecture halls, houses, theater, street grid of Roman–Byzantine Alexandria—intellectual capital that produced Apollos and the Jewish diaspora theology behind much NT-era Judaism.",
        "support": "Background: Alexandria was the mega-city of Hellenistic Judaism (Philo) and early Christian thought. Digs show urban lecture culture fitting Apollos the learned Alexandrian (Acts 18). Holy Family flight sites are later tradition, not proven first-century houses.",
        "sources": "PCMA Kom el-Dikka publications; https://pcma.uw.edu.pl/; Bible Odyssey Alexandria",
        "notes": "Egypt region represented for Apollos / diaspora NT world.",
        "status": "active / tourism",
        "campaigns": 1,
        "confidence": "confirmed",
        "biblical_name": "Alexandria (gentilic)",
        "strongs_id": "G221",
        "strongs_lang": "G",
        "strongs_url": "https://www.blueletterbible.org/lexicon/g221/kjv/tr/0-1/",
        "strongs_lemma": "Ἀλεξανδρεύς",
        "strongs_gloss": "an Alexandrian — NT names people of the city, not a separate city lemma",
        "creation_ministry": {
          "blurb": "No site-specific AiG / Creation Museum / Ark Encounter page was verified for this NT site. CM Borderland and Ark Encounter’s Jerusalem model are thematic NT ministry exhibits only—not dig reports for this coordinate.",
          "aig": [],
          "creation_museum": [],
          "ark_encounter": [],
          "coverage": "none_found",
          "researched_at": "2026-09-30"
        },
        "creation_ministry_blurb": "No site-specific AiG / Creation Museum / Ark Encounter page was verified for this NT site. CM Borderland and Ark Encounter’s Jerusalem model are thematic NT ministry exhibits only—not dig reports for this coordinate.",
        "creation_ministry_coverage": "none_found",
        "creation_ministry_aig": [],
        "creation_ministry_museum": [],
        "creation_ministry_ark": [],
        "dig_halt": {
          "status": "no_halt_recorded",
          "date": null,
          "halted_by": null,
          "summary": "No dig halt is recorded for this site in the sources checked. High-profile halt searches prioritized Temple Mount restrictions, City of David/Silwan court orders, West Bank permit issues, Turkish foreign-mission suspensions, Jordan TeH, COVID project statements, and conflict interruptions (Syria/Iraq); this site did not yield a verified org/government stop-work or permit-revocation event.",
          "sources": []
        },
        "site_authority": {
          "name": "Ministry of Tourism and Antiquities (Egypt) / Supreme Council of Antiquities",
          "type": "national_antiquities",
          "role": "National ministry overseeing museums, monuments, and excavation permits in Egypt.",
          "contact_name": null,
          "contact_title": "Ministry portal inquiries",
          "contact_email": "moa.portal@mota.gov.eg",
          "contact_phone": "19654",
          "contact_url": "https://www.mota.gov.eg/ar/",
          "notes": "Alexandria Kom el-Dikka — MoTA/SCA; Polish Centre of Mediterranean Archaeology historically.",
          "official_website": "https://www.mota.gov.eg/ar/"
        },
        "dig_status": "open",
        "eras": [
          "New Testament era",
          "Persian / Hellenistic",
          "Roman / Byzantine"
        ],
        "official_website": "https://www.mota.gov.eg/ar/",
        "official_website_label": "Ministry of Tourism and Antiquities (Egypt) / Supreme Council of Antiquities",
        "status_kind": "dig"
      }
    },
    {
      "type": "Feature",
      "geometry": {
        "type": "Point",
        "coordinates": [
          35.23548699096236,
          31.77579432610307
        ]
      },
      "properties": {
        "id": "WW-01",
        "name": "Jerusalem — Southern Temple Mount / Robinson’s Arch area",
        "layer": "nt_digs",
        "dig": "Mazar Temple Mount Excavations / Ophel & SW corner (NT-period streets)",
        "years": "1968–1978 (B. Mazar); later Ophel seasons; SW corner street work",
        "region": "Judea/Jerusalem",
        "location": "Israel / Jerusalem / SW & S Temple Mount",
        "mgrs": "36RYA11691776",
        "verses": "Mark 13:1–2; Luke 21:5; Acts 3:1–11; Matthew 21:12–17",
        "found": "Herodian street under Robinson’s Arch; fallen ashlars from 70 CE destruction; Ophel walls; ritual baths; monumental stair approaches to Temple Mount.",
        "support": "STRONG architectural background for Temple approaches and 70 CE destruction debris matching Gospel ‘not one stone’ language applied to Temple buildings (retaining walls still stand—nuance matters). Street and shops = pilgrim commerce world of Acts.  The platform itself is off-limits to dig teams: under the status quo with the Jerusalem Islamic Waqf, licensed archaeological excavation on the Temple Mount / Haram al-Sharif is not allowed—which is why the famous Sifting Project works soil dumped off-site, while tunnels and southern-wall digs stay outside the sacred platform.",
        "sources": "B. Mazar Temple Mount excavation reports; Reich & Billig street publications; Ophel visitor literature",
        "notes": "Complements Western Wall Tunnels row; focus SW corner / Ophel.",
        "status": "tourism conservation / intermittent research",
        "campaigns": 1,
        "confidence": "confirmed",
        "biblical_name": "Jerusalem",
        "strongs_id": "G2414",
        "strongs_lang": "G",
        "strongs_url": "https://www.blueletterbible.org/lexicon/g2414/kjv/tr/0-1/",
        "strongs_lemma": "Ἱεροσόλυμα",
        "strongs_gloss": "Jerusalem (Hellenized)",
        "creation_ministry": {
          "blurb": "No AiG site-specific Southern Temple Mount / Robinson’s Arch article verified. Ark Encounter Jerusalem replica + CM Borderland = theme_only NT Jerusalem ministry context.",
          "aig": [],
          "creation_museum": [
            {
              "title": "New Exhibit Now Open at the Creation Museum",
              "url": "https://creationmuseum.org/blog/2021/07/08/new-exhibit-now-open-creation-museum/",
              "summary": "Announcement of Borderland: Israel at the Time of Jesus—first-century Israel context exhibit.",
              "exhibit_or_page": "Borderland: Israel at the Time of Jesus"
            }
          ],
          "ark_encounter": [
            {
              "title": "Update on Our Jerusalem Replica Project",
              "url": "https://arkencounter.com/blog/2023/05/04/update-our-jerusalem-replica-project/",
              "summary": "Ark Encounter ~2000 sq ft first-century Jerusalem model project for NT historical apologetics.",
              "exhibit_or_page": "First-century Jerusalem replica model"
            }
          ],
          "coverage": "theme_only",
          "researched_at": "2026-09-30"
        },
        "creation_ministry_blurb": "No AiG site-specific Southern Temple Mount / Robinson’s Arch article verified. Ark Encounter Jerusalem replica + CM Borderland = theme_only NT Jerusalem ministry context.",
        "creation_ministry_coverage": "theme_only",
        "creation_ministry_aig": [],
        "creation_ministry_museum": [
          {
            "title": "New Exhibit Now Open at the Creation Museum",
            "url": "https://creationmuseum.org/blog/2021/07/08/new-exhibit-now-open-creation-museum/",
            "summary": "Announcement of Borderland: Israel at the Time of Jesus—first-century Israel context exhibit.",
            "exhibit_or_page": "Borderland: Israel at the Time of Jesus"
          }
        ],
        "creation_ministry_ark": [
          {
            "title": "Update on Our Jerusalem Replica Project",
            "url": "https://arkencounter.com/blog/2023/05/04/update-our-jerusalem-replica-project/",
            "summary": "Ark Encounter ~2000 sq ft first-century Jerusalem model project for NT historical apologetics.",
            "exhibit_or_page": "First-century Jerusalem replica model"
          }
        ],
        "dig_halt": {
          "status": "halt_recorded",
          "date": "standing restriction (esp. post-1996 Waqf works; status quo ongoing)",
          "halted_by": "Jerusalem Islamic Waqf administration of the Haram al-Sharif / Temple Mount platform under the prevailing status quo (Israeli government/police practice accords)",
          "summary": "Archaeological excavation on the Temple Mount / Haram al-Sharif platform itself is not permitted under the status quo administered with the Jerusalem Islamic Waqf. Biblical Archaeology Society coverage of the Temple Mount Sifting Project states excavations are not allowed on the Mount; sifting instead studies soil removed during unsupervised Waqf construction (late 1990s). Adjacent Western Wall Tunnel and southern wall digs proceed outside the platform—do not conflate them with a licensed dig atop the Mount.",
          "sources": [
            "https://www.biblicalarchaeology.org/daily/biblical-sites-places/temple-at-jerusalem/temple-mount-sifting-project/",
            "https://emekshaveh.org/en/wp-content/uploads/2013/07/Har-Habayit-Eng-Web.pdf"
          ]
        },
        "site_authority": {
          "name": "IAA + Jerusalem Archaeological Park / Davidson Center context",
          "type": "mixed",
          "role": "Licenses excavations and oversees antiquities across Israel; regional offices handle site permits and finds.",
          "contact_name": null,
          "contact_title": "General inquiries (Mokedia)",
          "contact_email": "mokediaa@israntique.org.il",
          "contact_phone": "073-3507350",
          "contact_url": "https://www.iaa.org.il/en/page/contact-us",
          "notes": "Southern Temple Mount / Robinson’s Arch area — IAA excavations.",
          "official_website": "https://cityofdavid.org.il/en/"
        },
        "dig_status": "halted",
        "eras": [
          "New Testament era",
          "Roman / Byzantine"
        ],
        "official_website": "https://cityofdavid.org.il/en/",
        "official_website_label": "City of David / IAA — Jerusalem excavations",
        "status_kind": "dig"
      }
    },
    {
      "type": "Feature",
      "geometry": {
        "type": "Point",
        "coordinates": [
          28.0403,
          38.4883
        ]
      },
      "properties": {
        "id": "SAR-01",
        "name": "Sardis (Sart) — Revelation church city",
        "layer": "nt_digs",
        "dig": "Archaeological Exploration of Sardis (Harvard–Cornell)",
        "years": "1958–present (Butler Princeton earlier 1910–14)",
        "region": "Anatolia",
        "location": "Turkey / Manisa Province / Sart near Salihli",
        "mgrs": "35SNC90726050",
        "verses": "Revelation 1:11; Revelation 3:1–6",
        "found": "Lydian capital and Roman/Byzantine city: Artemis temple, synagogue (one of the largest in the ancient world), bath-gymnasium complex, acropolis fortifications; continuous occupation into Christian periods.",
        "support": "Confirmed identification with Sardis of Revelation’s seven churches. Synagogue and urban remains illuminate Jewish/Christian Asia Minor context.",
        "sources": "https://sardisexpedition.org/ ; https://sardisexpedition.org/en/essays/about-synagogue ; Hanfmann / Cahill Sardis reports; Seager & Kraabel synagogue chapter; Manisa Museum; Turkish Ministry of Culture and Tourism",
        "notes": "Completes Seven Churches gap (with existing Ephesus/Smyrna/Pergamon/Laodicea). Dedicated synagogue sub-feature is SAR-02 (do not delete this city pin).",
        "campaigns": 1,
        "confidence": "confirmed",
        "biblical_name": "Sardis",
        "strongs_id": "G4554",
        "strongs_lang": "G",
        "strongs_url": "https://www.blueletterbible.org/lexicon/g4554/kjv/tr/0-1/",
        "strongs_lemma": "Σάρδεις",
        "strongs_gloss": "Sardis; Revelation church city",
        "creation_ministry": {
          "blurb": "No site-specific Answers in Genesis, Creation Museum, or Ark Encounter page was verified for this dig in the 2026-09-30 survey. Do not invent AiG claims—label any future hit clearly as ministry interpretation, not dig consensus.",
          "aig": [],
          "creation_museum": [],
          "ark_encounter": [],
          "coverage": "none_found",
          "researched_at": "2026-09-30"
        },
        "creation_ministry_blurb": "No site-specific Answers in Genesis, Creation Museum, or Ark Encounter page was verified for this dig in the 2026-09-30 survey. Do not invent AiG claims—label any future hit clearly as ministry interpretation, not dig consensus.",
        "creation_ministry_coverage": "none_found",
        "creation_ministry_aig": [],
        "creation_ministry_museum": [],
        "creation_ministry_ark": [],
        "dig_halt": {
          "status": "no_halt_recorded",
          "date": null,
          "halted_by": null,
          "summary": "No dig halt is recorded for this site in the sources checked. High-profile halt searches prioritized Temple Mount restrictions, City of David/Silwan court orders, West Bank permit issues, Turkish foreign-mission suspensions, Jordan TeH, COVID project statements, and conflict interruptions (Syria/Iraq); this site did not yield a verified org/government stop-work or permit-revocation event.",
          "sources": []
        },
        "site_authority": {
          "name": "Republic of Türkiye Ministry of Culture and Tourism / Manisa Museum + Archaeological Exploration of Sardis",
          "type": "national_antiquities",
          "role": "Turkish Ministry licenses; Harvard–Cornell directs long-term expedition; Manisa Museum exhibits finds.",
          "contact_name": null,
          "contact_title": null,
          "contact_email": null,
          "contact_phone": null,
          "contact_url": "https://sardisexpedition.org/",
          "notes": "No invented contacts.",
          "official_website": "https://muze.gov.tr/"
        },
        "dig_status": "open",
        "status": "tourism conservation / research",
        "eras": [
          "New Testament era",
          "Roman / Byzantine"
        ],
        "official_website": "https://muze.gov.tr/",
        "official_website_label": "Türkiye Museums (MoC)",
        "status_kind": "dig"
      }
    },
    {
      "type": "Feature",
      "geometry": {
        "type": "Point",
        "coordinates": [
          27.84,
          38.92
        ]
      },
      "properties": {
        "id": "THY-01",
        "name": "Thyatira (Akhisar)",
        "layer": "nt_digs",
        "dig": "Turkish excavations / museum archaeology at Akhisar–Thyatira",
        "years": "Intermittent 20th–21st c. exposures; standing colonnaded street remains",
        "region": "Anatolia",
        "location": "Turkey / Manisa Province / Akhisar",
        "mgrs": "35SND72810823",
        "verses": "Acts 16:14; Revelation 1:11; Revelation 2:18–29",
        "found": "Roman urban remains of Thyatira beneath/within modern Akhisar: colonnaded street, inscriptions, basilica remains curated via regional museums.",
        "support": "Confirmed city of Lydia named in Acts (Lydia of Thyatira) and Revelation. Archaeology is more fragmentary than Ephesus/Sardis due to modern overbuilding—honesty on exposure limits.",
        "sources": "Turkish Ministry of Culture and Tourism site pages / Manisa museum catalogs; Revelation churches pilgrimage archaeology summaries from institutional sources",
        "notes": "Seven Churches completion.",
        "campaigns": 1,
        "confidence": "confirmed",
        "biblical_name": "Thyatira",
        "strongs_id": "G2363",
        "strongs_lang": "G",
        "strongs_url": "https://www.blueletterbible.org/lexicon/g2363/kjv/tr/0-1/",
        "strongs_lemma": "Θυάτειρα",
        "strongs_gloss": "Thyatira; Lydia city",
        "creation_ministry": {
          "blurb": "No site-specific Answers in Genesis, Creation Museum, or Ark Encounter page was verified for this dig in the 2026-09-30 survey. Do not invent AiG claims—label any future hit clearly as ministry interpretation, not dig consensus.",
          "aig": [],
          "creation_museum": [],
          "ark_encounter": [],
          "coverage": "none_found",
          "researched_at": "2026-09-30"
        },
        "creation_ministry_blurb": "No site-specific Answers in Genesis, Creation Museum, or Ark Encounter page was verified for this dig in the 2026-09-30 survey. Do not invent AiG claims—label any future hit clearly as ministry interpretation, not dig consensus.",
        "creation_ministry_coverage": "none_found",
        "creation_ministry_aig": [],
        "creation_ministry_museum": [],
        "creation_ministry_ark": [],
        "dig_halt": {
          "status": "no_halt_recorded",
          "date": null,
          "halted_by": null,
          "summary": "No dig halt is recorded for this site in the sources checked. High-profile halt searches prioritized Temple Mount restrictions, City of David/Silwan court orders, West Bank permit issues, Turkish foreign-mission suspensions, Jordan TeH, COVID project statements, and conflict interruptions (Syria/Iraq); this site did not yield a verified org/government stop-work or permit-revocation event.",
          "sources": []
        },
        "site_authority": {
          "name": "Republic of Türkiye Ministry of Culture and Tourism / Manisa Museum Directorate",
          "type": "national_antiquities",
          "role": "Ministry and museum directorate oversee Akhisar–Thyatira remains.",
          "contact_name": null,
          "contact_title": null,
          "contact_email": null,
          "contact_phone": null,
          "contact_url": "https://www.ktb.gov.tr/",
          "notes": "No invented contacts. Modern city limits excavation extent.",
          "official_website": "https://muze.gov.tr/"
        },
        "dig_status": "open",
        "status": "tourism conservation / research",
        "eras": [
          "New Testament era",
          "Roman / Byzantine"
        ],
        "official_website": "https://muze.gov.tr/",
        "official_website_label": "Türkiye Museums (MoC)",
        "status_kind": "dig"
      }
    },
    {
      "type": "Feature",
      "geometry": {
        "type": "Point",
        "coordinates": [
          28.517,
          38.35
        ]
      },
      "properties": {
        "id": "PHI-01",
        "name": "Philadelphia (Alaşehir)",
        "layer": "nt_digs",
        "dig": "Turkish excavations / standing Byzantine church remains at Alaşehir",
        "years": "Intermittent exposures; St. Jean church ruin conservation",
        "region": "Anatolia",
        "location": "Turkey / Manisa Province / Alaşehir",
        "mgrs": "35SPC32554573",
        "verses": "Revelation 1:11; Revelation 3:7–13",
        "found": "Roman/Byzantine Philadelphia remains including basilica/church ruins and city-wall fragments within Alaşehir.",
        "support": "Confirmed Revelation Philadelphia. Like Thyatira, overbuilt—extant Christian-period architecture is the main visible archaeology.",
        "sources": "Turkish Ministry of Culture and Tourism; Manisa provincial museum/heritage listings for Alaşehir–Philadelphia; https://epigraphy.packhum.org/text/240470 (FD III 4:286 / SIG³ 801D Claudian rescript; École Française d'Athènes Delphi); https://www.bibleodyssey.org/articles/erastus-gallio-and-paul/; École Française Delphi corpora",
        "notes": "Seven Churches completion.",
        "campaigns": 1,
        "confidence": "confirmed",
        "biblical_name": "Philadelphia",
        "strongs_id": "G5359",
        "strongs_lang": "G",
        "strongs_url": "https://www.blueletterbible.org/lexicon/g5359/kjv/tr/0-1/",
        "strongs_lemma": "Φιλαδέλφεια",
        "strongs_gloss": "brotherly love; Revelation church city",
        "creation_ministry": {
          "blurb": "No site-specific Answers in Genesis, Creation Museum, or Ark Encounter page was verified for this dig in the 2026-09-30 survey. Do not invent AiG claims—label any future hit clearly as ministry interpretation, not dig consensus.",
          "aig": [],
          "creation_museum": [],
          "ark_encounter": [],
          "coverage": "none_found",
          "researched_at": "2026-09-30"
        },
        "creation_ministry_blurb": "No site-specific Answers in Genesis, Creation Museum, or Ark Encounter page was verified for this dig in the 2026-09-30 survey. Do not invent AiG claims—label any future hit clearly as ministry interpretation, not dig consensus.",
        "creation_ministry_coverage": "none_found",
        "creation_ministry_aig": [],
        "creation_ministry_museum": [],
        "creation_ministry_ark": [],
        "dig_halt": {
          "status": "no_halt_recorded",
          "date": null,
          "halted_by": null,
          "summary": "No dig halt is recorded for this site in the sources checked. High-profile halt searches prioritized Temple Mount restrictions, City of David/Silwan court orders, West Bank permit issues, Turkish foreign-mission suspensions, Jordan TeH, COVID project statements, and conflict interruptions (Syria/Iraq); this site did not yield a verified org/government stop-work or permit-revocation event.",
          "sources": []
        },
        "site_authority": {
          "name": "Republic of Türkiye Ministry of Culture and Tourism / Manisa Museum Directorate",
          "type": "national_antiquities",
          "role": "Ministry/museum oversight of Alaşehir–Philadelphia ruins.",
          "contact_name": null,
          "contact_title": null,
          "contact_email": null,
          "contact_phone": null,
          "contact_url": "https://www.ktb.gov.tr/",
          "notes": "No invented contacts.",
          "official_website": "https://muze.gov.tr/"
        },
        "dig_status": "open",
        "status": "tourism conservation / research",
        "eras": [
          "New Testament era",
          "Roman / Byzantine"
        ],
        "official_website": "https://muze.gov.tr/",
        "official_website_label": "Türkiye Museums (MoC)",
        "status_kind": "dig"
      }
    },
    {
      "type": "Feature",
      "geometry": {
        "type": "Point",
        "coordinates": [
          27.279,
          37.53
        ]
      },
      "properties": {
        "id": "MIL-01",
        "name": "Miletus (Milet)",
        "layer": "nt_digs",
        "dig": "German/Turkish Miletus Excavations (DAI / local directorates)",
        "years": "1899–present (intermittent major campaigns)",
        "region": "Anatolia",
        "location": "Turkey / Aydın Province / Balat–Milet",
        "mgrs": "35SNB24655370",
        "verses": "Acts 20:15–38; 2 Timothy 4:20",
        "found": "Major Ionian/Roman harbor city: theater, Baths of Faustina, Sacred Way toward Didyma, agora complexes; NT-period urban fabric matching Paul’s Miletus farewell to Ephesian elders.",
        "support": "Confirmed Acts Miletus. Harbor silting explains inland position today. Strong urban archaeology for Pauline route.",
        "sources": "DAI Milet publications; Turkish Ministry of Culture and Tourism; Didyma–Milet museum context",
        "notes": "Acts spine fill.",
        "campaigns": 1,
        "confidence": "confirmed",
        "biblical_name": "Miletus",
        "strongs_id": "G3399",
        "strongs_lang": "G",
        "strongs_url": "https://www.blueletterbible.org/lexicon/g3399/kjv/tr/0-1/",
        "strongs_lemma": "Μίλητος",
        "strongs_gloss": "Miletus; Ionian harbor city",
        "creation_ministry": {
          "blurb": "No site-specific Answers in Genesis, Creation Museum, or Ark Encounter page was verified for this dig in the 2026-09-30 survey. Do not invent AiG claims—label any future hit clearly as ministry interpretation, not dig consensus.",
          "aig": [],
          "creation_museum": [],
          "ark_encounter": [],
          "coverage": "none_found",
          "researched_at": "2026-09-30"
        },
        "creation_ministry_blurb": "No site-specific Answers in Genesis, Creation Museum, or Ark Encounter page was verified for this dig in the 2026-09-30 survey. Do not invent AiG claims—label any future hit clearly as ministry interpretation, not dig consensus.",
        "creation_ministry_coverage": "none_found",
        "creation_ministry_aig": [],
        "creation_ministry_museum": [],
        "creation_ministry_ark": [],
        "dig_halt": {
          "status": "no_halt_recorded",
          "date": null,
          "halted_by": null,
          "summary": "No dig halt is recorded for this site in the sources checked. High-profile halt searches prioritized Temple Mount restrictions, City of David/Silwan court orders, West Bank permit issues, Turkish foreign-mission suspensions, Jordan TeH, COVID project statements, and conflict interruptions (Syria/Iraq); this site did not yield a verified org/government stop-work or permit-revocation event.",
          "sources": []
        },
        "site_authority": {
          "name": "Republic of Türkiye Ministry of Culture and Tourism + German Archaeological Institute (DAI) Milet",
          "type": "national_antiquities",
          "role": "Turkish Ministry licenses; DAI long-term research partner.",
          "contact_name": null,
          "contact_title": null,
          "contact_email": null,
          "contact_phone": null,
          "contact_url": "https://www.ktb.gov.tr/",
          "notes": "No invented contacts.",
          "official_website": "https://muze.gov.tr/"
        },
        "dig_status": "open",
        "status": "tourism conservation / research",
        "eras": [
          "New Testament era",
          "Roman / Byzantine"
        ],
        "official_website": "https://muze.gov.tr/",
        "official_website_label": "Türkiye Museums (MoC)",
        "status_kind": "dig"
      }
    },
    {
      "type": "Feature",
      "geometry": {
        "type": "Point",
        "coordinates": [
          34.895,
          36.916
        ]
      },
      "properties": {
        "id": "TAR-01",
        "name": "Tarsus — Pauline hometown (Gözlükule & city)",
        "layer": "nt_digs",
        "dig": "Tarsus Gözlükule Excavations (Özyar et al.) + urban Roman remains",
        "years": "1934–39 Hetty Goldman; renewed Boğaziçi / Bryn Mawr / local directorates",
        "region": "Anatolia",
        "location": "Turkey / Mersin Province / Tarsus",
        "mgrs": "36SXF68808723",
        "verses": "Acts 9:11; Acts 9:30; Acts 11:25; Acts 21:39; Acts 22:3",
        "found": "Multi-period Gözlükule mound (Bronze–Iron–Classical sequence) plus Roman-period urban Tarsus remains (road, arch, temple/church traditions). Hometown of Paul the apostle per Acts.",
        "support": "Confirmed classical Tarsus of Acts. Archaeology documents the city’s deep antiquity and Roman civic fabric; specific “Paul’s house” claims are pilgrimage tradition, not dig consensus.",
        "sources": "Goldman Tarsus publications; Özyar Gözlükule project reports; Turkish Ministry of Culture and Tourism / Mersin museum",
        "notes": "Acts spine fill.",
        "campaigns": 1,
        "confidence": "confirmed",
        "biblical_name": "Tarsus",
        "strongs_id": "G5019",
        "strongs_lang": "G",
        "strongs_url": "https://www.blueletterbible.org/lexicon/g5019/kjv/tr/0-1/",
        "strongs_lemma": "Ταρσός",
        "strongs_gloss": "Tarsus; Cilician city; Paul’s hometown",
        "creation_ministry": {
          "blurb": "No site-specific Answers in Genesis, Creation Museum, or Ark Encounter page was verified for this dig in the 2026-09-30 survey. Do not invent AiG claims—label any future hit clearly as ministry interpretation, not dig consensus.",
          "aig": [],
          "creation_museum": [],
          "ark_encounter": [],
          "coverage": "none_found",
          "researched_at": "2026-09-30"
        },
        "creation_ministry_blurb": "No site-specific Answers in Genesis, Creation Museum, or Ark Encounter page was verified for this dig in the 2026-09-30 survey. Do not invent AiG claims—label any future hit clearly as ministry interpretation, not dig consensus.",
        "creation_ministry_coverage": "none_found",
        "creation_ministry_aig": [],
        "creation_ministry_museum": [],
        "creation_ministry_ark": [],
        "dig_halt": {
          "status": "no_halt_recorded",
          "date": null,
          "halted_by": null,
          "summary": "No dig halt is recorded for this site in the sources checked. High-profile halt searches prioritized Temple Mount restrictions, City of David/Silwan court orders, West Bank permit issues, Turkish foreign-mission suspensions, Jordan TeH, COVID project statements, and conflict interruptions (Syria/Iraq); this site did not yield a verified org/government stop-work or permit-revocation event.",
          "sources": []
        },
        "site_authority": {
          "name": "Republic of Türkiye Ministry of Culture and Tourism / Mersin Museum Directorate",
          "type": "national_antiquities",
          "role": "Ministry and museum directorate oversee Tarsus–Gözlükule.",
          "contact_name": null,
          "contact_title": null,
          "contact_email": null,
          "contact_phone": null,
          "contact_url": "https://www.ktb.gov.tr/",
          "notes": "No invented contacts.",
          "official_website": "https://muze.gov.tr/"
        },
        "dig_status": "open",
        "status": "tourism conservation / research",
        "eras": [
          "New Testament era",
          "Roman / Byzantine"
        ],
        "official_website": "https://muze.gov.tr/",
        "official_website_label": "Türkiye Museums (MoC)",
        "status_kind": "dig"
      }
    },
    {
      "type": "Feature",
      "geometry": {
        "type": "Point",
        "coordinates": [
          31.189,
          38.304
        ]
      },
      "properties": {
        "id": "ANTP-01",
        "name": "Antioch of Pisidia (Yalvaç)",
        "layer": "nt_digs",
        "dig": "Michigan / local Turkish Antioch of Pisidia Excavations",
        "years": "1913–14; 1924; renewed late 20th c.–present",
        "region": "Anatolia",
        "location": "Turkey / Isparta Province / near Yalvaç",
        "mgrs": "36SUH41654109",
        "verses": "Acts 13:14–52; Acts 14:19–21; 2 Timothy 3:11",
        "found": "Roman colony city: Augustan temple complex, cardo, theater/odeon, church of St. Paul tradition, inscriptions (including Res Gestae copies). Setting of Paul’s synagogue sermon in Acts 13.",
        "support": "Confirmed Pisidian Antioch of Acts (distinct from Syrian Antioch already on map). Strong colonial-Roman archaeology for Pauline first journey.",
        "sources": "University of Michigan historical expedition; Turkish Ministry excavations/conservation at Yalvaç; site museum",
        "notes": "Acts spine fill. Distinct from ANT-01 Syrian Antioch.",
        "campaigns": 1,
        "confidence": "confirmed",
        "biblical_name": "Antioch (Pisidian)",
        "strongs_id": "G490",
        "strongs_lang": "G",
        "strongs_url": "https://www.blueletterbible.org/lexicon/g490/kjv/tr/0-1/",
        "strongs_lemma": "Ἀντιόχεια",
        "strongs_gloss": "Antioch; Pisidian Roman colony",
        "creation_ministry": {
          "blurb": "No site-specific Answers in Genesis, Creation Museum, or Ark Encounter page was verified for this dig in the 2026-09-30 survey. Do not invent AiG claims—label any future hit clearly as ministry interpretation, not dig consensus.",
          "aig": [],
          "creation_museum": [],
          "ark_encounter": [],
          "coverage": "none_found",
          "researched_at": "2026-09-30"
        },
        "creation_ministry_blurb": "No site-specific Answers in Genesis, Creation Museum, or Ark Encounter page was verified for this dig in the 2026-09-30 survey. Do not invent AiG claims—label any future hit clearly as ministry interpretation, not dig consensus.",
        "creation_ministry_coverage": "none_found",
        "creation_ministry_aig": [],
        "creation_ministry_museum": [],
        "creation_ministry_ark": [],
        "dig_halt": {
          "status": "no_halt_recorded",
          "date": null,
          "halted_by": null,
          "summary": "No dig halt is recorded for this site in the sources checked. High-profile halt searches prioritized Temple Mount restrictions, City of David/Silwan court orders, West Bank permit issues, Turkish foreign-mission suspensions, Jordan TeH, COVID project statements, and conflict interruptions (Syria/Iraq); this site did not yield a verified org/government stop-work or permit-revocation event.",
          "sources": []
        },
        "site_authority": {
          "name": "Republic of Türkiye Ministry of Culture and Tourism / Yalvaç Museum",
          "type": "national_antiquities",
          "role": "Ministry and local museum oversee Pisidian Antioch.",
          "contact_name": null,
          "contact_title": null,
          "contact_email": null,
          "contact_phone": null,
          "contact_url": "https://www.ktb.gov.tr/",
          "notes": "No invented contacts. Not Syrian Antioch (ANT-01).",
          "official_website": "https://muze.gov.tr/"
        },
        "dig_status": "open",
        "status": "tourism conservation / research",
        "eras": [
          "New Testament era",
          "Roman / Byzantine"
        ],
        "official_website": "https://muze.gov.tr/",
        "official_website_label": "Türkiye Museums (MoC)",
        "status_kind": "dig"
      }
    },
    {
      "type": "Feature",
      "geometry": {
        "type": "Point",
        "coordinates": [
          34.752,
          32.054
        ]
      },
      "properties": {
        "id": "JOP-01",
        "name": "Joppa / Jaffa (Yafo) — Acts & Jonah port",
        "layer": "nt_digs",
        "dig": "IAA Jaffa Excavations (Kaplan / later IAA & international projects)",
        "years": "1955–1974 Kaplan; renewed IAA / UCLA / other projects 1990s–present",
        "region": "Judea/Jerusalem",
        "location": "Israel / Tel Aviv-Yafo / ancient Jaffa tell and port",
        "mgrs": "36SXA65404776",
        "verses": "Jonah 1:3; Joshua 19:46; 2 Chronicles 2:16; Acts 9:36–43; Acts 10:5–23",
        "found": "Multi-period tell and harbor: Late Bronze Egyptian gate/inscription finds in earlier work; Iron/Persian/Hellenistic/Roman port city; OT Jonah embarkation and Acts Peter–Tabitha / Cornelius vision geography.",
        "support": "Confirmed Joppa/Jaffa. Bronze through Roman harbor archaeology; NT Acts narrative geography is secure at city scale (exact “house of Simon the tanner” is pilgrimage tradition).",
        "sources": "IAA HA-ESI Jaffa reports; Kaplan Jaffa excavations; UCLA Jaffa Cultural Heritage Project publications; https://publications.iaa.org.il/ha-esi/",
        "notes": "Also OT port (Jonah)—placed on NT digs for Acts spine; verses include Jonah.",
        "campaigns": 1,
        "confidence": "confirmed",
        "biblical_name": "Joppa",
        "strongs_id": "G2445",
        "strongs_lang": "G",
        "strongs_url": "https://www.blueletterbible.org/lexicon/g2445/kjv/tr/0-1/",
        "strongs_lemma": "Ἰόππη",
        "strongs_gloss": "Joppa; Mediterranean port",
        "creation_ministry": {
          "blurb": "No site-specific Answers in Genesis, Creation Museum, or Ark Encounter page was verified for this dig in the 2026-09-30 survey. Do not invent AiG claims—label any future hit clearly as ministry interpretation, not dig consensus.",
          "aig": [],
          "creation_museum": [],
          "ark_encounter": [],
          "coverage": "none_found",
          "researched_at": "2026-09-30"
        },
        "creation_ministry_blurb": "No site-specific Answers in Genesis, Creation Museum, or Ark Encounter page was verified for this dig in the 2026-09-30 survey. Do not invent AiG claims—label any future hit clearly as ministry interpretation, not dig consensus.",
        "creation_ministry_coverage": "none_found",
        "creation_ministry_aig": [],
        "creation_ministry_museum": [],
        "creation_ministry_ark": [],
        "dig_halt": {
          "status": "no_halt_recorded",
          "date": null,
          "halted_by": null,
          "summary": "No dig halt is recorded for this site in the sources checked. High-profile halt searches prioritized Temple Mount restrictions, City of David/Silwan court orders, West Bank permit issues, Turkish foreign-mission suspensions, Jordan TeH, COVID project statements, and conflict interruptions (Syria/Iraq); this site did not yield a verified org/government stop-work or permit-revocation event.",
          "sources": []
        },
        "site_authority": {
          "name": "Israel Antiquities Authority (IAA)",
          "type": "national_antiquities",
          "role": "Licenses excavations and oversees antiquities across Israel; regional offices handle site permits and finds.",
          "contact_name": null,
          "contact_title": "General inquiries (Mokedia)",
          "contact_email": "mokediaa@israntique.org.il",
          "contact_phone": "073-3507350",
          "contact_url": "https://www.iaa.org.il/en/page/contact-us",
          "notes": "Jaffa/Yafo — IAA; municipal heritage; international research partners.",
          "official_website": "https://www.iaa.org.il/en"
        },
        "dig_status": "open",
        "status": "tourism conservation / research",
        "eras": [
          "Bronze Age",
          "New Testament era",
          "Persian / Hellenistic",
          "Roman / Byzantine"
        ],
        "official_website": "https://www.iaa.org.il/en",
        "official_website_label": "Israel Antiquities Authority",
        "status_kind": "dig"
      }
    },
    {
      "type": "Feature",
      "geometry": {
        "type": "Point",
        "coordinates": [
          34.888,
          31.951
        ]
      },
      "properties": {
        "id": "LYD-01",
        "name": "Lydda / Lod (Diospolis)",
        "layer": "nt_digs",
        "dig": "IAA Lod Excavations (mosaic / urban salvage)",
        "years": "1990s–present IAA salvage & research exposures",
        "region": "Judea/Jerusalem",
        "location": "Israel / Lod / ancient Lydda",
        "mgrs": "36RXA78443656",
        "verses": "1 Chronicles 8:12; Ezra 2:33; Nehemiah 11:35; Acts 9:32–35",
        "found": "Multi-period urban site: Iron/Persian/Hellenistic/Roman Lod–Lydda; famous Roman-period mosaic villa exposed by IAA; Acts Peter–Aeneas narrative setting on the coastal plain road.",
        "support": "Confirmed Lydda of Acts 9. Archaeology is urban-salvage heavy (modern city)—city identification secure; specific miracle-house not excavated as such.",
        "sources": "IAA Lod mosaic / HA-ESI Lod reports; https://publications.iaa.org.il/ha-esi/",
        "notes": "Acts coastal spine with Joppa.",
        "campaigns": 1,
        "confidence": "confirmed",
        "biblical_name": "Lydda",
        "strongs_id": "G3069",
        "strongs_lang": "G",
        "strongs_url": "https://www.blueletterbible.org/lexicon/g3069/kjv/tr/0-1/",
        "strongs_lemma": "Λύδδα",
        "strongs_gloss": "Lydda; coastal-plain town",
        "creation_ministry": {
          "blurb": "No site-specific Answers in Genesis, Creation Museum, or Ark Encounter page was verified for this dig in the 2026-09-30 survey. Do not invent AiG claims—label any future hit clearly as ministry interpretation, not dig consensus.",
          "aig": [],
          "creation_museum": [],
          "ark_encounter": [],
          "coverage": "none_found",
          "researched_at": "2026-09-30"
        },
        "creation_ministry_blurb": "No site-specific Answers in Genesis, Creation Museum, or Ark Encounter page was verified for this dig in the 2026-09-30 survey. Do not invent AiG claims—label any future hit clearly as ministry interpretation, not dig consensus.",
        "creation_ministry_coverage": "none_found",
        "creation_ministry_aig": [],
        "creation_ministry_museum": [],
        "creation_ministry_ark": [],
        "dig_halt": {
          "status": "no_halt_recorded",
          "date": null,
          "halted_by": null,
          "summary": "No dig halt is recorded for this site in the sources checked. High-profile halt searches prioritized Temple Mount restrictions, City of David/Silwan court orders, West Bank permit issues, Turkish foreign-mission suspensions, Jordan TeH, COVID project statements, and conflict interruptions (Syria/Iraq); this site did not yield a verified org/government stop-work or permit-revocation event.",
          "sources": []
        },
        "site_authority": {
          "name": "Israel Antiquities Authority (IAA)",
          "type": "national_antiquities",
          "role": "Licenses excavations and oversees antiquities across Israel; regional offices handle site permits and finds.",
          "contact_name": null,
          "contact_title": "General inquiries (Mokedia)",
          "contact_email": "mokediaa@israntique.org.il",
          "contact_phone": "073-3507350",
          "contact_url": "https://www.iaa.org.il/en/page/contact-us",
          "notes": "Lod/Lydda — IAA urban excavations.",
          "official_website": "https://www.iaa.org.il/en"
        },
        "dig_status": "open",
        "status": "tourism conservation / research",
        "eras": [
          "New Testament era",
          "Persian / Hellenistic",
          "Roman / Byzantine"
        ],
        "official_website": "https://www.iaa.org.il/en",
        "official_website_label": "Israel Antiquities Authority",
        "status_kind": "dig"
      }
    },
    {
      "type": "Feature",
      "geometry": {
        "type": "Point",
        "coordinates": [
          33.903,
          35.185
        ]
      },
      "properties": {
        "id": "SAL-01",
        "name": "Salamis (Cyprus) — Acts 13 start",
        "layer": "nt_digs",
        "dig": "Department of Antiquities Cyprus Salamis Excavations",
        "years": "1952–1974 major campaigns; ongoing conservation",
        "region": "Anatolia",
        "location": "Cyprus / east coast / Salamis near Famagusta",
        "mgrs": "36SWD82219393",
        "verses": "Acts 13:4–5",
        "found": "Major Classical–Roman city of Cyprus: gymnasium, theater, baths, basilicas, necropolis—setting for Barnabas and Saul’s first preaching stop in Acts 13.",
        "support": "Confirmed Acts Salamis. Extensive Classical archaeology; synagogue of Acts not archaeologically isolated as a single dig locus—city-scale ID is secure.",
        "sources": "Cyprus Department of Antiquities Salamis publications; site museum/conservation under DoA Cyprus",
        "notes": "Acts spine. Region tag Anatolia used for eastern Med NT cluster—location string clarifies Cyprus.",
        "campaigns": 1,
        "confidence": "confirmed",
        "biblical_name": "Salamis",
        "strongs_id": "G4529",
        "strongs_lang": "G",
        "strongs_url": "https://www.blueletterbible.org/lexicon/g4529/kjv/tr/0-1/",
        "strongs_lemma": "Σαλαμίς",
        "strongs_gloss": "Salamis; Cypriot city",
        "creation_ministry": {
          "blurb": "No site-specific Answers in Genesis, Creation Museum, or Ark Encounter page was verified for this dig in the 2026-09-30 survey. Do not invent AiG claims—label any future hit clearly as ministry interpretation, not dig consensus.",
          "aig": [],
          "creation_museum": [],
          "ark_encounter": [],
          "coverage": "none_found",
          "researched_at": "2026-09-30"
        },
        "creation_ministry_blurb": "No site-specific Answers in Genesis, Creation Museum, or Ark Encounter page was verified for this dig in the 2026-09-30 survey. Do not invent AiG claims—label any future hit clearly as ministry interpretation, not dig consensus.",
        "creation_ministry_coverage": "none_found",
        "creation_ministry_aig": [],
        "creation_ministry_museum": [],
        "creation_ministry_ark": [],
        "dig_halt": {
          "status": "no_halt_recorded",
          "date": null,
          "halted_by": null,
          "summary": "No dig halt is recorded for this site in the sources checked. High-profile halt searches prioritized Temple Mount restrictions, City of David/Silwan court orders, West Bank permit issues, Turkish foreign-mission suspensions, Jordan TeH, COVID project statements, and conflict interruptions (Syria/Iraq); this site did not yield a verified org/government stop-work or permit-revocation event.",
          "sources": []
        },
        "site_authority": {
          "name": "Department of Antiquities, Republic of Cyprus",
          "type": "national_antiquities",
          "role": "Cyprus DoA excavates/conserves Salamis.",
          "contact_name": null,
          "contact_title": null,
          "contact_email": null,
          "contact_phone": null,
          "contact_url": "http://www.mcw.gov.cy/mcw/da/da.nsf/",
          "notes": "No invented contacts. Political access notes for Famagusta region may apply.",
          "official_website": "https://www.mcw.gov.cy/mcw/da/da.nsf/"
        },
        "dig_status": "open",
        "status": "tourism conservation / research",
        "eras": [
          "New Testament era",
          "Roman / Byzantine"
        ],
        "official_website": "https://www.mcw.gov.cy/mcw/da/da.nsf/",
        "official_website_label": "Department of Antiquities, Republic of Cyprus",
        "status_kind": "dig"
      }
    },
    {
      "type": "Feature",
      "geometry": {
        "type": "Point",
        "coordinates": [
          35.891,
          32.282
        ]
      },
      "properties": {
        "id": "GER-01",
        "name": "Gerasa / Jerash (Decapolis)",
        "layer": "nt_digs",
        "dig": "Jordan Department of Antiquities Jerash Excavations (+ international missions)",
        "years": "1925–present (multi-mission)",
        "region": "Levant-other",
        "location": "Jordan / Jerash",
        "mgrs": "36SYA72287536",
        "verses": "Matthew 8:28; Mark 5:1; Luke 8:26 (Gerasene/Gadarene textual variants—honesty); Mark 7:31 (Decapolis)",
        "found": "Monumental Decapolis city: cardo, Hadrian’s arch, oval plaza, temples of Zeus/Artemis, theaters, churches—best-preserved Decapolis urban landscape.",
        "support": "Confirmed Gerasa of the Decapolis. Gospel “Gerasene” demoniac locale is textually contested (Gerasa vs Gadara vs Gergesa/Kursi)—pin is the excavated Decapolis city, not a claim to settle the swine narrative geography.",
        "sources": "https://doa.gov.jo/; Jerash excavation reports / DoA Jordan; ACOR-related publications",
        "notes": "Decapolis depth. See also Kursi/Gadara already on map for miracle geography debate.",
        "campaigns": 1,
        "confidence": "confirmed",
        "biblical_name": "Gerasa",
        "strongs_id": "G1086",
        "strongs_lang": "G",
        "strongs_url": "https://www.blueletterbible.org/lexicon/g1086/kjv/tr/0-1/",
        "strongs_lemma": "Γερασηνός",
        "strongs_gloss": "Gerasene; Decapolis demonym (textual variants apply)",
        "creation_ministry": {
          "blurb": "No site-specific Answers in Genesis, Creation Museum, or Ark Encounter page was verified for this dig in the 2026-09-30 survey. Do not invent AiG claims—label any future hit clearly as ministry interpretation, not dig consensus.",
          "aig": [],
          "creation_museum": [],
          "ark_encounter": [],
          "coverage": "none_found",
          "researched_at": "2026-09-30"
        },
        "creation_ministry_blurb": "No site-specific Answers in Genesis, Creation Museum, or Ark Encounter page was verified for this dig in the 2026-09-30 survey. Do not invent AiG claims—label any future hit clearly as ministry interpretation, not dig consensus.",
        "creation_ministry_coverage": "none_found",
        "creation_ministry_aig": [],
        "creation_ministry_museum": [],
        "creation_ministry_ark": [],
        "dig_halt": {
          "status": "no_halt_recorded",
          "date": null,
          "halted_by": null,
          "summary": "No dig halt is recorded for this site in the sources checked. High-profile halt searches prioritized Temple Mount restrictions, City of David/Silwan court orders, West Bank permit issues, Turkish foreign-mission suspensions, Jordan TeH, COVID project statements, and conflict interruptions (Syria/Iraq); this site did not yield a verified org/government stop-work or permit-revocation event.",
          "sources": []
        },
        "site_authority": {
          "name": "Jordan Department of Antiquities (DoA) — Jerash",
          "type": "national_antiquities",
          "role": "DoA manages Jerash archaeological city and licenses missions.",
          "contact_name": null,
          "contact_title": null,
          "contact_email": null,
          "contact_phone": null,
          "contact_url": "https://doa.gov.jo/",
          "notes": "No invented contacts.",
          "official_website": "https://doa.gov.jo/"
        },
        "dig_status": "open",
        "status": "tourism conservation / research",
        "eras": [
          "New Testament era"
        ],
        "official_website": "https://doa.gov.jo/",
        "official_website_label": "Department of Antiquities of Jordan",
        "status_kind": "dig"
      }
    },
    {
      "type": "Feature",
      "geometry": {
        "type": "Point",
        "coordinates": [
          35.741,
          32.902
        ]
      },
      "properties": {
        "id": "GAM-01",
        "name": "Gamla — Second Temple synagogue",
        "layer": "nt_digs",
        "dig": "IAA / INPA Gamla Excavations (Gutman / later)",
        "years": "1976–1989; continued conservation",
        "region": "Galilee",
        "location": "Israel / Golan / Gamla Nature Reserve",
        "mgrs": "36SYB56374375",
        "verses": "Matthew 4:23; Matthew 9:35; Mark 1:21–28 (synagogue ministry background); Josephus Jewish War (Gospel-era Golan context)",
        "found": "Late Second Temple Jewish city destroyed in the First Revolt: early synagogue, ritual baths, olive-oil industry, basalt fortifications—Gospel-era synagogue architecture parallel (not a named Gospel town).",
        "support": "Background archaeology for Galilee/Golan synagogue life in Jesus’ period and the Revolt. Not claimed as a specific named New Testament town.",
        "sources": "Gutman Gamla publications; INPA Gamla Nature Reserve; IAA",
        "notes": "Synagogue site-type fill from coverage gaps.",
        "campaigns": 1,
        "confidence": "confirmed",
        "biblical_name": null,
        "strongs_id": null,
        "strongs_lang": null,
        "strongs_url": null,
        "strongs_lemma": null,
        "strongs_gloss": null,
        "creation_ministry": {
          "blurb": "No site-specific Answers in Genesis, Creation Museum, or Ark Encounter page was verified for this dig in the 2026-09-30 survey. Do not invent AiG claims—label any future hit clearly as ministry interpretation, not dig consensus.",
          "aig": [],
          "creation_museum": [],
          "ark_encounter": [],
          "coverage": "none_found",
          "researched_at": "2026-09-30"
        },
        "creation_ministry_blurb": "No site-specific Answers in Genesis, Creation Museum, or Ark Encounter page was verified for this dig in the 2026-09-30 survey. Do not invent AiG claims—label any future hit clearly as ministry interpretation, not dig consensus.",
        "creation_ministry_coverage": "none_found",
        "creation_ministry_aig": [],
        "creation_ministry_museum": [],
        "creation_ministry_ark": [],
        "dig_halt": {
          "status": "no_halt_recorded",
          "date": null,
          "halted_by": null,
          "summary": "No dig halt is recorded for this site in the sources checked. High-profile halt searches prioritized Temple Mount restrictions, City of David/Silwan court orders, West Bank permit issues, Turkish foreign-mission suspensions, Jordan TeH, COVID project statements, and conflict interruptions (Syria/Iraq); this site did not yield a verified org/government stop-work or permit-revocation event.",
          "sources": []
        },
        "site_authority": {
          "name": "IAA + INPA (Gamla Nature Reserve)",
          "type": "mixed",
          "role": "INPA reserve operations; IAA antiquities.",
          "contact_name": null,
          "contact_title": "General inquiries (Mokedia)",
          "contact_email": "mokediaa@israntique.org.il",
          "contact_phone": "073-3507350",
          "contact_url": "https://www.iaa.org.il/en/page/contact-us",
          "notes": "Gospel-era synagogue background—not a named NT town.",
          "official_website": "https://en.parks.org.il/reserve-park/gamla-nature-reserve/"
        },
        "dig_status": "open",
        "status": "tourism conservation / research",
        "eras": [
          "New Testament era",
          "Roman / Byzantine"
        ],
        "official_website": "https://en.parks.org.il/reserve-park/gamla-nature-reserve/",
        "official_website_label": "INPA — Gamla Nature Reserve",
        "status_kind": "dig"
      }
    },
    {
      "type": "Feature",
      "geometry": {
        "type": "Point",
        "coordinates": [
          30.59233,
          30.899624
        ]
      },
      "properties": {
        "id": "NAU-01",
        "name": "Naukratis — Kom Geif",
        "layer": "nt_digs",
        "dig": "British Museum Naukratis Project + MoTA SCA (+ Petrie historical)",
        "years": "Petrie 1884–85; Hogarth; BM Naukratis Project 2010s–present",
        "region": "Egypt",
        "location": "Egypt / Beheira / Kom Geif (ancient Naukratis)",
        "mgrs": "36RTV69872096",
        "verses": "Acts 18:24; Acts 2:10 (Egyptian Jewish/Greek diaspora context); Isaiah 19:18–25 (later Hellenistic reading caution)",
        "found": "Earliest major Greek emporium in Egypt (Saite permission; flourished through Ptolemaic/Roman): sanctuaries of Hellenic deities, workshops, and bilingual material culture published by the British Museum project. Frames the Greek-speaking Egyptian world of the NT diaspora (Apollos of Alexandria, etc.).",
        "support": "MODERATE NT-era relevance as excavated Greek-Egyptian port-city documenting the Hellenistic milieu surrounding NT Egypt references—Alexandria (ALEX-01) remains the primary NT urban pin.",
        "sources": "British Museum Naukratis research project publications; Petrie Naukratis vols; MoTA SCA; https://www.britishmuseum.org/",
        "notes": "Coords: OSM Nominatim Naucratis attraction. NT/Hellenistic–Roman priority.",
        "campaigns": 1,
        "confidence": "probable",
        "biblical_name": "Naukratis (Greek Egypt)",
        "strongs_id": null,
        "strongs_lang": null,
        "strongs_url": null,
        "strongs_lemma": null,
        "strongs_gloss": null,
        "creation_ministry": {
          "blurb": "No site-specific Answers in Genesis, Creation Museum, or Ark Encounter page was verified for this dig in the 2026-09-30 survey. Do not invent AiG claims—label any future hit clearly as ministry interpretation, not dig consensus.",
          "aig": [],
          "creation_museum": [],
          "ark_encounter": [],
          "coverage": "none_found",
          "researched_at": "2026-09-30"
        },
        "creation_ministry_blurb": "No site-specific Answers in Genesis, Creation Museum, or Ark Encounter page was verified for this dig in the 2026-09-30 survey. Do not invent AiG claims—label any future hit clearly as ministry interpretation, not dig consensus.",
        "creation_ministry_coverage": "none_found",
        "creation_ministry_aig": [],
        "creation_ministry_museum": [],
        "creation_ministry_ark": [],
        "dig_halt": {
          "status": "no_halt_recorded",
          "date": null,
          "halted_by": null,
          "summary": "No dig halt is recorded for this site in the sources checked. High-profile halt searches prioritized Temple Mount restrictions, City of David/Silwan court orders, West Bank permit issues, Turkish foreign-mission suspensions, Jordan TeH, COVID project statements, and conflict interruptions (Syria/Iraq); this site did not yield a verified org/government stop-work or permit-revocation event.",
          "sources": []
        },
        "site_authority": {
          "name": "Ministry of Tourism and Antiquities (Egypt) / Supreme Council of Antiquities",
          "type": "national_antiquities",
          "role": "National ministry overseeing museums, monuments, and excavation permits in Egypt.",
          "contact_name": null,
          "contact_title": "Ministry portal inquiries",
          "contact_email": "moa.portal@mota.gov.eg",
          "contact_phone": "19654",
          "contact_url": "https://www.mota.gov.eg/ar/",
          "notes": "Naukratis — MoTA; British Museum Naukratis Project.",
          "official_website": "https://www.mota.gov.eg/ar/"
        },
        "dig_status": "open",
        "official_website": "https://www.mota.gov.eg/ar/",
        "official_website_label": "Ministry of Tourism and Antiquities (Egypt) / Supreme Council of Antiquities",
        "eras": [
          "New Testament era",
          "Persian / Hellenistic",
          "Roman / Byzantine"
        ],
        "status_kind": "dig"
      }
    },
    {
      "type": "Feature",
      "geometry": {
        "type": "Point",
        "coordinates": [
          44.580786,
          33.09373
        ]
      },
      "properties": {
        "id": "SEL-01",
        "name": "Seleucia–Ctesiphon (al-Madaʾin / Taq Kasra)",
        "layer": "nt_digs",
        "dig": "German/Iraqi historical excavations; SBAH site protection of Taq Kasra",
        "years": "German Oriental Society / Iraqi missions 1920s–60s; ongoing SBAH conservation",
        "region": "Mesopotamia",
        "location": "Iraq / Baghdad Governorate / al-Madaʾin (Ctesiphon; Seleucia opposite)",
        "mgrs": "38SMB60886175",
        "verses": "Acts 2:9 (Parthians/Medes/Elamites at Pentecost — Mesopotamian diaspora); 1 Peter 5:13 (Babylon tradition caution); Babylonian Jewish centers of the NT era",
        "found": "Twin imperial capitals of the Seleucid then Parthian/Sasanian realms on the Tigris: Taq Kasra (Arch of Ctesiphon) standing Sasanian vault, city remains of Ctesiphon and Seleucia-on-Tigris. Principal Mesopotamian urban stage for Jewish and early Christian communities east of Roman Judea in the NT period.",
        "support": "MODERATE–STRONG as the NT-era Mesopotamian metropolis succeeding Babylon—explains Parthian-world audience geography of Acts 2:9. ‘Babylon’ in 1 Peter remains debated (Rome vs Mesopotamia); pin is the excavated capital district, not a closed Petrine ID.",
        "sources": "SBAH Taq Kasra conservation; Reuther / German Ctesiphon publications; https://sbah.gov.iq/; UNESCO tentative / heritage reporting on al-Madaʾin",
        "notes": "Coords: OSM Nominatim إيوان المدائن (Taq Kasra). Seleucia mound ~3 km west—single metro pin.",
        "campaigns": 1,
        "confidence": "probable",
        "biblical_name": "Ctesiphon / Seleucia (NT Mesopotamia)",
        "strongs_id": null,
        "strongs_lang": null,
        "strongs_url": null,
        "strongs_lemma": null,
        "strongs_gloss": null,
        "creation_ministry": {
          "blurb": "No site-specific Answers in Genesis, Creation Museum, or Ark Encounter page was verified for this dig in the 2026-09-30 survey. Do not invent AiG claims—label any future hit clearly as ministry interpretation, not dig consensus.",
          "aig": [],
          "creation_museum": [],
          "ark_encounter": [],
          "coverage": "none_found",
          "researched_at": "2026-09-30"
        },
        "creation_ministry_blurb": "No site-specific Answers in Genesis, Creation Museum, or Ark Encounter page was verified for this dig in the 2026-09-30 survey. Do not invent AiG claims—label any future hit clearly as ministry interpretation, not dig consensus.",
        "creation_ministry_coverage": "none_found",
        "creation_ministry_aig": [],
        "creation_ministry_museum": [],
        "creation_ministry_ark": [],
        "dig_halt": {
          "status": "no_halt_recorded",
          "date": null,
          "halted_by": null,
          "summary": "No dig halt is recorded for this site in the sources checked. High-profile halt searches prioritized Temple Mount restrictions, City of David/Silwan court orders, West Bank permit issues, Turkish foreign-mission suspensions, Jordan TeH, COVID project statements, and conflict interruptions (Syria/Iraq); this site did not yield a verified org/government stop-work or permit-revocation event.",
          "sources": []
        },
        "site_authority": {
          "name": "State Board of Antiquities and Heritage (SBAH), Iraq",
          "type": "national_antiquities",
          "role": "National board licensing excavations and protecting heritage sites in Iraq.",
          "contact_name": null,
          "contact_title": "Relations Department",
          "contact_email": "relations@sbah.gov.iq",
          "contact_phone": null,
          "contact_url": "https://sbah.gov.iq/",
          "notes": "Seleucia–Ctesiphon / Taq Kasra — SBAH.",
          "official_website": "https://sbah.gov.iq/"
        },
        "dig_status": "open",
        "official_website": "https://sbah.gov.iq/",
        "official_website_label": "State Board of Antiquities and Heritage (SBAH), Iraq",
        "eras": [
          "New Testament era",
          "Persian / Hellenistic",
          "Roman / Byzantine"
        ],
        "status_kind": "dig"
      }
    },
    {
      "type": "Feature",
      "geometry": {
        "type": "Point",
        "coordinates": [
          35.235,
          31.75
        ]
      },
      "properties": {
        "id": "CAI-01",
        "name": "Caiaphas family ossuary / Peace Forest tomb (North Talpiot)",
        "layer": "nt_digs",
        "dig": "IAA salvage excavation — Peace Forest tomb (Zvi Greenhut)",
        "years": "1990 (Nov/Dec salvage); Greenhut Atiqot 21 (1992)",
        "region": "Judea/Jerusalem",
        "location": "Israel / Jerusalem / Peace Forest near North Talpiot; ornate ossuary displayed Israel Museum",
        "mgrs": "36RYA1170214899",
        "verses": "Matthew 26:3–5, 57–68; John 18:13–28; Luke 3:2; Acts 4:6",
        "found": "Second Temple burial cave exposed during construction collapse in the Peace Forest (south Jerusalem / North Talpiot area). IAA salvage directed by Zvi Greenhut recovered multiple ossuaries, including an ornate limestone box commonly read with the Caiaphas name form and the longer label understood as “Joseph son of Caiaphas.” Epigraphic work by Ronny Reich; anthropology by Joseph Zias / Tzipora Kahana. Israel Museum exhibits the ornate ossuary as high-priest family context (18–36 CE).",
        "support": "STRONG for a Caiaphas-family burial of priestly status in late Second Temple Jerusalem. Very strong identification with the NT high-priest family name in the right place and period; the ornate box is unusually fine for high-status burial. NOT a signed “this is exactly the man in John 18” label — names can be shared. Ignore later media “nails of the cross” sensationalism; Greenhut’s iron nails are ordinary finds, not crucifixion proof. Bones were reburied per Israeli practice.",
        "sources": "Greenhut, Atiqot 21 (1992); Reich inscription analysis; Israel Museum — Ossuary of Caiaphas (high priest 18–36 CE); IAA salvage record",
        "notes": "Linguist: Commonly read with the Caiaphas name form (Qypʾ / Qafa / Qayafa), including the longer label understood as “Joseph son of Caiaphas.” Matches the NT high-priest family name in the right place and period; the box is unusually fine for high-status burial. Caveat: names can be shared — very strong identification, not a signed “this is exactly the man in John 18” label. Distinct from sensational Talpiot “Jesus family tomb” claims (skipped). Coords approximate Peace Forest / North Talpiot findspot.",
        "status": "museum display / tomb backfilled",
        "campaigns": 1,
        "confidence": "confirmed",
        "dig_status": "open",
        "eras": [
          "New Testament era",
          "Roman / Byzantine"
        ],
        "official_website": "https://www.imj.org.il/",
        "official_website_label": "Israel Museum, Jerusalem",
        "biblical_name": "Caiaphas",
        "strongs_null_reason": "personal/family name (high priest); not a Strong’s place-name pin",
        "creation_ministry_blurb": "No site-specific Answers in Genesis, Creation Museum, or Ark Encounter page was verified for this dig in the 2026-09-30 secular-scrub survey. Do not invent AiG claims—label any future hit clearly as ministry interpretation, not dig consensus.",
        "creation_ministry_coverage": "none_found",
        "creation_ministry_aig": [],
        "creation_ministry_museum": [],
        "creation_ministry_ark": [],
        "status_kind": "dig"
      }
    },
    {
      "type": "Feature",
      "geometry": {
        "type": "Point",
        "coordinates": [
          40.73,
          34.747
        ]
      },
      "properties": {
        "id": "DURA-01",
        "name": "Dura-Europos — Christian building (baptistery)",
        "layer": "nt_digs",
        "dig": "Yale University + French Academy excavations (Clark Hopkins season)",
        "years": "1928–1937 site campaigns; Christian murals exposed Jan–Feb 1932",
        "region": "Syria / Euphrates",
        "location": "Syria / Dura-Europos (near modern Salhiyah) on the Euphrates; paintings at Yale University Art Gallery",
        "mgrs": "37SFU5835846349",
        "verses": "Acts 2:42–47; Acts 11:26 (early Christian assembly background); Gospel scenes in murals (Good Shepherd, healing, walking on water, empty-tomb procession — art, not miracle proof)",
        "found": "Mid-3rd-century Christian assembly building with painted baptistery — among the earliest securely dated Christian worship spaces. Murals transferred to Yale University Art Gallery. Paired on this map with DURA-02 (synagogue at the same site). 2024 Journal of Roman Archaeology restudy argues the renovated building was no longer meaningfully “domestic,” challenging the classic domus ecclesiae label without denying Christian use.",
        "support": "STRONG for mid-3rd-century (≈232–256 CE) Christian worship space and baptistery art at a Roman frontier city. Post-apostolic, pre-Constantinian. Murals show Gospel-subject memory in material culture — not proof of the miracles depicted. Site heritage has been conflict-affected in modern Syria.",
        "sources": "https://duraeuroposarchive.org/history/ ; Yale University Art Gallery Dura-Europos Christian Building dossier; Yale–French excavation reports (Hopkins); Journal of Roman Archaeology 2024 restudy (Leon Angelo & Silver)",
        "notes": "Paired with DURA-02 synagogue sub-feature (same site, slight coordinate offset). Early-Christian / NT-context layer (nt_digs) matching other post-apostolic material-culture pins. Not a 1st-century apostolic dig.",
        "status": "archive / conflict-affected site",
        "campaigns": 1,
        "confidence": "confirmed",
        "dig_status": "open",
        "eras": [
          "Roman / Byzantine"
        ],
        "official_website": "https://duraeuroposarchive.org/history/",
        "official_website_label": "IDEA — Dura-Europos Archive (history)",
        "strongs_null_reason": "early Christian material site outside named NT towns",
        "creation_ministry_blurb": "No site-specific Answers in Genesis, Creation Museum, or Ark Encounter page was verified for this dig in the 2026-09-30 secular-scrub survey. Do not invent AiG claims—label any future hit clearly as ministry interpretation, not dig consensus.",
        "creation_ministry_coverage": "none_found",
        "creation_ministry_aig": [],
        "creation_ministry_museum": [],
        "creation_ministry_ark": [],
        "status_kind": "dig"
      }
    },
    {
      "type": "Feature",
      "geometry": {
        "type": "Point",
        "coordinates": [
          40.7295,
          34.7475
        ]
      },
      "properties": {
        "id": "DURA-02",
        "name": "Dura-Europos — synagogue (painted biblical narratives)",
        "layer": "nt_digs",
        "dig": "Yale University + French Academy excavations (synagogue)",
        "years": "1928–1937 (same Yale–French campaigns as Christian building)",
        "region": "Syria / Euphrates",
        "location": "Syria / Dura-Europos; synagogue wall paintings in museum collections (Yale / Damascus contexts)",
        "mgrs": "37SFU5831146404",
        "verses": "Acts 13–18 (diaspora synagogue background); Hebrew Bible narrative scenes in wall paintings (not NT miracle proof)",
        "found": "Richly painted synagogue from the same mid-3rd-century Dura-Europos urban fabric as the Christian building (DURA-01). Biblical narrative wall paintings are a major art-historical witness to Jewish visual storytelling in Roman Syria.",
        "support": "STRONG for a monumental diaspora synagogue with narrative art in the same frontier city as one of the earliest Christian worship rooms — Jewish and Christian communities side by side before Constantinian basilicas.",
        "sources": "https://duraeuroposarchive.org/history/ ; Yale University Art Gallery Dura-Europos synagogue materials; Yale–French excavation publications",
        "notes": "Paired synagogue sub-feature with DURA-01 Christian building (same site; slight lon/lat offset so both pins remain distinct on the map).",
        "status": "archive / conflict-affected site",
        "campaigns": 1,
        "confidence": "confirmed",
        "dig_status": "open",
        "eras": [
          "Roman / Byzantine"
        ],
        "official_website": "https://duraeuroposarchive.org/history/",
        "official_website_label": "IDEA — Dura-Europos Archive (history)",
        "strongs_null_reason": "diaspora synagogue; not a Strong’s biblical place-name pin",
        "creation_ministry_blurb": "No site-specific Answers in Genesis, Creation Museum, or Ark Encounter page was verified for this dig in the 2026-09-30 secular-scrub survey. Do not invent AiG claims—label any future hit clearly as ministry interpretation, not dig consensus.",
        "creation_ministry_coverage": "none_found",
        "creation_ministry_aig": [],
        "creation_ministry_museum": [],
        "creation_ministry_ark": [],
        "status_kind": "dig"
      }
    },
    {
      "type": "Feature",
      "geometry": {
        "type": "Point",
        "coordinates": [
          12.289,
          41.749
        ]
      },
      "properties": {
        "id": "OSTIA-01",
        "name": "Ostia Antica — synagogue (dedicated diaspora Jewish pin)",
        "layer": "nt_digs",
        "dig": "Squarciapino synagogue excavations; UT-OSMAP restudy (L. Michael White)",
        "years": "1961 discovery / Squarciapino campaigns; OSMAP restudy ongoing publications",
        "region": "Rome-Italy",
        "location": "Italy / Ostia Antica (near Tiber mouth) — synagogue building; keep distinct from ROME-03 Pauline-port pin",
        "mgrs": "33TTG7459125460",
        "verses": "Acts 28:11–16; Romans 1:7; Romans 16 (diaspora Jewish / port-of-Rome background — not a dig of Paul)",
        "found": "Synagogue discovered 1961 during Via Severiana / airport-road works; excavations directed by Maria Floriani Squarciapino (Soprintendenza). Menorah-carved marble supports; later University of Texas OSMAP project (L. Michael White) under Italian Ministry of Culture / Parco Archeologico di Ostia Antica — revised masonry, chronology, Torah-shrine study (Ars Judaica 2022 shrine paper; FastiOnline OSMAP record).",
        "support": "STRONG that the building is a synagogue and a major excavated diaspora Jewish assembly place in imperial Italy. MIXED on earliest-phase dating (original Squarciapino early dating vs. OSMAP revised later monumental phases — both reported honestly). Not a dig “of Paul”; useful as Acts/Romans diaspora infrastructure background. ROME-03 remains the broader port/Pauline-journey context pin.",
        "sources": "https://www.fastionline.org/s/excavation/item/29810 ; https://www.ostiaantica.beniculturali.it/ ; Squarciapino excavation notes; L. M. White OSMAP / Ars Judaica Torah-shrine study (link-only for ostia-antica.org PDF — do not rehost)",
        "notes": "Dedicated synagogue-first pin preferred over only upgrading ROME-03. ROME-03 kept as Pauline-port background. ostia-antica.org White PDF = link-only citation, never rehost. Full final Squarciapino report was never completed; lean on OSMAP + published Italian notes.",
        "status": "tourism conservation / active research",
        "campaigns": 1,
        "confidence": "confirmed",
        "dig_status": "open",
        "eras": [
          "New Testament era",
          "Roman / Byzantine"
        ],
        "official_website": "https://www.ostiaantica.beniculturali.it/",
        "official_website_label": "Parco Archeologico di Ostia Antica",
        "strongs_null_reason": "diaspora synagogue pin; paired city/port covered by ROME-03",
        "creation_ministry_blurb": "No site-specific Answers in Genesis, Creation Museum, or Ark Encounter page was verified for this dig in the 2026-09-30 secular-scrub survey. Do not invent AiG claims—label any future hit clearly as ministry interpretation, not dig consensus.",
        "creation_ministry_coverage": "none_found",
        "creation_ministry_aig": [],
        "creation_ministry_museum": [],
        "creation_ministry_ark": [],
        "status_kind": "dig"
      }
    },
    {
      "type": "Feature",
      "geometry": {
        "type": "Point",
        "coordinates": [
          28.0405,
          38.4885
        ]
      },
      "properties": {
        "id": "SAR-02",
        "name": "Sardis — synagogue (dedicated sub-feature)",
        "layer": "nt_digs",
        "dig": "Archaeological Exploration of Sardis (Harvard–Cornell) — synagogue",
        "years": "Discovered 1962; Mitten / Seager; expedition ongoing publication",
        "region": "Anatolia",
        "location": "Turkey / Manisa Province / Sart — synagogue within Sardis urban grid (near SAR-01 Revelation-city pin)",
        "mgrs": "35SNC9074460530",
        "verses": "Revelation 1:11; Revelation 3:1–6 (same city as the church addressed in Revelation; synagogue illuminates Jewish Sardis continuity)",
        "found": "Largest known ancient synagogue building complex, excavated by the Harvard–Cornell Archaeological Exploration of Sardis (George M. A. Hanfmann director; synagogue excavator David G. Mitten; architectural history Andrew R. Seager). Donor inscriptions and monumental hall show a wealthy, civic-integrated Jewish community in Roman Asia Minor.",
        "support": "STRONG for monumental Jewish synagogue identity and donor inscriptions. Phase dating of conversion-to-synagogue stages has internal scholarly debate (Seager vs. Kraabel nuances) — building identity strong; fine-grained phase dates mixed. Flourishing decoration is prominently Late Roman (4th–5th c.); do not overclaim a 1st-century NT-period synagogue floor plan without Seager’s phasing. SAR-01 city pin retained.",
        "sources": "https://sardisexpedition.org/en/essays/about-synagogue ; https://sardisexpedition.org/ ; Seager & Kraabel in Hanfmann et al., Sardis: From Prehistoric to Roman Times (Harvard UP, 1983); Seager, The Synagogue at Sardis (Harvard UP report volume)",
        "notes": "Dedicated synagogue sub-feature near SAR-01 — do not delete SAR-01. Slight coordinate offset from SAR-01 so both remain map-distinct.",
        "status": "tourism conservation / research",
        "campaigns": 1,
        "confidence": "confirmed",
        "dig_status": "open",
        "eras": [
          "New Testament era",
          "Roman / Byzantine"
        ],
        "official_website": "https://sardisexpedition.org/en/essays/about-synagogue",
        "official_website_label": "Sardis Expedition — About the Synagogue",
        "biblical_name": "Sardis",
        "strongs_id": "G4554",
        "strongs_lang": "G",
        "strongs_url": "https://www.blueletterbible.org/lexicon/g4554/kjv/tr/0-1/",
        "strongs_lemma": "Σάρδεις",
        "strongs_gloss": "Sardis; city of Asia Minor",
        "creation_ministry_blurb": "No site-specific Answers in Genesis, Creation Museum, or Ark Encounter page was verified for this dig in the 2026-09-30 secular-scrub survey. Do not invent AiG claims—label any future hit clearly as ministry interpretation, not dig consensus.",
        "creation_ministry_coverage": "none_found",
        "creation_ministry_aig": [],
        "creation_ministry_museum": [],
        "creation_ministry_ark": [],
        "status_kind": "dig"
      }
    }
  ]
}
