{
  "type": "FeatureCollection",
  "features": [
    {
      "type": "Feature",
      "geometry": {
        "type": "Point",
        "coordinates": [
          35.65245845269085,
          33.24855630319875
        ]
      },
      "properties": {
        "id": "DAN-01,DAN-02",
        "name": "Tel Dan (Tell el-Qadi)",
        "layer": "ot_digs",
        "dig": "Biran Excavations",
        "years": "1966–1999",
        "region": "Israel/Judah",
        "location": "Israel / Upper Galilee / near Kibbutz Dan",
        "mgrs": "36SYB47128198",
        "verses": "Judges 18:27–29; 1 Kings 12:28–30; 2 Kings 15:29; Genesis 14:14",
        "found": "Middle Bronze mudbrick gate; Iron Age city gate complex; high place sanctuary; bilingual Greek-Aramaic 'God who is in Dan' inscription (1976); Tel Dan Stele fragments naming the 'House of David' (1993–94).",
        "support": "STRONG corroboration: the Aramaic victory stele's 'House of David' phrase is widely accepted as the earliest non-Scripture inscription referring to a Davidic dynasty. Site ID with biblical Dan is certain from the bilingual inscription. High place fits northern cult in Kings—does not prove every narrative detail.",
        "sources": "Biran & Naveh, Israel Exploration Journal 43 (1993) 81–98; Biran & Naveh, IEJ 45 (1995); A. Biran, Biblical Dan (Jerusalem, 1994); https://www.israelmuseum.org.il/ ; https://ngsba.org/excavations/tel-dan/",
        "notes": "MGRS ~100m from published site lat/lon. Stele ~9th–8th c. BCE; majority accept Davidic reference. Linguist: Best read as בית דוד — “house of David” (royal house / dynasty). Aramaic byt = house; dwd = David. Caveat: the stone is broken and rival splits exist; “House of David” is the main and most widely accepted reading — state it as the strongest reading, not a letter-perfect seal.",
        "campaigns": 2,
        "confidence": "confirmed",
        "biblical_name": "Dan",
        "strongs_id": "H1835",
        "strongs_lang": "H",
        "strongs_url": "https://www.blueletterbible.org/lexicon/h1835/kjv/wlc/0-1/",
        "strongs_lemma": "דָּן",
        "strongs_gloss": "judge; northern tribe/city",
        "creation_ministry": {
          "blurb": "Answers in Genesis repeatedly cites the Tel Dan Stele’s “House of David” line as inscriptional support outside the biblical books for the Davidic dynasty (“6. Archaeological Finds”; “The Return of King David”). AiG apologetic use of a widely published inscription—not a CM/Ark Dan exhibit.",
          "aig": [
            {
              "title": "6. Archaeological Finds",
              "url": "https://answersingenesis.org/archaeology/6-archaeological-finds/",
              "summary": "AiG list including Tel Dan Stele (House of David) and Pilate Dedication Stone from Caesarea Maritima.",
              "kind": "article"
            },
            {
              "title": "The Return of King David",
              "url": "https://answersingenesis.org/archaeology/the-return-of-king-david/",
              "summary": "AiG on Tel Dan Stele and related evidence for Davidic dynasty against minimalist skepticism.",
              "kind": "article"
            },
            {
              "title": "3 Evidences That Confirm the Bible Is Not Made Up",
              "url": "https://answersingenesis.org/is-the-bible-true/3-evidences-confirm-bible-not-made-up/",
              "summary": "AiG popular apologetic citing Tel Dan Stele and related finds.",
              "kind": "article"
            }
          ],
          "creation_museum": [],
          "ark_encounter": [],
          "coverage": "site_specific",
          "researched_at": "2026-09-30"
        },
        "creation_ministry_blurb": "Answers in Genesis repeatedly cites the Tel Dan Stele’s “House of David” line as inscriptional support outside the biblical books for the Davidic dynasty (“6. Archaeological Finds”; “The Return of King David”). AiG apologetic use of a widely published inscription—not a CM/Ark Dan exhibit.",
        "creation_ministry_coverage": "site_specific",
        "creation_ministry_aig": [
          {
            "title": "6. Archaeological Finds",
            "url": "https://answersingenesis.org/archaeology/6-archaeological-finds/",
            "summary": "AiG list including Tel Dan Stele (House of David) and Pilate Dedication Stone from Caesarea Maritima.",
            "kind": "article"
          },
          {
            "title": "The Return of King David",
            "url": "https://answersingenesis.org/archaeology/the-return-of-king-david/",
            "summary": "AiG on Tel Dan Stele and related evidence for Davidic dynasty against minimalist skepticism.",
            "kind": "article"
          },
          {
            "title": "3 Evidences That Confirm the Bible Is Not Made Up",
            "url": "https://answersingenesis.org/is-the-bible-true/3-evidences-confirm-bible-not-made-up/",
            "summary": "AiG popular apologetic citing Tel Dan Stele and related finds.",
            "kind": "article"
          }
        ],
        "creation_ministry_museum": [],
        "creation_ministry_ark": [],
        "dig_halt": {
          "status": "no_halt_recorded",
          "date": null,
          "halted_by": null,
          "summary": "No dig halt is recorded for this site in the sources checked. High-profile halt searches prioritized Temple Mount restrictions, City of David/Silwan court orders, West Bank permit issues, Turkish foreign-mission suspensions, Jordan TeH, COVID project statements, and conflict interruptions (Syria/Iraq); this site did not yield a verified org/government stop-work or permit-revocation event.",
          "sources": []
        },
        "site_authority": {
          "name": "INPA (Tel Dan Nature Reserve) + IAA",
          "type": "mixed",
          "role": "INPA manages national-park visitor operations; IAA oversees antiquities and excavations within parks.",
          "contact_name": null,
          "contact_title": "INPA information / reservations",
          "contact_email": "moked@npa.org.il",
          "contact_phone": "*3639",
          "contact_url": "https://en.parks.org.il/",
          "notes": "Tel Dan Nature Reserve — INPA visitor services; IAA for antiquities.",
          "official_website": "https://en.parks.org.il/reserve-park/tel-dan-nature-reserve/"
        },
        "dig_status": "open",
        "eras": [
          "Bronze Age",
          "Iron Age"
        ],
        "official_website": "https://en.parks.org.il/reserve-park/tel-dan-nature-reserve/",
        "official_website_label": "INPA — Tel Dan Nature Reserve",
        "official_video_embed": "https://www.youtube.com/embed/d_QQIsQncs0",
        "official_video_source": "https://en.parks.org.il/reserve-park/tel-dan-nature-reserve/",
        "official_video_provider": "youtube",
        "status_kind": "dig"
      }
    },
    {
      "type": "Feature",
      "geometry": {
        "type": "Point",
        "coordinates": [
          35.18495552977311,
          32.58528793682009
        ]
      },
      "properties": {
        "id": "MEG-01",
        "name": "Tel Megiddo (Tell el-Mutesellim)",
        "layer": "ot_digs",
        "dig": "Oriental Institute Megiddo Expedition",
        "years": "1925–1939",
        "region": "Israel/Judah",
        "location": "Israel / Jezreel Valley / near Megiddo Junction",
        "mgrs": "36SYB05080742",
        "verses": "Joshua 12:21; 1 Kings 9:15; 2 Kings 23:29–30",
        "found": "Multi-period tell sequence; monumental gates; stables or storehouses; palace complexes; ivory cache; water system; Egyptian and Canaanite material.",
        "support": "Strong site identification and background: Megiddo as a royal fortress city matches Kings’ Solomonic building list and later campaigns. Exact link of stables to Solomon is debated (many date to Omride or later).",
        "sources": "https://oi.uchicago.edu/research/projects/megiddo; G. Loud, Megiddo II (Chicago, 1948); https://megiddo.tau.ac.il/",
        "notes": "Classic large-scale dig; early methods later refined.",
        "campaigns": 1,
        "confidence": "confirmed",
        "biblical_name": "Megiddo",
        "strongs_id": "H4023",
        "strongs_lang": "H",
        "strongs_url": "https://www.blueletterbible.org/lexicon/h4023/kjv/wlc/0-1/",
        "strongs_lemma": "מְגִדּוֹן",
        "strongs_gloss": "place of crowds; royal fortress city",
        "creation_ministry": {
          "blurb": "AiG addresses United Monarchy skepticism (including Solomonic building claims) in “False History—Out with David and Solomon!” but no verified site-specific Megiddo dig monograph was found. Theme coverage of Solomonic-gate/stables debates—not dig consensus.",
          "aig": [
            {
              "title": "False History—“Out with David and Solomon!”",
              "url": "https://answersingenesis.org/archaeology/false-history-out-with-david-and-solomon/",
              "summary": "AiG critique of minimalist dismissal of United Monarchy; discusses Solomonic building claims.",
              "kind": "article"
            },
            {
              "title": "Archaeological Evidence for the Kingdom of Judah",
              "url": "https://answersingenesis.org/archaeology/archaeological-evidence-kingdom-judah/",
              "summary": "AiG summary of Garfinkel-related work including Lachish Level 5 fortifications and Khirbet Qeiyafa as early Judean evidence—interpreted within a biblical-kingdom framework.",
              "kind": "article"
            }
          ],
          "creation_museum": [],
          "ark_encounter": [],
          "coverage": "theme_only",
          "researched_at": "2026-09-30"
        },
        "creation_ministry_blurb": "AiG addresses United Monarchy skepticism (including Solomonic building claims) in “False History—Out with David and Solomon!” but no verified site-specific Megiddo dig monograph was found. Theme coverage of Solomonic-gate/stables debates—not dig consensus.",
        "creation_ministry_coverage": "theme_only",
        "creation_ministry_aig": [
          {
            "title": "False History—“Out with David and Solomon!”",
            "url": "https://answersingenesis.org/archaeology/false-history-out-with-david-and-solomon/",
            "summary": "AiG critique of minimalist dismissal of United Monarchy; discusses Solomonic building claims.",
            "kind": "article"
          },
          {
            "title": "Archaeological Evidence for the Kingdom of Judah",
            "url": "https://answersingenesis.org/archaeology/archaeological-evidence-kingdom-judah/",
            "summary": "AiG summary of Garfinkel-related work including Lachish Level 5 fortifications and Khirbet Qeiyafa as early Judean evidence—interpreted within a biblical-kingdom framework.",
            "kind": "article"
          }
        ],
        "creation_ministry_museum": [],
        "creation_ministry_ark": [],
        "dig_halt": {
          "status": "no_halt_recorded",
          "date": null,
          "halted_by": null,
          "summary": "No dig halt is recorded for this site in the sources checked. High-profile halt searches prioritized Temple Mount restrictions, City of David/Silwan court orders, West Bank permit issues, Turkish foreign-mission suspensions, Jordan TeH, COVID project statements, and conflict interruptions (Syria/Iraq); this site did not yield a verified org/government stop-work or permit-revocation event.",
          "sources": []
        },
        "site_authority": {
          "name": "The Megiddo Expedition (Tel Aviv University et al.) + IAA + INPA (Megiddo National Park)",
          "type": "mixed",
          "role": "University excavation mission under IAA license; park visitor services via INPA.",
          "contact_name": "Margaret Cohen / expedition office",
          "contact_title": "Megiddo Expedition contact",
          "contact_email": "dig.megiddo@gmail.com",
          "contact_phone": null,
          "contact_url": "https://www.themegiddoexpedition.com/",
          "notes": "Excavation mission contact published on expedition site. Park visits: INPA. Licenses: IAA.",
          "official_website": "https://www.themegiddoexpedition.com/"
        },
        "dig_status": "open",
        "eras": [
          "Bronze Age",
          "Iron Age"
        ],
        "official_website": "https://www.themegiddoexpedition.com/",
        "official_website_label": "The Megiddo Expedition",
        "status_kind": "dig"
      }
    },
    {
      "type": "Feature",
      "geometry": {
        "type": "Point",
        "coordinates": [
          35.18495552977311,
          32.58528793682009
        ]
      },
      "properties": {
        "id": "MEG-02,MEG-03",
        "name": "Tel Megiddo",
        "layer": "ot_digs",
        "dig": "Yadin Megiddo Campaigns",
        "years": "1960; 1966–1967; 1971–1972",
        "region": "Israel/Judah",
        "location": "Israel / Jezreel Valley",
        "mgrs": "36SYB05080742",
        "verses": "1 Kings 9:15; Joshua 17:11",
        "found": "Clarified gate and palace stratigraphy; argued Solomonic attribution for certain monumental buildings; water-system study.",
        "support": "Supports a powerful Iron II fortified Megiddo consistent with biblical royal administration. Solomonic vs Omride dating of monumental strata remains a major scholarly dispute.",
        "sources": "Y. Yadin reports in IEJ; https://megiddo.tau.ac.il/; https://oi.uchicago.edu/research/projects/megiddo; Finkelstein et al., Megiddo III–V (Tel Aviv); https://www.biblicalarchaeology.org/",
        "notes": "Dating debate central to United Monarchy archaeology.",
        "campaigns": 2,
        "confidence": "confirmed",
        "biblical_name": "Megiddo",
        "strongs_id": "H4023",
        "strongs_lang": "H",
        "strongs_url": "https://www.blueletterbible.org/lexicon/h4023/kjv/wlc/0-1/",
        "strongs_lemma": "מְגִדּוֹן",
        "strongs_gloss": "place of crowds; royal fortress city",
        "creation_ministry": {
          "blurb": "AiG addresses United Monarchy skepticism (including Solomonic building claims) in “False History—Out with David and Solomon!” but no verified site-specific Megiddo dig monograph was found. Theme coverage of Solomonic-gate/stables debates—not dig consensus.",
          "aig": [
            {
              "title": "False History—“Out with David and Solomon!”",
              "url": "https://answersingenesis.org/archaeology/false-history-out-with-david-and-solomon/",
              "summary": "AiG critique of minimalist dismissal of United Monarchy; discusses Solomonic building claims.",
              "kind": "article"
            },
            {
              "title": "Archaeological Evidence for the Kingdom of Judah",
              "url": "https://answersingenesis.org/archaeology/archaeological-evidence-kingdom-judah/",
              "summary": "AiG summary of Garfinkel-related work including Lachish Level 5 fortifications and Khirbet Qeiyafa as early Judean evidence—interpreted within a biblical-kingdom framework.",
              "kind": "article"
            }
          ],
          "creation_museum": [],
          "ark_encounter": [],
          "coverage": "theme_only",
          "researched_at": "2026-09-30"
        },
        "creation_ministry_blurb": "AiG addresses United Monarchy skepticism (including Solomonic building claims) in “False History—Out with David and Solomon!” but no verified site-specific Megiddo dig monograph was found. Theme coverage of Solomonic-gate/stables debates—not dig consensus.",
        "creation_ministry_coverage": "theme_only",
        "creation_ministry_aig": [
          {
            "title": "False History—“Out with David and Solomon!”",
            "url": "https://answersingenesis.org/archaeology/false-history-out-with-david-and-solomon/",
            "summary": "AiG critique of minimalist dismissal of United Monarchy; discusses Solomonic building claims.",
            "kind": "article"
          },
          {
            "title": "Archaeological Evidence for the Kingdom of Judah",
            "url": "https://answersingenesis.org/archaeology/archaeological-evidence-kingdom-judah/",
            "summary": "AiG summary of Garfinkel-related work including Lachish Level 5 fortifications and Khirbet Qeiyafa as early Judean evidence—interpreted within a biblical-kingdom framework.",
            "kind": "article"
          }
        ],
        "creation_ministry_museum": [],
        "creation_ministry_ark": [],
        "dig_halt": {
          "status": "no_halt_recorded",
          "date": null,
          "halted_by": null,
          "summary": "No dig halt is recorded for this site in the sources checked. High-profile halt searches prioritized Temple Mount restrictions, City of David/Silwan court orders, West Bank permit issues, Turkish foreign-mission suspensions, Jordan TeH, COVID project statements, and conflict interruptions (Syria/Iraq); this site did not yield a verified org/government stop-work or permit-revocation event.",
          "sources": []
        },
        "site_authority": {
          "name": "The Megiddo Expedition (Tel Aviv University et al.) + IAA + INPA",
          "type": "mixed",
          "role": "Same Megiddo tel — university mission under IAA; park via INPA.",
          "contact_name": null,
          "contact_title": "Megiddo Expedition contact",
          "contact_email": "dig.megiddo@gmail.com",
          "contact_phone": null,
          "contact_url": "https://www.themegiddoexpedition.com/",
          "notes": "Same site as MEG-01; expedition public email used.",
          "official_website": "https://www.themegiddoexpedition.com/"
        },
        "dig_status": "open",
        "eras": [
          "Bronze Age",
          "Iron Age"
        ],
        "official_website": "https://www.themegiddoexpedition.com/",
        "official_website_label": "The Megiddo Expedition",
        "status_kind": "dig"
      }
    },
    {
      "type": "Feature",
      "geometry": {
        "type": "Point",
        "coordinates": [
          35.56800273053301,
          33.01662207833741
        ]
      },
      "properties": {
        "id": "HAZ-01,HAZ-02",
        "name": "Tel Hazor",
        "layer": "ot_digs",
        "dig": "Yadin Hazor Excavations",
        "years": "1955–1958; 1968–1969",
        "region": "Israel/Judah",
        "location": "Israel / Upper Galilee / near Kibbutz Ayelet HaShahar",
        "mgrs": "36SYB39885606",
        "verses": "Joshua 11:10–13; Judges 4:2; 1 Kings 9:15",
        "found": "Huge Canaanite lower city and upper tell; Late Bronze palace; massive destruction layer; Iron Age fortifications and gates; cuneiform tablet fragments.",
        "support": "Strong geographic match: Hazor as head of all those kingdoms (Josh 11) fits the largest Bronze Age city in the land. Destruction and later Israelite rebuild are archaeologically real; exact match to Joshua’s conquest chronology is debated.",
        "sources": "Y. Yadin, Hazor reports; https://www.hazor-excavations.org/; https://www.biblicalarchaeology.org/",
        "notes": "Largest tell in modern Israel; key for conquest debate.",
        "campaigns": 2,
        "confidence": "confirmed",
        "biblical_name": "Hazor",
        "strongs_id": "H2674",
        "strongs_lang": "H",
        "strongs_url": "https://www.blueletterbible.org/lexicon/h2674/kjv/wlc/0-1/",
        "strongs_lemma": "חָצוֹר",
        "strongs_gloss": "village / enclosure; Canaanite capital",
        "creation_ministry": {
          "blurb": "In “Archaeology’s Lost Conquest,” AiG attributes Hazor’s 15th-century BC fiery destruction to Joshua 11 and a later 13th-century burn to Judges 4—early-date conquest interpretation contested among archaeologists. No dedicated CM/Ark Hazor exhibit page found.",
          "aig": [
            {
              "title": "Archaeology's Lost Conquest",
              "url": "https://answersingenesis.org/archaeology/archaeologys-lost-conquest/",
              "summary": "AiG survey of early-date conquest: Jericho, Ai, and Hazor destructions framed as consistent with Joshua; Hazor 15th-c. burn attributed to Joshua and later to Deborah/Barak.",
              "kind": "article"
            },
            {
              "title": "Getting Archaeology Right at Ai",
              "url": "https://answersingenesis.org/archaeology/getting-archaeology-right-at-ai/",
              "summary": "AiG presents ABR/Bryant Wood case that Khirbet el-Maqatir (not et-Tell) fits Joshua's Ai: gate, fortifications, LB pottery, and fiery destruction.",
              "kind": "article"
            }
          ],
          "creation_museum": [],
          "ark_encounter": [],
          "coverage": "site_specific",
          "researched_at": "2026-09-30"
        },
        "creation_ministry_blurb": "In “Archaeology’s Lost Conquest,” AiG attributes Hazor’s 15th-century BC fiery destruction to Joshua 11 and a later 13th-century burn to Judges 4—early-date conquest interpretation contested among archaeologists. No dedicated CM/Ark Hazor exhibit page found.",
        "creation_ministry_coverage": "site_specific",
        "creation_ministry_aig": [
          {
            "title": "Archaeology's Lost Conquest",
            "url": "https://answersingenesis.org/archaeology/archaeologys-lost-conquest/",
            "summary": "AiG survey of early-date conquest: Jericho, Ai, and Hazor destructions framed as consistent with Joshua; Hazor 15th-c. burn attributed to Joshua and later to Deborah/Barak.",
            "kind": "article"
          },
          {
            "title": "Getting Archaeology Right at Ai",
            "url": "https://answersingenesis.org/archaeology/getting-archaeology-right-at-ai/",
            "summary": "AiG presents ABR/Bryant Wood case that Khirbet el-Maqatir (not et-Tell) fits Joshua's Ai: gate, fortifications, LB pottery, and fiery destruction.",
            "kind": "article"
          }
        ],
        "creation_ministry_museum": [],
        "creation_ministry_ark": [],
        "dig_halt": {
          "status": "no_halt_recorded",
          "date": null,
          "halted_by": null,
          "summary": "No dig halt is recorded for this site in the sources checked. High-profile halt searches prioritized Temple Mount restrictions, City of David/Silwan court orders, West Bank permit issues, Turkish foreign-mission suspensions, Jordan TeH, COVID project statements, and conflict interruptions (Syria/Iraq); this site did not yield a verified org/government stop-work or permit-revocation event.",
          "sources": []
        },
        "site_authority": {
          "name": "INPA (Tel Hazor National Park) + IAA + Hebrew University Hazor Excavations (historical)",
          "type": "mixed",
          "role": "National park + IAA licensing; long-running HUJI expedition historically directed the dig.",
          "contact_name": null,
          "contact_title": "INPA information / reservations",
          "contact_email": "moked@npa.org.il",
          "contact_phone": "*3639",
          "contact_url": "https://en.parks.org.il/",
          "notes": "Park visitor contact via INPA. No current season-specific dig email verified beyond IAA/INPA defaults.",
          "official_website": "https://en.parks.org.il/reserve-park/tel-hazor-national-park/"
        },
        "dig_status": "open",
        "eras": [
          "Bronze Age",
          "Iron Age"
        ],
        "official_website": "https://en.parks.org.il/reserve-park/tel-hazor-national-park/",
        "official_website_label": "INPA — Tel Hazor National Park",
        "official_video_embed": "https://www.youtube.com/embed/ZlLJXeSxGNA",
        "official_video_source": "https://en.parks.org.il/reserve-park/tel-hazor-national-park/",
        "official_video_provider": "youtube",
        "status_kind": "dig"
      }
    },
    {
      "type": "Feature",
      "geometry": {
        "type": "Point",
        "coordinates": [
          34.84909622454747,
          31.565238701996524
        ]
      },
      "properties": {
        "id": "LAC-01",
        "name": "Tel Lachish (Tell ed-Duweir)",
        "layer": "ot_digs",
        "dig": "Wellcome-Marston Expedition",
        "years": "1932–1938",
        "region": "Israel/Judah",
        "location": "Israel / Shephelah / near Moshav Lachish",
        "mgrs": "36RXV75499373",
        "verses": "Joshua 10:31–32; 2 Kings 18:13–17; Isaiah 36:1–2; Jeremiah 34:7",
        "found": "Lachish Letters (ostraca) from gate area; siege ramp evidence; Level III destruction tied to Sennacherib; palace-fort; Fosse Temple.",
        "support": "STRONG: Lachish Letters mention military crisis consistent with late monarchic Judah; Assyrian siege of Lachish is also shown in Sennacherib’s palace reliefs (Nineveh)—rare triple witness (Bible, Assyrian text/art, archaeology).",
        "sources": "O. Tufnell, Lachish III–IV; https://www.britishmuseum.org/; https://www.biblicalarchaeology.org/",
        "notes": "Starkey murdered 1938; Tufnell completed publication.",
        "campaigns": 1,
        "confidence": "confirmed",
        "biblical_name": "Lachish",
        "strongs_id": "H3923",
        "strongs_lang": "H",
        "strongs_url": "https://www.blueletterbible.org/lexicon/h3923/kjv/wlc/0-1/",
        "strongs_lemma": "לָכִישׁ",
        "strongs_gloss": "invincible; Judean fortress city",
        "creation_ministry": {
          "blurb": "AiG covers Tel Lachish with Ken Ham’s report on the large 8th-c. gate shrine (truncated altar horns; toilet desecration) tied to Hezekiah/Jehu reforms, plus Level 5 fortification discussion in its Kingdom of Judah archaeology piece. Ministry readings of Israeli excavation news—not a CM/Ark Lachish exhibit.",
          "aig": [
            {
              "title": "Recent Archaeological Dig Confirms Scripture",
              "url": "https://answersingenesis.org/blogs/ken-ham/2016/11/03/recent-archaeological-dig-confirms-scripture/",
              "summary": "Ken Ham on Lachish gate shrine: truncated altar horns and toilet installation linked to Hezekiah/Jehu cult desecration accounts.",
              "kind": "article"
            },
            {
              "title": "Archaeological Evidence for the Kingdom of Judah",
              "url": "https://answersingenesis.org/archaeology/archaeological-evidence-kingdom-judah/",
              "summary": "AiG summary of Garfinkel-related work including Lachish Level 5 fortifications and Khirbet Qeiyafa as early Judean evidence—interpreted within a biblical-kingdom framework.",
              "kind": "article"
            },
            {
              "title": "Inscription “One of the Most Important Archaeological Discoveries in Israel of All Time”",
              "url": "https://answersingenesis.org/archaeology/one-of-the-most-important-archaeological-discoveries/",
              "summary": "AiG on Hezekiah-related inscriptions summarizing Siloam Tunnel/pool works and other reforms; also notes Lachish siege archaeology.",
              "kind": "article"
            },
            {
              "title": "Discovery of King Hezekiah’s Seal Confirms God’s Word",
              "url": "https://answersingenesis.org/blogs/ken-ham/2016/01/12/discovery-king-hezekiahs-seal-confirms-gods-word/",
              "summary": "Ken Ham on Hezekiah bulla from Jerusalem; also cites Hezekiah's tunnel and Lachish siege as corroboration.",
              "kind": "article"
            }
          ],
          "creation_museum": [],
          "ark_encounter": [],
          "coverage": "site_specific",
          "researched_at": "2026-09-30"
        },
        "creation_ministry_blurb": "AiG covers Tel Lachish with Ken Ham’s report on the large 8th-c. gate shrine (truncated altar horns; toilet desecration) tied to Hezekiah/Jehu reforms, plus Level 5 fortification discussion in its Kingdom of Judah archaeology piece. Ministry readings of Israeli excavation news—not a CM/Ark Lachish exhibit.",
        "creation_ministry_coverage": "site_specific",
        "creation_ministry_aig": [
          {
            "title": "Recent Archaeological Dig Confirms Scripture",
            "url": "https://answersingenesis.org/blogs/ken-ham/2016/11/03/recent-archaeological-dig-confirms-scripture/",
            "summary": "Ken Ham on Lachish gate shrine: truncated altar horns and toilet installation linked to Hezekiah/Jehu cult desecration accounts.",
            "kind": "article"
          },
          {
            "title": "Archaeological Evidence for the Kingdom of Judah",
            "url": "https://answersingenesis.org/archaeology/archaeological-evidence-kingdom-judah/",
            "summary": "AiG summary of Garfinkel-related work including Lachish Level 5 fortifications and Khirbet Qeiyafa as early Judean evidence—interpreted within a biblical-kingdom framework.",
            "kind": "article"
          },
          {
            "title": "Inscription “One of the Most Important Archaeological Discoveries in Israel of All Time”",
            "url": "https://answersingenesis.org/archaeology/one-of-the-most-important-archaeological-discoveries/",
            "summary": "AiG on Hezekiah-related inscriptions summarizing Siloam Tunnel/pool works and other reforms; also notes Lachish siege archaeology.",
            "kind": "article"
          },
          {
            "title": "Discovery of King Hezekiah’s Seal Confirms God’s Word",
            "url": "https://answersingenesis.org/blogs/ken-ham/2016/01/12/discovery-king-hezekiahs-seal-confirms-gods-word/",
            "summary": "Ken Ham on Hezekiah bulla from Jerusalem; also cites Hezekiah's tunnel and Lachish siege as corroboration.",
            "kind": "article"
          }
        ],
        "creation_ministry_museum": [],
        "creation_ministry_ark": [],
        "dig_halt": {
          "status": "no_halt_recorded",
          "date": null,
          "halted_by": null,
          "summary": "No dig halt is recorded for this site in the sources checked. High-profile halt searches prioritized Temple Mount restrictions, City of David/Silwan court orders, West Bank permit issues, Turkish foreign-mission suspensions, Jordan TeH, COVID project statements, and conflict interruptions (Syria/Iraq); this site did not yield a verified org/government stop-work or permit-revocation event.",
          "sources": []
        },
        "site_authority": {
          "name": "IAA + Tel Lachish excavation projects (Hebrew University / Austrian AI / others historically)",
          "type": "mixed",
          "role": "IAA licenses; university missions excavate Tel Lachish.",
          "contact_name": null,
          "contact_title": "General inquiries (Mokedia)",
          "contact_email": "mokediaa@israntique.org.il",
          "contact_phone": "073-3507350",
          "contact_url": "https://www.iaa.org.il/en/page/contact-us",
          "notes": "No single current public dig email verified this pass beyond IAA national contact.",
          "official_website": "https://en.parks.org.il/reserve-park/tel-lachish-national-park/"
        },
        "dig_status": "open",
        "eras": [
          "Bronze Age",
          "Iron Age"
        ],
        "official_website": "https://en.parks.org.il/reserve-park/tel-lachish-national-park/",
        "official_website_label": "INPA — Tel Lachish National Park",
        "status_kind": "dig"
      }
    },
    {
      "type": "Feature",
      "geometry": {
        "type": "Point",
        "coordinates": [
          34.84909622454747,
          31.565238701996524
        ]
      },
      "properties": {
        "id": "LAC-02,LAC-03",
        "name": "Tel Lachish",
        "layer": "ot_digs",
        "dig": "Tel Aviv University Lachish Expedition",
        "years": "1973–1994",
        "region": "Israel/Judah",
        "location": "Israel / Shephelah",
        "mgrs": "36RXV75499373",
        "verses": "2 Kings 18:13–17; 2 Chronicles 32:9; Jeremiah 34:7",
        "found": "Detailed siege-ramp excavation; Level III = Assyrian 701 BCE destruction; Level II = Babylonian 588/6 BCE; gate complex; Judean palace.",
        "support": "STRONG stratigraphic confirmation of Assyrian then Babylonian assaults matching Kings/Chronicles/Jeremiah. Clarifies which destruction is which.",
        "sources": "D. Ussishkin, The Renewed Archaeological Excavations at Lachish (1973–1994); Garfinkel et al. field reports; IAA press releases; https://www.biblicalarchaeology.org/",
        "notes": "Standard reference for Lachish levels.",
        "campaigns": 2,
        "confidence": "confirmed",
        "biblical_name": "Lachish",
        "strongs_id": "H3923",
        "strongs_lang": "H",
        "strongs_url": "https://www.blueletterbible.org/lexicon/h3923/kjv/wlc/0-1/",
        "strongs_lemma": "לָכִישׁ",
        "strongs_gloss": "invincible; Judean fortress city",
        "creation_ministry": {
          "blurb": "AiG covers Tel Lachish with Ken Ham’s report on the large 8th-c. gate shrine (truncated altar horns; toilet desecration) tied to Hezekiah/Jehu reforms, plus Level 5 fortification discussion in its Kingdom of Judah archaeology piece. Ministry readings of Israeli excavation news—not a CM/Ark Lachish exhibit.",
          "aig": [
            {
              "title": "Recent Archaeological Dig Confirms Scripture",
              "url": "https://answersingenesis.org/blogs/ken-ham/2016/11/03/recent-archaeological-dig-confirms-scripture/",
              "summary": "Ken Ham on Lachish gate shrine: truncated altar horns and toilet installation linked to Hezekiah/Jehu cult desecration accounts.",
              "kind": "article"
            },
            {
              "title": "Archaeological Evidence for the Kingdom of Judah",
              "url": "https://answersingenesis.org/archaeology/archaeological-evidence-kingdom-judah/",
              "summary": "AiG summary of Garfinkel-related work including Lachish Level 5 fortifications and Khirbet Qeiyafa as early Judean evidence—interpreted within a biblical-kingdom framework.",
              "kind": "article"
            },
            {
              "title": "Inscription “One of the Most Important Archaeological Discoveries in Israel of All Time”",
              "url": "https://answersingenesis.org/archaeology/one-of-the-most-important-archaeological-discoveries/",
              "summary": "AiG on Hezekiah-related inscriptions summarizing Siloam Tunnel/pool works and other reforms; also notes Lachish siege archaeology.",
              "kind": "article"
            },
            {
              "title": "Discovery of King Hezekiah’s Seal Confirms God’s Word",
              "url": "https://answersingenesis.org/blogs/ken-ham/2016/01/12/discovery-king-hezekiahs-seal-confirms-gods-word/",
              "summary": "Ken Ham on Hezekiah bulla from Jerusalem; also cites Hezekiah's tunnel and Lachish siege as corroboration.",
              "kind": "article"
            }
          ],
          "creation_museum": [],
          "ark_encounter": [],
          "coverage": "site_specific",
          "researched_at": "2026-09-30"
        },
        "creation_ministry_blurb": "AiG covers Tel Lachish with Ken Ham’s report on the large 8th-c. gate shrine (truncated altar horns; toilet desecration) tied to Hezekiah/Jehu reforms, plus Level 5 fortification discussion in its Kingdom of Judah archaeology piece. Ministry readings of Israeli excavation news—not a CM/Ark Lachish exhibit.",
        "creation_ministry_coverage": "site_specific",
        "creation_ministry_aig": [
          {
            "title": "Recent Archaeological Dig Confirms Scripture",
            "url": "https://answersingenesis.org/blogs/ken-ham/2016/11/03/recent-archaeological-dig-confirms-scripture/",
            "summary": "Ken Ham on Lachish gate shrine: truncated altar horns and toilet installation linked to Hezekiah/Jehu cult desecration accounts.",
            "kind": "article"
          },
          {
            "title": "Archaeological Evidence for the Kingdom of Judah",
            "url": "https://answersingenesis.org/archaeology/archaeological-evidence-kingdom-judah/",
            "summary": "AiG summary of Garfinkel-related work including Lachish Level 5 fortifications and Khirbet Qeiyafa as early Judean evidence—interpreted within a biblical-kingdom framework.",
            "kind": "article"
          },
          {
            "title": "Inscription “One of the Most Important Archaeological Discoveries in Israel of All Time”",
            "url": "https://answersingenesis.org/archaeology/one-of-the-most-important-archaeological-discoveries/",
            "summary": "AiG on Hezekiah-related inscriptions summarizing Siloam Tunnel/pool works and other reforms; also notes Lachish siege archaeology.",
            "kind": "article"
          },
          {
            "title": "Discovery of King Hezekiah’s Seal Confirms God’s Word",
            "url": "https://answersingenesis.org/blogs/ken-ham/2016/01/12/discovery-king-hezekiahs-seal-confirms-gods-word/",
            "summary": "Ken Ham on Hezekiah bulla from Jerusalem; also cites Hezekiah's tunnel and Lachish siege as corroboration.",
            "kind": "article"
          }
        ],
        "creation_ministry_museum": [],
        "creation_ministry_ark": [],
        "dig_halt": {
          "status": "no_halt_recorded",
          "date": null,
          "halted_by": null,
          "summary": "No dig halt is recorded for this site in the sources checked. High-profile halt searches prioritized Temple Mount restrictions, City of David/Silwan court orders, West Bank permit issues, Turkish foreign-mission suspensions, Jordan TeH, COVID project statements, and conflict interruptions (Syria/Iraq); this site did not yield a verified org/government stop-work or permit-revocation event.",
          "sources": []
        },
        "site_authority": {
          "name": "IAA + Tel Lachish excavation projects",
          "type": "mixed",
          "role": "Same Lachish tel — IAA + university missions.",
          "contact_name": null,
          "contact_title": "General inquiries (Mokedia)",
          "contact_email": "mokediaa@israntique.org.il",
          "contact_phone": "073-3507350",
          "contact_url": "https://www.iaa.org.il/en/page/contact-us",
          "notes": "Same site as LAC-01; IAA national contact used.",
          "official_website": "https://en.parks.org.il/reserve-park/tel-lachish-national-park/"
        },
        "dig_status": "open",
        "eras": [
          "Iron Age"
        ],
        "official_website": "https://en.parks.org.il/reserve-park/tel-lachish-national-park/",
        "official_website_label": "INPA — Tel Lachish National Park",
        "status_kind": "dig"
      }
    },
    {
      "type": "Feature",
      "geometry": {
        "type": "Point",
        "coordinates": [
          35.443857864644926,
          31.870716077203216
        ]
      },
      "properties": {
        "id": "JER-01,JER-02",
        "name": "Jericho (Tell es-Sultan)",
        "layer": "ot_digs",
        "dig": "Garstang Excavations",
        "years": "1930–1936",
        "region": "Israel/Judah",
        "location": "West Bank / Jordan Valley / Jericho",
        "mgrs": "36RYA31192871",
        "verses": "Joshua 6:1–27; Deuteronomy 34:1–3",
        "found": "City walls and destruction debris Garstang dated to ~1400 BCE and linked to Joshua; Neolithic tower known from earlier work; Bronze Age town remains.",
        "support": "CAREFUL/DEBATED: Garstang claimed support for Joshua’s conquest; Kenyon later redated main destruction earlier (Middle Bronze) and found little Late Bronze city—major chronological dispute still discussed.  Intifada halted the Italian–Palestinian season: Sapienza’s Tell es-Sultan team records that autumn 2000 fieldwork was interrupted by the severe political situation, with a forced field stop into the mid-2000s before cooperation digs returned—proof that Jericho’s trenches track geopolitics as well as stratigraphy.",
        "sources": "J. Garstang, The Story of Jericho (1948); https://www.biblicalarchaeology.org/daily/biblical-sites-places/biblical-archaeology-sites/the-walls-of-jericho/; Expedition Bible note C27CmsSGx5Y (Jericho Unearthed — Garstang vs Kenyon); https://www.youtube.com/watch?v=C27CmsSGx5Y; K. Kenyon, Digging Up Jericho",
        "notes": "Do not treat Garstang’s dating as settled; see JER-02.",
        "campaigns": 2,
        "confidence": "confirmed",
        "biblical_name": "Jericho",
        "strongs_id": "H3405",
        "strongs_lang": "H",
        "strongs_url": "https://www.blueletterbible.org/lexicon/h3405/kjv/wlc/0-1/",
        "strongs_lemma": "יְרִיחוֹ",
        "strongs_gloss": "fragrant; city of palm trees",
        "creation_ministry": {
          "blurb": "Answers in Genesis publishes Bryant Wood–aligned articles arguing Tell es-Sultan’s collapsed mudbrick walls, burn layer, and grain jars fit Joshua 6 around 1400 BC (contra Kenyon’s ~1550 BC)—ministry interpretation, not dig consensus. The Creation Museum’s Biblical Authority exhibit/blog (“Is Tell es-Sultan Rahab’s Jericho?”) repeats the same Jericho correlations for visitors in Petersburg, KY.",
          "aig": [
            {
              "title": "The Walls of Jericho",
              "url": "https://answersingenesis.org/archaeology/the-walls-of-jericho/",
              "summary": "Bryant Wood argues Jericho's mudbrick walls fell outward ~1400 BC (not Kenyon's ~1550 BC), with burn layer and unplundered grain matching Joshua 6—AiG ministry interpretation of dig data.",
              "kind": "article"
            },
            {
              "title": "Archaeology's Lost Conquest",
              "url": "https://answersingenesis.org/archaeology/archaeologys-lost-conquest/",
              "summary": "AiG survey of early-date conquest: Jericho, Ai, and Hazor destructions framed as consistent with Joshua; Hazor 15th-c. burn attributed to Joshua and later to Deborah/Barak.",
              "kind": "article"
            },
            {
              "title": "Digging Past the Doubts",
              "url": "https://answersingenesis.org/archaeology/digging-past-doubts/",
              "summary": "Wood-aligned conquest apologetic covering Jericho pottery/scarabs, Bab edh-Dhra/Numeira as southern Sodom/Gomorrah candidates, and Eridu unfinished ziggurat as a Babel theory.",
              "kind": "article"
            },
            {
              "title": "Conservative Jews Reject Torah, Allegedly in Light of Archaeology",
              "url": "https://answersingenesis.org/archaeology/conservative-jews-reject-torah-allegedly-in-light-of-archaeology/",
              "summary": "AiG apologetic citing Wood's Jericho correlations against conquest skepticism.",
              "kind": "article"
            }
          ],
          "creation_museum": [
            {
              "title": "Is Tell es-Sultan Rahab’s Jericho?",
              "url": "https://creationmuseum.org/blog/2023/10/12/is-tell-es-sultan-rahabs-jericho/",
              "summary": "Creation Museum Biblical Authority exhibit blog: collapsed walls outward, burn layer, charred grain jars, north wall segment tied to Rahab.",
              "exhibit_or_page": "Biblical Authority exhibit / Jericho panel blog"
            },
            {
              "title": "Explore Biblical Authority at the Creation Museum",
              "url": "https://creationmuseum.org/blog/2026/07/30/explore-biblical-authority-at-creation-museum/",
              "summary": "Museum page describing Biblical Authority exhibit using archaeology (including Jericho).",
              "exhibit_or_page": "Biblical Authority exhibit"
            }
          ],
          "ark_encounter": [],
          "coverage": "site_specific",
          "researched_at": "2026-09-30"
        },
        "creation_ministry_blurb": "Answers in Genesis publishes Bryant Wood–aligned articles arguing Tell es-Sultan’s collapsed mudbrick walls, burn layer, and grain jars fit Joshua 6 around 1400 BC (contra Kenyon’s ~1550 BC)—ministry interpretation, not dig consensus. The Creation Museum’s Biblical Authority exhibit/blog (“Is Tell es-Sultan Rahab’s Jericho?”) repeats the same Jericho correlations for visitors in Petersburg, KY.",
        "creation_ministry_coverage": "site_specific",
        "creation_ministry_aig": [
          {
            "title": "The Walls of Jericho",
            "url": "https://answersingenesis.org/archaeology/the-walls-of-jericho/",
            "summary": "Bryant Wood argues Jericho's mudbrick walls fell outward ~1400 BC (not Kenyon's ~1550 BC), with burn layer and unplundered grain matching Joshua 6—AiG ministry interpretation of dig data.",
            "kind": "article"
          },
          {
            "title": "Archaeology's Lost Conquest",
            "url": "https://answersingenesis.org/archaeology/archaeologys-lost-conquest/",
            "summary": "AiG survey of early-date conquest: Jericho, Ai, and Hazor destructions framed as consistent with Joshua; Hazor 15th-c. burn attributed to Joshua and later to Deborah/Barak.",
            "kind": "article"
          },
          {
            "title": "Digging Past the Doubts",
            "url": "https://answersingenesis.org/archaeology/digging-past-doubts/",
            "summary": "Wood-aligned conquest apologetic covering Jericho pottery/scarabs, Bab edh-Dhra/Numeira as southern Sodom/Gomorrah candidates, and Eridu unfinished ziggurat as a Babel theory.",
            "kind": "article"
          },
          {
            "title": "Conservative Jews Reject Torah, Allegedly in Light of Archaeology",
            "url": "https://answersingenesis.org/archaeology/conservative-jews-reject-torah-allegedly-in-light-of-archaeology/",
            "summary": "AiG apologetic citing Wood's Jericho correlations against conquest skepticism.",
            "kind": "article"
          }
        ],
        "creation_ministry_museum": [
          {
            "title": "Is Tell es-Sultan Rahab’s Jericho?",
            "url": "https://creationmuseum.org/blog/2023/10/12/is-tell-es-sultan-rahabs-jericho/",
            "summary": "Creation Museum Biblical Authority exhibit blog: collapsed walls outward, burn layer, charred grain jars, north wall segment tied to Rahab.",
            "exhibit_or_page": "Biblical Authority exhibit / Jericho panel blog"
          },
          {
            "title": "Explore Biblical Authority at the Creation Museum",
            "url": "https://creationmuseum.org/blog/2026/07/30/explore-biblical-authority-at-creation-museum/",
            "summary": "Museum page describing Biblical Authority exhibit using archaeology (including Jericho).",
            "exhibit_or_page": "Biblical Authority exhibit"
          }
        ],
        "creation_ministry_ark": [],
        "dig_halt": {
          "status": "halt_recorded",
          "date": "2000-10 (Fourth season interrupted; forced field stop ~2001–2005 noted by expedition)",
          "halted_by": "Severe political/security situation of the Second Intifada interrupting the Italian–Palestinian expedition (not a named single stop-work agency)",
          "summary": "Sapienza’s Jericho project pages state the September–October 2000 season “was interrupted due to the severe political situation,” and later reports refer to a “forced stop of activities on the field (2001–2005)” while study continued off-site. Fieldwork later resumed under Sapienza–Palestinian cooperation. Classed as a conflict/security interruption of a specific project; no single government stop-work order is named in the expedition’s summary.",
          "sources": [
            "https://sites.google.com/uniroma1.it/sapienzatojericho/results/season-1997-2000"
          ]
        },
        "site_authority": {
          "name": "Palestinian MOTA / Tell es-Sultan (Jericho) + Italian-Palestinian Expedition historically; complex jurisdiction",
          "type": "mixed",
          "role": "Jericho Tell es-Sultan major excavated tell; UNESCO WH context.",
          "contact_name": null,
          "contact_title": null,
          "contact_email": null,
          "contact_phone": null,
          "contact_url": "https://whc.unesco.org/en/list/1687/",
          "notes": "West Bank jurisdiction complexity. UNESCO World Heritage listing for Ancient Jericho/Tell es-Sultan.",
          "official_website": "https://whc.unesco.org/en/list/1687/"
        },
        "dig_status": "halted",
        "eras": [
          "Bronze Age",
          "Neolithic / Chalcolithic"
        ],
        "official_website": "https://whc.unesco.org/en/list/1687/",
        "official_website_label": "UNESCO — Ancient Jericho / Tell es-Sultan",
        "status_kind": "dig"
      }
    },
    {
      "type": "Feature",
      "geometry": {
        "type": "Point",
        "coordinates": [
          35.45912508737196,
          31.74109813257868
        ]
      },
      "properties": {
        "id": "QUM-01",
        "name": "Qumran (Khirbet Qumran)",
        "layer": "ot_digs",
        "dig": "École Biblique / Jordan Dept. of Antiquities Excavations",
        "years": "1951–1956 (settlement); caves surveyed 1949–1956 period",
        "region": "Israel/Judah",
        "location": "West Bank / NW Dead Sea / near Kibbutz Kalia",
        "mgrs": "36RYA32961437",
        "verses": "Isaiah 40:3 (community self-understanding); Deuteronomy; Psalms; many OT books among scrolls",
        "found": "Settlement with scriptorium interpretation, mikva’ot, pottery workshops, cemetery; association with Dead Sea Scroll caves; coins; inkwells.",
        "support": "STRONG for Hebrew Bible textual history: scrolls preserve ancient copies of nearly every OT book (except Esther in Qumran corpus) centuries earlier than medieval Masoretic copies—supports careful transmission, with variant readings honestly noted.",
        "sources": "https://www.deadseascrolls.org.il/ (Leon Levy DSS Digital Library / IAA); R. de Vaux, Archaeology and the Dead Sea Scrolls (Schweich Lectures); DJD publication series; Israel Museum Shrine of the Book; J. Magness, The Archaeology of Qumran",
        "notes": "See separate Qumran sheets for caves, people, non-scroll finds. Site function (Essene monastery vs other) debated. Channel videos (Alberino Analysis Giants + Enoch): DSS/Qumran cave manuscript angle; framing contested vs mainstream — presentation only, not dig consensus. Non-canonical finds.",
        "campaigns": 1,
        "confidence": "confirmed",
        "biblical_name": null,
        "strongs_id": null,
        "strongs_lang": null,
        "strongs_url": null,
        "strongs_lemma": null,
        "strongs_gloss": null,
        "strongs_null_reason": "Modern dig name; not a Hebrew Bible place-name lemma",
        "creation_ministry": {
          "blurb": "AiG mentions Dead Sea Scrolls / Qumran in travel and general archaeology apologetics, but no verified site-specific Qumran dig article series was found. Theme-level manuscript reliability—not a CM Qumran exhibit page.",
          "aig": [
            {
              "title": "Masada, Ein Gedi, Dead Sea Scrolls, and Abraham’s Tent",
              "url": "https://answersingenesis.org/blogs/international-outreach/2010/10/22/masada-ein-gedi-dead-sea-scrolls-and-abrahams-tent/",
              "summary": "AiG travel/outreach blog mentioning Masada and Dead Sea Scrolls/Qumran context.",
              "kind": "article"
            },
            {
              "title": "Does Archaeology Support the Bible?",
              "url": "https://answersingenesis.org/archaeology/does-archaeology-support-the-bible/",
              "summary": "General AiG archaeology apologetic overview (theme piece).",
              "kind": "article"
            }
          ],
          "creation_museum": [],
          "ark_encounter": [],
          "coverage": "theme_only",
          "researched_at": "2026-09-30"
        },
        "creation_ministry_blurb": "AiG mentions Dead Sea Scrolls / Qumran in travel and general archaeology apologetics, but no verified site-specific Qumran dig article series was found. Theme-level manuscript reliability—not a CM Qumran exhibit page.",
        "creation_ministry_coverage": "theme_only",
        "creation_ministry_aig": [
          {
            "title": "Masada, Ein Gedi, Dead Sea Scrolls, and Abraham’s Tent",
            "url": "https://answersingenesis.org/blogs/international-outreach/2010/10/22/masada-ein-gedi-dead-sea-scrolls-and-abrahams-tent/",
            "summary": "AiG travel/outreach blog mentioning Masada and Dead Sea Scrolls/Qumran context.",
            "kind": "article"
          },
          {
            "title": "Does Archaeology Support the Bible?",
            "url": "https://answersingenesis.org/archaeology/does-archaeology-support-the-bible/",
            "summary": "General AiG archaeology apologetic overview (theme piece).",
            "kind": "article"
          }
        ],
        "creation_ministry_museum": [],
        "creation_ministry_ark": [],
        "dig_halt": {
          "status": "no_halt_recorded",
          "date": null,
          "halted_by": null,
          "summary": "No dig halt is recorded for this site in the sources checked. High-profile halt searches prioritized Temple Mount restrictions, City of David/Silwan court orders, West Bank permit issues, Turkish foreign-mission suspensions, Jordan TeH, COVID project statements, and conflict interruptions (Syria/Iraq); this site did not yield a verified org/government stop-work or permit-revocation event.",
          "sources": []
        },
        "site_authority": {
          "name": "Israel Antiquities Authority + INPA (Qumran National Park)",
          "type": "mixed",
          "role": "IAA manages antiquities/DSS-related research context; INPA operates Qumran park visitor services.",
          "contact_name": null,
          "contact_title": "General inquiries (Mokedia)",
          "contact_email": "mokediaa@israntique.org.il",
          "contact_phone": "073-3507350",
          "contact_url": "https://www.iaa.org.il/en/page/contact-us",
          "notes": "Dead Sea Scrolls collections also involve Israel Museum / Shrine of the Book.",
          "official_website": "https://en.parks.org.il/reserve-park/qumran-park/"
        },
        "dig_status": "open",
        "eras": [
          "Iron Age",
          "Persian / Hellenistic",
          "Roman / Byzantine"
        ],
        "official_website": "https://en.parks.org.il/reserve-park/qumran-park/",
        "official_website_label": "INPA — Qumran National Park",
        "official_video_embed": "https://www.youtube.com/embed/W5jzLWdNTIQ",
        "official_video_source": "https://en.parks.org.il/reserve-park/qumran-park/",
        "official_video_provider": "youtube",
        "related_videos": [
          {
            "embed": "https://www.youtube.com/embed/zEW1k0qU8Sg",
            "provider": "youtube",
            "title": "The Alberino Analysis — The Book of Giants",
            "source": "https://www.youtube.com/watch?v=zEW1k0qU8Sg",
            "label": "Channel presentation (Timothy Alberino)",
            "disclosure": "Alberino’s Nephilim/Watchers framing is contested vs mainstream archaeology and Second Temple scholarship; embed as channel presentation only, not dig consensus. Book of Giants / 1 Enoch fragments are non-canonical DSS finds (not Holy Bible)."
          },
          {
            "embed": "https://www.youtube.com/embed/Er507MsGp0M",
            "provider": "youtube",
            "title": "The Alberino Analysis — The Book of Enoch",
            "source": "https://www.youtube.com/watch?v=Er507MsGp0M",
            "label": "Channel presentation (Timothy Alberino)",
            "disclosure": "Alberino’s Nephilim/Watchers framing is contested vs mainstream archaeology and Second Temple scholarship; embed as channel presentation only, not dig consensus. Book of Giants / 1 Enoch fragments are non-canonical DSS finds (not Holy Bible)."
          }
        ],
        "status_kind": "dig"
      }
    },
    {
      "type": "Feature",
      "geometry": {
        "type": "Point",
        "coordinates": [
          35.236382535124164,
          31.773523834056604
        ]
      },
      "properties": {
        "id": "COD-01,COD-02,COD-04",
        "name": "Jerusalem – City of David",
        "layer": "ot_digs",
        "dig": "Kenyon Jerusalem Excavations (Ophel/City of David areas)",
        "years": "1961–1967",
        "region": "Israel/Judah",
        "location": "Israel / East Jerusalem / City of David ridge",
        "mgrs": "36RYA11781751",
        "verses": "2 Samuel 5:6–9; 1 Kings 1–2; Nehemiah 3",
        "found": "Stepped Stone Structure exposures; Bronze/Iron Age fortification lines; strata clarifying ancient Jerusalem’s eastern slope.",
        "support": "Background: confirms substantial Iron Age occupation on the southeastern ridge identified as David’s city. Scale of 10th-century Jerusalem remains contested (minimalist vs maximalist).",
        "sources": "K. Kenyon, Digging Up Jerusalem; https://www.cityofdavid.org.il/en; E. Mazar, Preliminary Report on the City of David Excavations 2005; https://www.biblicalarchaeology.org/daily/biblical-sites-places/jerusalem/the-palace-of-david/",
        "notes": "Political sensitivity of dig location; report finds carefully.",
        "campaigns": 3,
        "confidence": "confirmed",
        "biblical_name": "Jerusalem",
        "strongs_id": "H3389",
        "strongs_lang": "H",
        "strongs_url": "https://www.blueletterbible.org/lexicon/h3389/kjv/wlc/0-1/",
        "strongs_lemma": "יְרוּשָׁלַ͏ִם",
        "strongs_gloss": "teaching of peace; capital city",
        "creation_ministry": {
          "blurb": "AiG blogs cover City of David / Ophel finds (Hezekiah bulla, Nehemiah-period wall claims, Assyrian-style seal, Givati chamber with 586 BC burn) as Scripture-affirming ministry news. Ark Encounter’s first-century Jerusalem model project is thematic NT Jerusalem context rather than OT City of David dig panels.",
          "aig": [
            {
              "title": "Discovery of King Hezekiah’s Seal Confirms God’s Word",
              "url": "https://answersingenesis.org/blogs/ken-ham/2016/01/12/discovery-king-hezekiahs-seal-confirms-gods-word/",
              "summary": "Ken Ham on Hezekiah bulla from Jerusalem; also cites Hezekiah's tunnel and Lachish siege as corroboration.",
              "kind": "article"
            },
            {
              "title": "Non-existent Wall Found",
              "url": "https://answersingenesis.org/archaeology/non-existent-wall-found/",
              "summary": "AiG report on Eilat Mazar's City of David wall/tower attributed to Nehemiah's era; frames finds as worldview-interpreted.",
              "kind": "article"
            },
            {
              "title": "Black Stone Seal Confirms Biblical Record",
              "url": "https://answersingenesis.org/archaeology/black-stone-seal-confirms-biblical-record/",
              "summary": "Ken Ham on Neo-Assyrian-style seal from City of David area; links Assyrian pressure on Judah/Hezekiah.",
              "kind": "article"
            },
            {
              "title": "Biblical “Chamber” Identified in Jerusalem?",
              "url": "https://answersingenesis.org/blogs/ken-ham/2024/04/17/biblical-chamber-identified-in-jerusalem/",
              "summary": "Ken Ham summarizing Givati Parking Lot Building 100 as possible Josiah-era chamber with 586 BC burn layer.",
              "kind": "article"
            },
            {
              "title": "Inscription “One of the Most Important Archaeological Discoveries in Israel of All Time”",
              "url": "https://answersingenesis.org/archaeology/one-of-the-most-important-archaeological-discoveries/",
              "summary": "AiG on Hezekiah-related inscriptions summarizing Siloam Tunnel/pool works and other reforms; also notes Lachish siege archaeology.",
              "kind": "article"
            }
          ],
          "creation_museum": [],
          "ark_encounter": [
            {
              "title": "Update on Our Jerusalem Replica Project",
              "url": "https://arkencounter.com/blog/2023/05/04/update-our-jerusalem-replica-project/",
              "summary": "Ark Encounter ~2000 sq ft first-century Jerusalem model project for NT historical apologetics.",
              "exhibit_or_page": "First-century Jerusalem replica model"
            },
            {
              "title": "Exciting New Project Coming to the Ark Encounter",
              "url": "https://arkencounter.com/blog/2022/11/10/exciting-new-project-coming-to-ark-encounter/",
              "summary": "Announcement of large Jerusalem model exhibit.",
              "exhibit_or_page": "First-century Jerusalem replica model"
            }
          ],
          "coverage": "site_specific",
          "researched_at": "2026-09-30"
        },
        "creation_ministry_blurb": "AiG blogs cover City of David / Ophel finds (Hezekiah bulla, Nehemiah-period wall claims, Assyrian-style seal, Givati chamber with 586 BC burn) as Scripture-affirming ministry news. Ark Encounter’s first-century Jerusalem model project is thematic NT Jerusalem context rather than OT City of David dig panels.",
        "creation_ministry_coverage": "site_specific",
        "creation_ministry_aig": [
          {
            "title": "Discovery of King Hezekiah’s Seal Confirms God’s Word",
            "url": "https://answersingenesis.org/blogs/ken-ham/2016/01/12/discovery-king-hezekiahs-seal-confirms-gods-word/",
            "summary": "Ken Ham on Hezekiah bulla from Jerusalem; also cites Hezekiah's tunnel and Lachish siege as corroboration.",
            "kind": "article"
          },
          {
            "title": "Non-existent Wall Found",
            "url": "https://answersingenesis.org/archaeology/non-existent-wall-found/",
            "summary": "AiG report on Eilat Mazar's City of David wall/tower attributed to Nehemiah's era; frames finds as worldview-interpreted.",
            "kind": "article"
          },
          {
            "title": "Black Stone Seal Confirms Biblical Record",
            "url": "https://answersingenesis.org/archaeology/black-stone-seal-confirms-biblical-record/",
            "summary": "Ken Ham on Neo-Assyrian-style seal from City of David area; links Assyrian pressure on Judah/Hezekiah.",
            "kind": "article"
          },
          {
            "title": "Biblical “Chamber” Identified in Jerusalem?",
            "url": "https://answersingenesis.org/blogs/ken-ham/2024/04/17/biblical-chamber-identified-in-jerusalem/",
            "summary": "Ken Ham summarizing Givati Parking Lot Building 100 as possible Josiah-era chamber with 586 BC burn layer.",
            "kind": "article"
          },
          {
            "title": "Inscription “One of the Most Important Archaeological Discoveries in Israel of All Time”",
            "url": "https://answersingenesis.org/archaeology/one-of-the-most-important-archaeological-discoveries/",
            "summary": "AiG on Hezekiah-related inscriptions summarizing Siloam Tunnel/pool works and other reforms; also notes Lachish siege archaeology.",
            "kind": "article"
          }
        ],
        "creation_ministry_museum": [],
        "creation_ministry_ark": [
          {
            "title": "Update on Our Jerusalem Replica Project",
            "url": "https://arkencounter.com/blog/2023/05/04/update-our-jerusalem-replica-project/",
            "summary": "Ark Encounter ~2000 sq ft first-century Jerusalem model project for NT historical apologetics.",
            "exhibit_or_page": "First-century Jerusalem replica model"
          },
          {
            "title": "Exciting New Project Coming to the Ark Encounter",
            "url": "https://arkencounter.com/blog/2022/11/10/exciting-new-project-coming-to-ark-encounter/",
            "summary": "Announcement of large Jerusalem model exhibit.",
            "exhibit_or_page": "First-century Jerusalem replica model"
          }
        ],
        "dig_halt": {
          "status": "no_halt_recorded",
          "date": null,
          "halted_by": null,
          "summary": "No dig halt is recorded for this site in the sources checked. High-profile halt searches prioritized Temple Mount restrictions, City of David/Silwan court orders, West Bank permit issues, Turkish foreign-mission suspensions, Jordan TeH, COVID project statements, and conflict interruptions (Syria/Iraq); this site did not yield a verified org/government stop-work or permit-revocation event.",
          "sources": []
        },
        "site_authority": {
          "name": "City of David (Ir David Foundation / ELAD visitor site) + Israel Antiquities Authority",
          "type": "mixed",
          "role": "Visitor operations via City of David Foundation; archaeological excavations under IAA.",
          "contact_name": null,
          "contact_title": "City of David reservation center",
          "contact_email": null,
          "contact_phone": "077-9966726",
          "contact_url": "https://cityofdavid.org.il/en/contact-us/",
          "notes": "Dual authority: ELAD/City of David runs tourism; IAA excavates and regulates antiquities.",
          "official_website": "https://cityofdavid.org.il/en/"
        },
        "eras": [
          "Bronze Age",
          "Iron Age"
        ],
        "official_website": "https://cityofdavid.org.il/en/",
        "official_website_label": "City of David (Ir David / ELAD)",
        "status_kind": "visitor",
        "visitor_status": "open"
      }
    },
    {
      "type": "Feature",
      "geometry": {
        "type": "Point",
        "coordinates": [
          35.236382535124164,
          31.773523834056604
        ]
      },
      "properties": {
        "id": "COD-03",
        "name": "Jerusalem – City of David / Gihon",
        "layer": "ot_digs",
        "dig": "Reich–Shukron Excavations",
        "years": "1995–2010s",
        "region": "Israel/Judah",
        "location": "Israel / East Jerusalem / Gihon Spring area",
        "mgrs": "36RYA11781751",
        "verses": "2 Samuel 5:8; 1 Kings 1:33–45; 2 Kings 20:20; 2 Chronicles 32:30",
        "found": "Spring Tower and fortifications at Gihon; Siloam (Hezekiah’s) Tunnel clarification; Pool of Siloam (Second Temple period pool excavated 2004); Channel II; bullae.",
        "support": "STRONG for water works: Siloam Tunnel inscription (discovered 1880; tunnel studied by many teams) matches 2 Kings 20:20 / 2 Chr 32:30 description of Hezekiah bringing water into the city.",
        "sources": "Reich & Shukron publications in IEJ / City of David Studies; https://www.cityofdavid.org.il/en ; Siloam (Hezekiah) Tunnel Inscription — Istanbul Archaeology Museums custody; https://hadashot.iaa.org.il/",
        "notes": "Siloam Inscription in Istanbul Archaeology Museum.",
        "campaigns": 1,
        "confidence": "confirmed",
        "biblical_name": "Gihon",
        "strongs_id": "H1521",
        "strongs_lang": "H",
        "strongs_url": "https://www.blueletterbible.org/lexicon/h1521/kjv/wlc/0-1/",
        "strongs_lemma": "גִּיחוֹן",
        "strongs_gloss": "bursting forth; Jerusalem spring",
        "creation_ministry": {
          "blurb": "AiG articles on Hezekiah repeatedly mention the Siloam Tunnel water project from Gihon as still-visible Jerusalem infrastructure (2 Kings 20 / 2 Chr 32). Attribution: Answers in Genesis ministry interpretation of well-known waterworks archaeology.",
          "aig": [
            {
              "title": "Inscription “One of the Most Important Archaeological Discoveries in Israel of All Time”",
              "url": "https://answersingenesis.org/archaeology/one-of-the-most-important-archaeological-discoveries/",
              "summary": "AiG on Hezekiah-related inscriptions summarizing Siloam Tunnel/pool works and other reforms; also notes Lachish siege archaeology.",
              "kind": "article"
            },
            {
              "title": "Discovery of King Hezekiah’s Seal Confirms God’s Word",
              "url": "https://answersingenesis.org/blogs/ken-ham/2016/01/12/discovery-king-hezekiahs-seal-confirms-gods-word/",
              "summary": "Ken Ham on Hezekiah bulla from Jerusalem; also cites Hezekiah's tunnel and Lachish siege as corroboration.",
              "kind": "article"
            }
          ],
          "creation_museum": [],
          "ark_encounter": [],
          "coverage": "site_specific",
          "researched_at": "2026-09-30"
        },
        "creation_ministry_blurb": "AiG articles on Hezekiah repeatedly mention the Siloam Tunnel water project from Gihon as still-visible Jerusalem infrastructure (2 Kings 20 / 2 Chr 32). Attribution: Answers in Genesis ministry interpretation of well-known waterworks archaeology.",
        "creation_ministry_coverage": "site_specific",
        "creation_ministry_aig": [
          {
            "title": "Inscription “One of the Most Important Archaeological Discoveries in Israel of All Time”",
            "url": "https://answersingenesis.org/archaeology/one-of-the-most-important-archaeological-discoveries/",
            "summary": "AiG on Hezekiah-related inscriptions summarizing Siloam Tunnel/pool works and other reforms; also notes Lachish siege archaeology.",
            "kind": "article"
          },
          {
            "title": "Discovery of King Hezekiah’s Seal Confirms God’s Word",
            "url": "https://answersingenesis.org/blogs/ken-ham/2016/01/12/discovery-king-hezekiahs-seal-confirms-gods-word/",
            "summary": "Ken Ham on Hezekiah bulla from Jerusalem; also cites Hezekiah's tunnel and Lachish siege as corroboration.",
            "kind": "article"
          }
        ],
        "creation_ministry_museum": [],
        "creation_ministry_ark": [],
        "dig_halt": {
          "status": "no_halt_recorded",
          "date": null,
          "halted_by": null,
          "summary": "No dig halt is recorded for this site in the sources checked. High-profile halt searches prioritized Temple Mount restrictions, City of David/Silwan court orders, West Bank permit issues, Turkish foreign-mission suspensions, Jordan TeH, COVID project statements, and conflict interruptions (Syria/Iraq); this site did not yield a verified org/government stop-work or permit-revocation event.",
          "sources": []
        },
        "site_authority": {
          "name": "City of David (Ir David Foundation / ELAD) + IAA (Gihon / Warren’s Shaft area)",
          "type": "mixed",
          "role": "Same City of David complex — visitor site + IAA excavations.",
          "contact_name": null,
          "contact_title": "General inquiries (Mokedia)",
          "contact_email": null,
          "contact_phone": "077-9966726",
          "contact_url": "https://cityofdavid.org.il/en/contact-us/",
          "notes": "Dual authority ELAD visitor operations + IAA archaeology.",
          "official_website": "https://cityofdavid.org.il/en/"
        },
        "eras": [
          "Bronze Age",
          "Iron Age"
        ],
        "official_website": "https://cityofdavid.org.il/en/",
        "official_website_label": "City of David (Ir David / ELAD)",
        "status_kind": "visitor",
        "visitor_status": "open"
      }
    },
    {
      "type": "Feature",
      "geometry": {
        "type": "Point",
        "coordinates": [
          34.9191957049435,
          31.85915724920893
        ]
      },
      "properties": {
        "id": "GEZ-01,GEZ-02",
        "name": "Tel Gezer",
        "layer": "ot_digs",
        "dig": "Palestine Exploration Fund Macalister Excavations",
        "years": "1902–1909",
        "region": "Israel/Judah",
        "location": "Israel / Shephelah / near Kibbutz Gezer",
        "mgrs": "36RXA81572643",
        "verses": "Joshua 10:33; 1 Kings 9:15–17; Judges 1:29",
        "found": "Gezer calendar tablet (agricultural Hebrew text); high place with standing stones; massive fortifications; water system (partly).",
        "support": "Gezer Calendar is early Hebrew writing evidence. Site matches biblical Gezer given by Pharaoh to Solomon’s wife (1 Kgs 9). Macalister’s methods were crude by later standards—results need caution.",
        "sources": "R.A.S. Macalister, The Excavation of Gezer; https://www.israelmuseum.org.il/; https://www.biblicalarchaeology.org/daily/biblical-artifacts/inscriptions/the-gezer-calendar/",
        "notes": "Calendar often dated 10th c. BCE (debate).",
        "campaigns": 2,
        "confidence": "confirmed",
        "biblical_name": "Gezer",
        "strongs_id": "H1507",
        "strongs_lang": "H",
        "strongs_url": "https://www.blueletterbible.org/lexicon/h1507/kjv/wlc/0-1/",
        "strongs_lemma": "גֶּזֶר",
        "strongs_gloss": "portion; Canaanite/Israelite city",
        "creation_ministry": {
          "blurb": "AiG United Monarchy apologetics mention Solomonic building claims involving Gezer (with Megiddo/Hazor gate debates) at theme level. No dedicated AiG Gezer dig article verified in this survey.",
          "aig": [
            {
              "title": "False History—“Out with David and Solomon!”",
              "url": "https://answersingenesis.org/archaeology/false-history-out-with-david-and-solomon/",
              "summary": "AiG critique of minimalist dismissal of United Monarchy; discusses Solomonic building claims.",
              "kind": "article"
            },
            {
              "title": "Archaeological Evidence for the Kingdom of Judah",
              "url": "https://answersingenesis.org/archaeology/archaeological-evidence-kingdom-judah/",
              "summary": "AiG summary of Garfinkel-related work including Lachish Level 5 fortifications and Khirbet Qeiyafa as early Judean evidence—interpreted within a biblical-kingdom framework.",
              "kind": "article"
            }
          ],
          "creation_museum": [],
          "ark_encounter": [],
          "coverage": "theme_only",
          "researched_at": "2026-09-30"
        },
        "creation_ministry_blurb": "AiG United Monarchy apologetics mention Solomonic building claims involving Gezer (with Megiddo/Hazor gate debates) at theme level. No dedicated AiG Gezer dig article verified in this survey.",
        "creation_ministry_coverage": "theme_only",
        "creation_ministry_aig": [
          {
            "title": "False History—“Out with David and Solomon!”",
            "url": "https://answersingenesis.org/archaeology/false-history-out-with-david-and-solomon/",
            "summary": "AiG critique of minimalist dismissal of United Monarchy; discusses Solomonic building claims.",
            "kind": "article"
          },
          {
            "title": "Archaeological Evidence for the Kingdom of Judah",
            "url": "https://answersingenesis.org/archaeology/archaeological-evidence-kingdom-judah/",
            "summary": "AiG summary of Garfinkel-related work including Lachish Level 5 fortifications and Khirbet Qeiyafa as early Judean evidence—interpreted within a biblical-kingdom framework.",
            "kind": "article"
          }
        ],
        "creation_ministry_museum": [],
        "creation_ministry_ark": [],
        "dig_halt": {
          "status": "no_halt_recorded",
          "date": null,
          "halted_by": null,
          "summary": "No dig halt is recorded for this site in the sources checked. High-profile halt searches prioritized Temple Mount restrictions, City of David/Silwan court orders, West Bank permit issues, Turkish foreign-mission suspensions, Jordan TeH, COVID project statements, and conflict interruptions (Syria/Iraq); this site did not yield a verified org/government stop-work or permit-revocation event.",
          "sources": []
        },
        "site_authority": {
          "name": "IAA + Tel Gezer excavation projects (historical seminary/university missions)",
          "type": "mixed",
          "role": "Licenses excavations and oversees antiquities across Israel; regional offices handle site permits and finds.",
          "contact_name": null,
          "contact_title": "General inquiries (Mokedia)",
          "contact_email": "mokediaa@israntique.org.il",
          "contact_phone": "073-3507350",
          "contact_url": "https://www.iaa.org.il/en/page/contact-us",
          "notes": "IAA licenses; university missions. No current dig email verified beyond IAA.",
          "official_website": "https://www.iaa.org.il/en"
        },
        "dig_status": "open",
        "eras": [
          "Bronze Age",
          "Iron Age"
        ],
        "official_website": "https://www.iaa.org.il/en",
        "official_website_label": "Israel Antiquities Authority",
        "status_kind": "dig"
      }
    },
    {
      "type": "Feature",
      "geometry": {
        "type": "Point",
        "coordinates": [
          34.840719635517466,
          31.24468039125321
        ]
      },
      "properties": {
        "id": "BEE-01",
        "name": "Tel Beersheba",
        "layer": "ot_digs",
        "dig": "Tel Aviv University Beersheba Excavations",
        "years": "1969–1976",
        "region": "Israel/Judah",
        "location": "Israel / Negev / Tel Be’er Sheva National Park",
        "mgrs": "36RXV75295818",
        "verses": "Genesis 21:31–33; Genesis 26:23–33; 1 Kings 19:3; Amos 5:5; 2 Kings 23:8",
        "found": "Planned Iron Age town; horned altar (dismantled, stones reused in storehouse wall); water system; fortifications; storehouses.",
        "support": "Horned altar matches biblical altar form and fits Amos/Kings criticism of Beersheba cult—strong material culture parallel. Planned Judean administrative town fits monarchic Negev control.",
        "sources": "Z. Herzog, Beer-sheba I–II; https://www.parks.org.il/; https://www.biblicalarchaeology.org/",
        "notes": "UNESCO with Hazor & Megiddo. Altar reconstructed in Israel Museum.",
        "campaigns": 1,
        "confidence": "confirmed",
        "biblical_name": "Beersheba",
        "strongs_id": "H884",
        "strongs_lang": "H",
        "strongs_url": "https://www.blueletterbible.org/lexicon/h884/kjv/wlc/0-1/",
        "strongs_lemma": "בְּאֵר שֶׁבַע",
        "strongs_gloss": "well of the oath / seven",
        "creation_ministry": {
          "blurb": "No site-specific Answers in Genesis, Creation Museum, or Ark Encounter page was verified for this dig in the 2026-09-30 survey. Do not invent AiG claims—label any future hit clearly as ministry interpretation, not dig consensus.",
          "aig": [],
          "creation_museum": [],
          "ark_encounter": [],
          "coverage": "none_found",
          "researched_at": "2026-09-30"
        },
        "creation_ministry_blurb": "No site-specific Answers in Genesis, Creation Museum, or Ark Encounter page was verified for this dig in the 2026-09-30 survey. Do not invent AiG claims—label any future hit clearly as ministry interpretation, not dig consensus.",
        "creation_ministry_coverage": "none_found",
        "creation_ministry_aig": [],
        "creation_ministry_museum": [],
        "creation_ministry_ark": [],
        "dig_halt": {
          "status": "no_halt_recorded",
          "date": null,
          "halted_by": null,
          "summary": "No dig halt is recorded for this site in the sources checked. High-profile halt searches prioritized Temple Mount restrictions, City of David/Silwan court orders, West Bank permit issues, Turkish foreign-mission suspensions, Jordan TeH, COVID project statements, and conflict interruptions (Syria/Iraq); this site did not yield a verified org/government stop-work or permit-revocation event.",
          "sources": []
        },
        "site_authority": {
          "name": "Israel Nature and Parks Authority (INPA) + Israel Antiquities Authority",
          "type": "mixed",
          "role": "INPA manages national-park visitor operations; IAA oversees antiquities and excavations within parks.",
          "contact_name": null,
          "contact_title": "INPA information / reservations",
          "contact_email": "moked@npa.org.il",
          "contact_phone": "*3639",
          "contact_url": "https://en.parks.org.il/",
          "notes": "Tel Beersheba National Park — INPA visitor services; IAA for antiquities.",
          "official_website": "https://en.parks.org.il/reserve-park/tel-beer-sheva-national-park/"
        },
        "dig_status": "open",
        "eras": [
          "Iron Age"
        ],
        "official_website": "https://en.parks.org.il/reserve-park/tel-beer-sheva-national-park/",
        "official_website_label": "INPA — Tel Beer Sheva National Park",
        "status_kind": "dig"
      }
    },
    {
      "type": "Feature",
      "geometry": {
        "type": "Point",
        "coordinates": [
          35.183214629723736,
          31.847141085087458
        ]
      },
      "properties": {
        "id": "GIB-01",
        "name": "Gibeon (el-Jib)",
        "layer": "ot_digs",
        "dig": "University Museum Gibeon Excavations",
        "years": "1956–1962",
        "region": "Israel/Judah",
        "location": "West Bank / near el-Jib / NW of Jerusalem",
        "mgrs": "36RYA06582557",
        "verses": "Joshua 9:3–27; Joshua 10:2; 2 Samuel 2:12–17; Jeremiah 41:12",
        "found": "Massive water shaft and pool; jar handles inscribed gb‘n (Gibeon); winery installations; fortifications.",
        "support": "STRONG site ID: gb‘n jar handles confirm biblical Gibeon. Water system fits a significant city as in Joshua 10:2. Illuminates treaty/city narratives’ geographic setting.",
        "sources": "J. Pritchard, Gibeon, Where the Sun Stood Still; https://www.penn.museum/; BASOR reports",
        "notes": "MGRS for el-Jib tell ~100m.",
        "campaigns": 1,
        "confidence": "confirmed",
        "biblical_name": "Gibeon",
        "strongs_id": "H1391",
        "strongs_lang": "H",
        "strongs_url": "https://www.blueletterbible.org/lexicon/h1391/kjv/wlc/0-1/",
        "strongs_lemma": "גִּבְעוֹן",
        "strongs_gloss": "hill city",
        "creation_ministry": {
          "blurb": "No site-specific Answers in Genesis, Creation Museum, or Ark Encounter page was verified for this dig in the 2026-09-30 survey. Do not invent AiG claims—label any future hit clearly as ministry interpretation, not dig consensus.",
          "aig": [],
          "creation_museum": [],
          "ark_encounter": [],
          "coverage": "none_found",
          "researched_at": "2026-09-30"
        },
        "creation_ministry_blurb": "No site-specific Answers in Genesis, Creation Museum, or Ark Encounter page was verified for this dig in the 2026-09-30 survey. Do not invent AiG claims—label any future hit clearly as ministry interpretation, not dig consensus.",
        "creation_ministry_coverage": "none_found",
        "creation_ministry_aig": [],
        "creation_ministry_museum": [],
        "creation_ministry_ark": [],
        "dig_halt": {
          "status": "no_halt_recorded",
          "date": null,
          "halted_by": null,
          "summary": "No dig halt is recorded for this site in the sources checked. High-profile halt searches prioritized Temple Mount restrictions, City of David/Silwan court orders, West Bank permit issues, Turkish foreign-mission suspensions, Jordan TeH, COVID project statements, and conflict interruptions (Syria/Iraq); this site did not yield a verified org/government stop-work or permit-revocation event.",
          "sources": []
        },
        "site_authority": {
          "name": "Complex jurisdiction — el-Jib / Gibeon (West Bank); IAA historical work / PA context",
          "type": "mixed",
          "role": "Palestinian Authority antiquities administration for sites under PA administration.",
          "contact_name": null,
          "contact_title": null,
          "contact_email": null,
          "contact_phone": null,
          "contact_url": "https://www.travelpalestine.ps/",
          "notes": "West Bank site. Dual-jurisdiction honesty. No site dig email verified.",
          "official_website": "https://www.travelpalestine.ps/"
        },
        "dig_status": "open",
        "eras": [
          "Iron Age"
        ],
        "official_website": "https://www.travelpalestine.ps/",
        "official_website_label": "Complex jurisdiction — el-Jib / Gibeon (West Bank); IAA historical work / PA context",
        "status_kind": "dig"
      }
    },
    {
      "type": "Feature",
      "geometry": {
        "type": "Point",
        "coordinates": [
          35.18961612792605,
          32.27632729106652
        ]
      },
      "properties": {
        "id": "SAM-01",
        "name": "Samaria (Sebaste / Shomron)",
        "layer": "ot_digs",
        "dig": "Harvard Expedition to Samaria",
        "years": "1908–1910",
        "region": "Israel/Judah",
        "location": "West Bank / Sebastia",
        "mgrs": "36SYA06227317",
        "verses": "1 Kings 16:24; 1 Kings 16:29–33; 2 Kings 17:5–6; Amos 3:9–15",
        "found": "Omride palace complex beginnings; ivory fragments; Samaria Ostraca with Hebrew administrative notes and Yahwistic names.",
        "support": "STRONG: capital founded by Omri matches archaeology of a major Iron II royal center. Ostraca show royal wine/oil administration and personal names with YHWH elements—fits Northern Kingdom setting of Kings/Amos.",
        "sources": "Reisner, Fisher, Lyon, Harvard Excavations at Samaria; https://www.biblicalarchaeology.org/",
        "notes": "Later Joint Expedition Crowfoot/Kenyon/Sukenik 1931–35 continued.",
        "campaigns": 1,
        "confidence": "confirmed",
        "biblical_name": "Samaria",
        "strongs_id": "H8111",
        "strongs_lang": "H",
        "strongs_url": "https://www.blueletterbible.org/lexicon/h8111/kjv/wlc/0-1/",
        "strongs_lemma": "שֹׁמְרוֹן",
        "strongs_gloss": "watch mountain; northern capital",
        "creation_ministry": {
          "blurb": "Samaria appears in AiG Assyria/Judah archaeology context (deportations, northern kingdom) more than as a standalone dig feature. Theme_only ministry coverage; no CM/Ark Samaria exhibit URL verified.",
          "aig": [
            {
              "title": "Recent Archaeological Finds in Assyria Corroborate Scripture",
              "url": "https://answersingenesis.org/archaeology/recent-archaeological-finds-assyria-corroborate-scripture/",
              "summary": "AiG on Assyrian imperial finds corroborating biblical Assyria/Judah interactions (Nineveh sphere).",
              "kind": "article"
            },
            {
              "title": "Archaeological Evidence for the Kingdom of Judah",
              "url": "https://answersingenesis.org/archaeology/archaeological-evidence-kingdom-judah/",
              "summary": "AiG summary of Garfinkel-related work including Lachish Level 5 fortifications and Khirbet Qeiyafa as early Judean evidence—interpreted within a biblical-kingdom framework.",
              "kind": "article"
            }
          ],
          "creation_museum": [],
          "ark_encounter": [],
          "coverage": "theme_only",
          "researched_at": "2026-09-30"
        },
        "creation_ministry_blurb": "Samaria appears in AiG Assyria/Judah archaeology context (deportations, northern kingdom) more than as a standalone dig feature. Theme_only ministry coverage; no CM/Ark Samaria exhibit URL verified.",
        "creation_ministry_coverage": "theme_only",
        "creation_ministry_aig": [
          {
            "title": "Recent Archaeological Finds in Assyria Corroborate Scripture",
            "url": "https://answersingenesis.org/archaeology/recent-archaeological-finds-assyria-corroborate-scripture/",
            "summary": "AiG on Assyrian imperial finds corroborating biblical Assyria/Judah interactions (Nineveh sphere).",
            "kind": "article"
          },
          {
            "title": "Archaeological Evidence for the Kingdom of Judah",
            "url": "https://answersingenesis.org/archaeology/archaeological-evidence-kingdom-judah/",
            "summary": "AiG summary of Garfinkel-related work including Lachish Level 5 fortifications and Khirbet Qeiyafa as early Judean evidence—interpreted within a biblical-kingdom framework.",
            "kind": "article"
          }
        ],
        "creation_ministry_museum": [],
        "creation_ministry_ark": [],
        "dig_halt": {
          "status": "no_halt_recorded",
          "date": null,
          "halted_by": null,
          "summary": "No dig halt is recorded for this site in the sources checked. High-profile halt searches prioritized Temple Mount restrictions, City of David/Silwan court orders, West Bank permit issues, Turkish foreign-mission suspensions, Jordan TeH, COVID project statements, and conflict interruptions (Syria/Iraq); this site did not yield a verified org/government stop-work or permit-revocation event.",
          "sources": []
        },
        "site_authority": {
          "name": "Complex jurisdiction — Sebaste/Samaria archaeological park",
          "type": "mixed",
          "role": "Palestinian Authority antiquities administration for sites under PA administration.",
          "contact_name": null,
          "contact_title": null,
          "contact_email": null,
          "contact_phone": null,
          "contact_url": "https://www.travelpalestine.ps/",
          "notes": "Sebaste heritage park dual PA/Israeli Civil Administration contexts.",
          "official_website": "https://www.travelpalestine.ps/"
        },
        "dig_status": "open",
        "eras": [
          "Iron Age"
        ],
        "official_website": "https://www.travelpalestine.ps/",
        "official_website_label": "Complex jurisdiction — Sebaste/Samaria archaeological park",
        "status_kind": "dig"
      }
    },
    {
      "type": "Feature",
      "geometry": {
        "type": "Point",
        "coordinates": [
          35.18961612792605,
          32.27632729106652
        ]
      },
      "properties": {
        "id": "SAM-02",
        "name": "Samaria (Sebaste)",
        "layer": "ot_digs",
        "dig": "Joint Expedition to Samaria",
        "years": "1931–1935",
        "region": "Israel/Judah",
        "location": "West Bank / Sebastia",
        "mgrs": "36SYA06227317",
        "verses": "1 Kings 16:24; 1 Kings 22:39; Amos 6:1–6",
        "found": "Refined palace ivory corpus (Samaria ivories); Hellenistic/Roman Sebaste overlays; Israelite building phases.",
        "support": "Ivories illustrate elite luxury Amos condemned—cultural background that matches prophetic critique without proving specific sermons.",
        "sources": "Crowfoot & Crowfoot, Early Ivories from Samaria; Kenyon stratigraphic notes; British Academy publications",
        "notes": "Ivories often compared with Phoenician styles (Ahab–Jezebel cultural horizon).",
        "campaigns": 1,
        "confidence": "confirmed",
        "biblical_name": "Samaria",
        "strongs_id": "H8111",
        "strongs_lang": "H",
        "strongs_url": "https://www.blueletterbible.org/lexicon/h8111/kjv/wlc/0-1/",
        "strongs_lemma": "שֹׁמְרוֹן",
        "strongs_gloss": "watch mountain; northern capital",
        "creation_ministry": {
          "blurb": "Samaria appears in AiG Assyria/Judah archaeology context (deportations, northern kingdom) more than as a standalone dig feature. Theme_only ministry coverage; no CM/Ark Samaria exhibit URL verified.",
          "aig": [
            {
              "title": "Recent Archaeological Finds in Assyria Corroborate Scripture",
              "url": "https://answersingenesis.org/archaeology/recent-archaeological-finds-assyria-corroborate-scripture/",
              "summary": "AiG on Assyrian imperial finds corroborating biblical Assyria/Judah interactions (Nineveh sphere).",
              "kind": "article"
            },
            {
              "title": "Archaeological Evidence for the Kingdom of Judah",
              "url": "https://answersingenesis.org/archaeology/archaeological-evidence-kingdom-judah/",
              "summary": "AiG summary of Garfinkel-related work including Lachish Level 5 fortifications and Khirbet Qeiyafa as early Judean evidence—interpreted within a biblical-kingdom framework.",
              "kind": "article"
            }
          ],
          "creation_museum": [],
          "ark_encounter": [],
          "coverage": "theme_only",
          "researched_at": "2026-09-30"
        },
        "creation_ministry_blurb": "Samaria appears in AiG Assyria/Judah archaeology context (deportations, northern kingdom) more than as a standalone dig feature. Theme_only ministry coverage; no CM/Ark Samaria exhibit URL verified.",
        "creation_ministry_coverage": "theme_only",
        "creation_ministry_aig": [
          {
            "title": "Recent Archaeological Finds in Assyria Corroborate Scripture",
            "url": "https://answersingenesis.org/archaeology/recent-archaeological-finds-assyria-corroborate-scripture/",
            "summary": "AiG on Assyrian imperial finds corroborating biblical Assyria/Judah interactions (Nineveh sphere).",
            "kind": "article"
          },
          {
            "title": "Archaeological Evidence for the Kingdom of Judah",
            "url": "https://answersingenesis.org/archaeology/archaeological-evidence-kingdom-judah/",
            "summary": "AiG summary of Garfinkel-related work including Lachish Level 5 fortifications and Khirbet Qeiyafa as early Judean evidence—interpreted within a biblical-kingdom framework.",
            "kind": "article"
          }
        ],
        "creation_ministry_museum": [],
        "creation_ministry_ark": [],
        "dig_halt": {
          "status": "no_halt_recorded",
          "date": null,
          "halted_by": null,
          "summary": "No dig halt is recorded for this site in the sources checked. High-profile halt searches prioritized Temple Mount restrictions, City of David/Silwan court orders, West Bank permit issues, Turkish foreign-mission suspensions, Jordan TeH, COVID project statements, and conflict interruptions (Syria/Iraq); this site did not yield a verified org/government stop-work or permit-revocation event.",
          "sources": []
        },
        "site_authority": {
          "name": "Complex jurisdiction — Sebaste/Samaria (same complex as SAM-01)",
          "type": "mixed",
          "role": "Palestinian Authority antiquities administration for sites under PA administration.",
          "contact_name": null,
          "contact_title": null,
          "contact_email": null,
          "contact_phone": null,
          "contact_url": "https://www.travelpalestine.ps/",
          "notes": "Same Sebaste complex.",
          "official_website": "https://www.travelpalestine.ps/"
        },
        "dig_status": "open",
        "eras": [
          "Iron Age",
          "Persian / Hellenistic",
          "Roman / Byzantine"
        ],
        "official_website": "https://www.travelpalestine.ps/",
        "official_website_label": "Complex jurisdiction — Sebaste/Samaria (same complex as SAM-01)",
        "status_kind": "dig"
      }
    },
    {
      "type": "Feature",
      "geometry": {
        "type": "Point",
        "coordinates": [
          35.281673877466986,
          32.21355239960817
        ]
      },
      "properties": {
        "id": "SHE-01",
        "name": "Shechem (Tell Balata)",
        "layer": "ot_digs",
        "dig": "Drew-McCormick / ASOR Shechem Excavations",
        "years": "Sellin 1913–1914, 1926–1927; Wright 1956–1973",
        "region": "Israel/Judah",
        "location": "West Bank / near Nablus / Tell Balata",
        "mgrs": "36SYA15046639",
        "verses": "Genesis 12:6; Genesis 33:18–20; Joshua 24:1–25; Judges 9; 1 Kings 12:1",
        "found": "Massive Middle Bronze fortifications; temple/fortress; gate complex; destruction layers; Iron Age occupation.",
        "support": "Confirms Shechem as a major Bronze–Iron center suitable for covenant gatherings (Josh 24) and Abimelech narrative setting (Judg 9). Direct proof of patriarchal visits is beyond archaeology’s reach.",
        "sources": "G.E. Wright, Shechem; https://www.asor.org/; Tell Balata Archaeological Park materials",
        "notes": "Early Sellin work disrupted by WWI/WWII.",
        "campaigns": 1,
        "confidence": "confirmed",
        "biblical_name": "Shechem",
        "strongs_id": "H7927",
        "strongs_lang": "H",
        "strongs_url": "https://www.blueletterbible.org/lexicon/h7927/kjv/wlc/0-1/",
        "strongs_lemma": "שְׁכֶם",
        "strongs_gloss": "shoulder; covenant city",
        "creation_ministry": {
          "blurb": "AiG Mount Ebal articles situate the altar/curse tablet near Shechem (Gerizim/Ebal covenant setting); Lost Conquest also lists Shechem destruction among Judges-period correlations. Adjacent ministry coverage rather than a full Shechem dig monograph.",
          "aig": [
            {
              "title": "Joshua’s Altar and the Mount Ebal Curse Tablet",
              "url": "https://answersingenesis.org/archaeology/joshuas-altar-and-mount-ebal-curse-tablet/",
              "summary": "AiG summarizes Zertal altar + Stripling lead curse tablet as conquest-supporting; notes dating debate.",
              "kind": "article"
            },
            {
              "title": "Archaeology's Lost Conquest",
              "url": "https://answersingenesis.org/archaeology/archaeologys-lost-conquest/",
              "summary": "AiG survey of early-date conquest: Jericho, Ai, and Hazor destructions framed as consistent with Joshua; Hazor 15th-c. burn attributed to Joshua and later to Deborah/Barak.",
              "kind": "article"
            }
          ],
          "creation_museum": [],
          "ark_encounter": [],
          "coverage": "theme_only",
          "researched_at": "2026-09-30"
        },
        "creation_ministry_blurb": "AiG Mount Ebal articles situate the altar/curse tablet near Shechem (Gerizim/Ebal covenant setting); Lost Conquest also lists Shechem destruction among Judges-period correlations. Adjacent ministry coverage rather than a full Shechem dig monograph.",
        "creation_ministry_coverage": "theme_only",
        "creation_ministry_aig": [
          {
            "title": "Joshua’s Altar and the Mount Ebal Curse Tablet",
            "url": "https://answersingenesis.org/archaeology/joshuas-altar-and-mount-ebal-curse-tablet/",
            "summary": "AiG summarizes Zertal altar + Stripling lead curse tablet as conquest-supporting; notes dating debate.",
            "kind": "article"
          },
          {
            "title": "Archaeology's Lost Conquest",
            "url": "https://answersingenesis.org/archaeology/archaeologys-lost-conquest/",
            "summary": "AiG survey of early-date conquest: Jericho, Ai, and Hazor destructions framed as consistent with Joshua; Hazor 15th-c. burn attributed to Joshua and later to Deborah/Barak.",
            "kind": "article"
          }
        ],
        "creation_ministry_museum": [],
        "creation_ministry_ark": [],
        "dig_halt": {
          "status": "no_halt_recorded",
          "date": null,
          "halted_by": null,
          "summary": "No dig halt is recorded for this site in the sources checked. High-profile halt searches prioritized Temple Mount restrictions, City of David/Silwan court orders, West Bank permit issues, Turkish foreign-mission suspensions, Jordan TeH, COVID project statements, and conflict interruptions (Syria/Iraq); this site did not yield a verified org/government stop-work or permit-revocation event.",
          "sources": []
        },
        "site_authority": {
          "name": "Tell Balata Archaeological Park / Palestinian MOTA (Shechem)",
          "type": "national_antiquities",
          "role": "Palestinian Authority antiquities administration for sites under PA administration.",
          "contact_name": null,
          "contact_title": null,
          "contact_email": null,
          "contact_phone": null,
          "contact_url": "https://www.travelpalestine.ps/",
          "notes": "Tel Balata (ancient Shechem) under PA antiquities/tourism park framing.",
          "official_website": "https://www.travelpalestine.ps/"
        },
        "dig_status": "open",
        "eras": [
          "Bronze Age",
          "Iron Age"
        ],
        "official_website": "https://www.travelpalestine.ps/",
        "official_website_label": "Tell Balata Archaeological Park / Palestinian MOTA (Shechem)",
        "status_kind": "dig"
      }
    },
    {
      "type": "Feature",
      "geometry": {
        "type": "Point",
        "coordinates": [
          35.502110766626785,
          32.503082958565024
        ]
      },
      "properties": {
        "id": "BSH-01",
        "name": "Beth Shean (Tel Bet She’an / Scythopolis)",
        "layer": "ot_digs",
        "dig": "University of Pennsylvania Beth Shean Expedition",
        "years": "1921–1933",
        "region": "Israel/Judah",
        "location": "Israel / Jordan Valley / Bet She’an",
        "mgrs": "36SYA35079896",
        "verses": "Joshua 17:11–16; 1 Samuel 31:10–12; 1 Kings 4:12",
        "found": "Egyptian New Kingdom garrison city; temples; stelae of Seti I and Ramesses II; Canaanite and Iron Age levels; later Classical city.",
        "support": "Egyptian stelae and garrison explain why Beth Shean appears as a non-Israelite stronghold in Judges/Samuel—strong geopolitical background for Saul’s death narrative geography (bodies on the wall).",
        "sources": "https://www.penn.museum/sites/bethshean/; Rowe, The Topography and History of Beth-Shan; https://www.parks.org.il/",
        "notes": "Later Hebrew Univ. digs on tell and Classical city.",
        "campaigns": 1,
        "confidence": "confirmed",
        "biblical_name": "Beth-shean",
        "strongs_id": "H1052",
        "strongs_lang": "H",
        "strongs_url": "https://www.blueletterbible.org/lexicon/h1052/kjv/wlc/0-1/",
        "strongs_lemma": "בֵּית שְׁאָן",
        "strongs_gloss": "house of ease / security",
        "creation_ministry": {
          "blurb": "No site-specific Answers in Genesis, Creation Museum, or Ark Encounter page was verified for this dig in the 2026-09-30 survey. Do not invent AiG claims—label any future hit clearly as ministry interpretation, not dig consensus.",
          "aig": [],
          "creation_museum": [],
          "ark_encounter": [],
          "coverage": "none_found",
          "researched_at": "2026-09-30"
        },
        "creation_ministry_blurb": "No site-specific Answers in Genesis, Creation Museum, or Ark Encounter page was verified for this dig in the 2026-09-30 survey. Do not invent AiG claims—label any future hit clearly as ministry interpretation, not dig consensus.",
        "creation_ministry_coverage": "none_found",
        "creation_ministry_aig": [],
        "creation_ministry_museum": [],
        "creation_ministry_ark": [],
        "dig_halt": {
          "status": "no_halt_recorded",
          "date": null,
          "halted_by": null,
          "summary": "No dig halt is recorded for this site in the sources checked. High-profile halt searches prioritized Temple Mount restrictions, City of David/Silwan court orders, West Bank permit issues, Turkish foreign-mission suspensions, Jordan TeH, COVID project statements, and conflict interruptions (Syria/Iraq); this site did not yield a verified org/government stop-work or permit-revocation event.",
          "sources": []
        },
        "site_authority": {
          "name": "INPA (Bet She’an National Park) + IAA",
          "type": "mixed",
          "role": "INPA manages national-park visitor operations; IAA oversees antiquities and excavations within parks.",
          "contact_name": null,
          "contact_title": "INPA information / reservations",
          "contact_email": "moked@npa.org.il",
          "contact_phone": "*3639",
          "contact_url": "https://en.parks.org.il/",
          "notes": "Beth Shean / Scythopolis National Park.",
          "official_website": "https://en.parks.org.il/reserve-park/bet-shean-national-park/"
        },
        "dig_status": "open",
        "eras": [
          "Bronze Age",
          "Iron Age",
          "Roman / Byzantine"
        ],
        "official_website": "https://en.parks.org.il/reserve-park/bet-shean-national-park/",
        "official_website_label": "INPA — Bet She’an National Park",
        "status_kind": "dig"
      }
    },
    {
      "type": "Feature",
      "geometry": {
        "type": "Point",
        "coordinates": [
          35.126045345086695,
          31.280596404969877
        ]
      },
      "properties": {
        "id": "ARA-01",
        "name": "Tel Arad",
        "layer": "ot_digs",
        "dig": "Aharoni Arad Excavations",
        "years": "1962–1967 (main Iron Age fortress seasons under Aharoni)",
        "region": "Israel/Judah",
        "location": "Israel / eastern Negev / Tel Arad",
        "mgrs": "36RYV02396265",
        "verses": "Numbers 21:1–3; Joshua 12:14; Judean fortress context for Kings/Chronicles border forts",
        "found": "Judean fortress with Yahwistic temple (holy of holies with standing stones); Arad Ostraca (military/supply letters mentioning House of YHWH); Early Bronze Canaanite city.",
        "support": "STRONG epigraphy: ostraca show Yahwistic religion and literacy in a Negev fortress. Temple’s dismantling often linked to cult centralization reforms (Hezekiah/Josiah)—plausible but not proven by a dated inscription saying so.",
        "sources": "Y. Aharoni, Arad Inscriptions; Herzog et al. Tel Arad reports; https://www.parks.org.il/",
        "notes": "Temple dating and reform link debated.",
        "campaigns": 1,
        "confidence": "confirmed",
        "biblical_name": "Arad",
        "strongs_id": "H6166",
        "strongs_lang": "H",
        "strongs_url": "https://www.blueletterbible.org/lexicon/h6166/kjv/wlc/0-1/",
        "strongs_lemma": "עֲרָד",
        "strongs_gloss": "fugitive; Negev city",
        "creation_ministry": {
          "blurb": "No site-specific Answers in Genesis, Creation Museum, or Ark Encounter page was verified for this dig in the 2026-09-30 survey. Do not invent AiG claims—label any future hit clearly as ministry interpretation, not dig consensus.",
          "aig": [],
          "creation_museum": [],
          "ark_encounter": [],
          "coverage": "none_found",
          "researched_at": "2026-09-30"
        },
        "creation_ministry_blurb": "No site-specific Answers in Genesis, Creation Museum, or Ark Encounter page was verified for this dig in the 2026-09-30 survey. Do not invent AiG claims—label any future hit clearly as ministry interpretation, not dig consensus.",
        "creation_ministry_coverage": "none_found",
        "creation_ministry_aig": [],
        "creation_ministry_museum": [],
        "creation_ministry_ark": [],
        "dig_halt": {
          "status": "no_halt_recorded",
          "date": null,
          "halted_by": null,
          "summary": "No dig halt is recorded for this site in the sources checked. High-profile halt searches prioritized Temple Mount restrictions, City of David/Silwan court orders, West Bank permit issues, Turkish foreign-mission suspensions, Jordan TeH, COVID project statements, and conflict interruptions (Syria/Iraq); this site did not yield a verified org/government stop-work or permit-revocation event.",
          "sources": []
        },
        "site_authority": {
          "name": "Israel Nature and Parks Authority (INPA) + Israel Antiquities Authority",
          "type": "mixed",
          "role": "INPA manages national-park visitor operations; IAA oversees antiquities and excavations within parks.",
          "contact_name": null,
          "contact_title": "INPA information / reservations",
          "contact_email": "moked@npa.org.il",
          "contact_phone": "*3639",
          "contact_url": "https://en.parks.org.il/",
          "notes": "Tel Arad National Park — INPA + IAA dual authority.",
          "official_website": "https://en.parks.org.il/reserve-park/tel-arad-national-park/"
        },
        "dig_status": "open",
        "eras": [
          "Bronze Age",
          "Iron Age"
        ],
        "official_website": "https://en.parks.org.il/reserve-park/tel-arad-national-park/",
        "official_website_label": "INPA — Tel Arad National Park",
        "official_video_embed": "https://www.youtube.com/embed/4rrQpP6OIhs",
        "official_video_source": "https://en.parks.org.il/reserve-park/tel-arad-national-park/",
        "official_video_provider": "youtube",
        "status_kind": "dig"
      }
    },
    {
      "type": "Feature",
      "geometry": {
        "type": "Point",
        "coordinates": [
          35.35386542890848,
          31.315586039269284
        ]
      },
      "properties": {
        "id": "MAS-01",
        "name": "Masada",
        "layer": "ot_digs",
        "dig": "Yadin Masada Expedition",
        "years": "1963–1965",
        "region": "Israel/Judah",
        "location": "Israel / Judean Desert / SW Dead Sea",
        "mgrs": "36RYV24006697",
        "verses": "1 Samuel 22:4–5; 1 Samuel 23:14 (desert strongholds motif); Hebrew Bible scrolls among refuge texts",
        "found": "Herodian palaces; casemate wall; synagogue; scroll fragments (incl. biblical books); Roman siege camps and ramp; rebel-period dwellings.",
        "support": "Primarily Second Temple / Josephus horizon, but biblical scroll fragments extend Dead Sea textual evidence. Desert fortress motif echoes David-in-wilderness geography as background, not direct ID.",
        "sources": "Y. Yadin, Masada; https://www.parks.org.il/; Israel Exploration Society Masada reports",
        "notes": "Included for Judean Desert textual + fortress context tied to Hebrew Bible manuscripts.",
        "campaigns": 1,
        "confidence": "confirmed",
        "biblical_name": null,
        "strongs_id": null,
        "strongs_lang": null,
        "strongs_url": null,
        "strongs_lemma": null,
        "strongs_gloss": null,
        "strongs_null_reason": "Josephus-era fortress name; not an OT place-name lemma",
        "creation_ministry": {
          "blurb": "AiG travel blog notes Masada alongside Dead Sea Scrolls itinerary points. Not a site-specific excavation analysis; CM/Ark Masada exhibit pages not found.",
          "aig": [
            {
              "title": "Masada, Ein Gedi, Dead Sea Scrolls, and Abraham’s Tent",
              "url": "https://answersingenesis.org/blogs/international-outreach/2010/10/22/masada-ein-gedi-dead-sea-scrolls-and-abrahams-tent/",
              "summary": "AiG travel/outreach blog mentioning Masada and Dead Sea Scrolls/Qumran context.",
              "kind": "article"
            }
          ],
          "creation_museum": [],
          "ark_encounter": [],
          "coverage": "theme_only",
          "researched_at": "2026-09-30"
        },
        "creation_ministry_blurb": "AiG travel blog notes Masada alongside Dead Sea Scrolls itinerary points. Not a site-specific excavation analysis; CM/Ark Masada exhibit pages not found.",
        "creation_ministry_coverage": "theme_only",
        "creation_ministry_aig": [
          {
            "title": "Masada, Ein Gedi, Dead Sea Scrolls, and Abraham’s Tent",
            "url": "https://answersingenesis.org/blogs/international-outreach/2010/10/22/masada-ein-gedi-dead-sea-scrolls-and-abrahams-tent/",
            "summary": "AiG travel/outreach blog mentioning Masada and Dead Sea Scrolls/Qumran context.",
            "kind": "article"
          }
        ],
        "creation_ministry_museum": [],
        "creation_ministry_ark": [],
        "dig_halt": {
          "status": "no_halt_recorded",
          "date": null,
          "halted_by": null,
          "summary": "No dig halt is recorded for this site in the sources checked. High-profile halt searches prioritized Temple Mount restrictions, City of David/Silwan court orders, West Bank permit issues, Turkish foreign-mission suspensions, Jordan TeH, COVID project statements, and conflict interruptions (Syria/Iraq); this site did not yield a verified org/government stop-work or permit-revocation event.",
          "sources": []
        },
        "site_authority": {
          "name": "Israel Nature and Parks Authority (Masada National Park) + IAA",
          "type": "mixed",
          "role": "INPA operates Masada National Park; IAA oversees antiquities.",
          "contact_name": null,
          "contact_title": "INPA information / reservations",
          "contact_email": "moked@npa.org.il",
          "contact_phone": "*3639",
          "contact_url": "https://en.parks.org.il/",
          "notes": "Primary visitor authority is INPA; archaeological work under IAA.",
          "official_website": "https://en.parks.org.il/reserve-park/masada-national-park/"
        },
        "dig_status": "open",
        "eras": [
          "Roman / Byzantine",
          "New Testament era"
        ],
        "official_website": "https://en.parks.org.il/reserve-park/masada-national-park/",
        "official_website_label": "INPA — Masada National Park",
        "official_video_embed": "https://www.youtube.com/embed/R1i3X9QuyN4",
        "official_video_source": "https://en.parks.org.il/reserve-park/masada-national-park/",
        "official_video_provider": "youtube",
        "status_kind": "dig"
      }
    },
    {
      "type": "Feature",
      "geometry": {
        "type": "Point",
        "coordinates": [
          34.54602590715149,
          31.669396202660593
        ]
      },
      "properties": {
        "id": "ASH-01",
        "name": "Ashkelon",
        "layer": "ot_digs",
        "dig": "Leon Levy Expedition to Ashkelon",
        "years": "1985–2016",
        "region": "Israel/Judah",
        "location": "Israel / southern coastal plain / Ashkelon",
        "mgrs": "36RXA46560483",
        "verses": "Judges 14:19; 1 Samuel 6:17; Jeremiah 25:20; Zephaniah 2:4; Amos 1:8",
        "found": "Philistine city layers; dog cemetery; ramparts; Canaanite gate; marketplace; inscriptions; evidence of 604 BCE Babylonian destruction.",
        "support": "Confirms Ashkelon as major Philistine pentapolis city named throughout OT prophetic oracles. Destruction horizon aligns with Neo-Babylonian campaigns in Jeremiah’s era—strong historical backdrop.",
        "sources": "https://www.fas.harvard.edu/~semitic/ashkelon/; Stager et al., Ashkelon final report series",
        "notes": "Philistine material culture key for Judges/Samuel context.",
        "campaigns": 1,
        "confidence": "confirmed",
        "biblical_name": "Ashkelon",
        "strongs_id": "H831",
        "strongs_lang": "H",
        "strongs_url": "https://www.blueletterbible.org/lexicon/h831/kjv/wlc/0-1/",
        "strongs_lemma": "אַשְׁקְלוֹן",
        "strongs_gloss": "migration; Philistine pentapolis city",
        "creation_ministry": {
          "blurb": "No site-specific Answers in Genesis, Creation Museum, or Ark Encounter page was verified for this dig in the 2026-09-30 survey. Do not invent AiG claims—label any future hit clearly as ministry interpretation, not dig consensus.",
          "aig": [],
          "creation_museum": [],
          "ark_encounter": [],
          "coverage": "none_found",
          "researched_at": "2026-09-30"
        },
        "creation_ministry_blurb": "No site-specific Answers in Genesis, Creation Museum, or Ark Encounter page was verified for this dig in the 2026-09-30 survey. Do not invent AiG claims—label any future hit clearly as ministry interpretation, not dig consensus.",
        "creation_ministry_coverage": "none_found",
        "creation_ministry_aig": [],
        "creation_ministry_museum": [],
        "creation_ministry_ark": [],
        "dig_halt": {
          "status": "no_halt_recorded",
          "date": null,
          "halted_by": null,
          "summary": "No dig halt is recorded for this site in the sources checked. High-profile halt searches prioritized Temple Mount restrictions, City of David/Silwan court orders, West Bank permit issues, Turkish foreign-mission suspensions, Jordan TeH, COVID project statements, and conflict interruptions (Syria/Iraq); this site did not yield a verified org/government stop-work or permit-revocation event.",
          "sources": []
        },
        "site_authority": {
          "name": "IAA + Leon Levy Expedition to Ashkelon (historical) / Ashkelon National Park (INPA)",
          "type": "mixed",
          "role": "National park and IAA; major past excavation by Leon Levy Expedition.",
          "contact_name": null,
          "contact_title": "General inquiries (Mokedia)",
          "contact_email": "mokediaa@israntique.org.il",
          "contact_phone": "073-3507350",
          "contact_url": "https://www.iaa.org.il/en/page/contact-us",
          "notes": "Current day-to-day: INPA park + IAA. Active dig email not re-verified this pass.",
          "official_website": "https://en.parks.org.il/reserve-park/ashkelon-national-park/"
        },
        "dig_status": "open",
        "eras": [
          "Bronze Age",
          "Iron Age"
        ],
        "official_website": "https://en.parks.org.il/reserve-park/ashkelon-national-park/",
        "official_website_label": "INPA — Ashkelon National Park",
        "status_kind": "dig"
      }
    },
    {
      "type": "Feature",
      "geometry": {
        "type": "Point",
        "coordinates": [
          34.85026679253619,
          31.77854838624067
        ]
      },
      "properties": {
        "id": "EKR-01",
        "name": "Tel Miqne-Ekron",
        "layer": "ot_digs",
        "dig": "Tel Miqne-Ekron Excavation Project",
        "years": "1981–1996",
        "region": "Israel/Judah",
        "location": "Israel / Shephelah / near Kibbutz Revadim",
        "mgrs": "36RXA75201738",
        "verses": "Joshua 13:3; 1 Samuel 5:10; 1 Samuel 17:52; Jeremiah 25:20; Amos 1:8",
        "found": "Philistine city; huge olive-oil industrial zone; Ekron Royal Dedicatory Inscription naming Ikausu (Achish) son of Padi, rulers of Ekron, and sanctuary of ptgyh.",
        "support": "STRONG: inscription names Ekron and a ruler Achish—same throne name as Philistine king of Gath in 1 Samuel. Confirms Ekron as major Philistine center.",
        "sources": "S. Gitin, T. Dothan, J. Naveh, IEJ 47 (1997) Ekron inscription; https://www.aiar.org/; Tel Miqne reports",
        "notes": "Inscription in Israel Museum.",
        "campaigns": 1,
        "confidence": "confirmed",
        "biblical_name": "Ekron",
        "strongs_id": "H6138",
        "strongs_lang": "H",
        "strongs_url": "https://www.blueletterbible.org/lexicon/h6138/kjv/wlc/0-1/",
        "strongs_lemma": "עֶקְרוֹן",
        "strongs_gloss": "emigration / torn up; Philistine city",
        "creation_ministry": {
          "blurb": "No site-specific Answers in Genesis, Creation Museum, or Ark Encounter page was verified for this dig in the 2026-09-30 survey. Do not invent AiG claims—label any future hit clearly as ministry interpretation, not dig consensus.",
          "aig": [],
          "creation_museum": [],
          "ark_encounter": [],
          "coverage": "none_found",
          "researched_at": "2026-09-30"
        },
        "creation_ministry_blurb": "No site-specific Answers in Genesis, Creation Museum, or Ark Encounter page was verified for this dig in the 2026-09-30 survey. Do not invent AiG claims—label any future hit clearly as ministry interpretation, not dig consensus.",
        "creation_ministry_coverage": "none_found",
        "creation_ministry_aig": [],
        "creation_ministry_museum": [],
        "creation_ministry_ark": [],
        "dig_halt": {
          "status": "no_halt_recorded",
          "date": null,
          "halted_by": null,
          "summary": "No dig halt is recorded for this site in the sources checked. High-profile halt searches prioritized Temple Mount restrictions, City of David/Silwan court orders, West Bank permit issues, Turkish foreign-mission suspensions, Jordan TeH, COVID project statements, and conflict interruptions (Syria/Iraq); this site did not yield a verified org/government stop-work or permit-revocation event.",
          "sources": []
        },
        "site_authority": {
          "name": "Israel Antiquities Authority (IAA)",
          "type": "national_antiquities",
          "role": "Licenses excavations and oversees antiquities across Israel; regional offices handle site permits and finds.",
          "contact_name": null,
          "contact_title": "General inquiries (Mokedia)",
          "contact_email": "mokediaa@israntique.org.il",
          "contact_phone": "073-3507350",
          "contact_url": "https://www.iaa.org.il/en/page/contact-us",
          "notes": "Tel Miqne-Ekron — IAA; Albright Institute / Hebrew University historical missions.",
          "official_website": "https://www.iaa.org.il/en"
        },
        "dig_status": "open",
        "eras": [
          "Iron Age"
        ],
        "official_website": "https://www.iaa.org.il/en",
        "official_website_label": "Israel Antiquities Authority",
        "status_kind": "dig"
      }
    },
    {
      "type": "Feature",
      "geometry": {
        "type": "Point",
        "coordinates": [
          34.95718930686875,
          31.696312399387423
        ]
      },
      "properties": {
        "id": "QEI-01",
        "name": "Khirbet Qeiyafa",
        "layer": "ot_digs",
        "dig": "Khirbet Qeiyafa Archaeological Project",
        "years": "2007–2013",
        "region": "Israel/Judah",
        "location": "Israel / Shephelah / Elah Valley / near Beit Shemesh",
        "mgrs": "36RXA85490844",
        "verses": "1 Samuel 17:1–3; 1 Samuel 17:52; Joshua 15:36 (possible Shaaraim)",
        "found": "Early Iron Age fortified city; two gates (linked by some to Shaaraim 'two gates'); Qeiyafa Ostracon (early Hebrew/Canaanite text); cult rooms without pig bones.",
        "support": "Supports existence of a fortified Judahite (or related) center in Elah Valley in early 10th c. BCE—relevant to United Monarchy debate. Ostracon literacy claim is important but language/reading disputed. Shaaraim ID plausible not certain.",
        "sources": "Garfinkel & Ganor, Khirbet Qeiyafa Vol. 1; https://qeiyafa.huji.ac.il/; BAS articles",
        "notes": "Central to high vs low chronology arguments.",
        "campaigns": 1,
        "confidence": "confirmed",
        "biblical_name": "Shaaraim (possible)",
        "strongs_id": "H8189",
        "strongs_lang": "H",
        "strongs_url": "https://www.blueletterbible.org/lexicon/h8189/kjv/wlc/0-1/",
        "strongs_lemma": "שַׁעֲרַיִם",
        "strongs_gloss": "two gates — proposed ID, not certain",
        "creation_ministry": {
          "blurb": "AiG’s Kingdom of Judah overview cites Khirbet Qeiyafa among early Judean fortification evidence used against minimalist David/Solomon skepticism. Ministry reading of Garfinkel-related work—not dig consensus packaging.",
          "aig": [
            {
              "title": "Archaeological Evidence for the Kingdom of Judah",
              "url": "https://answersingenesis.org/archaeology/archaeological-evidence-kingdom-judah/",
              "summary": "AiG summary of Garfinkel-related work including Lachish Level 5 fortifications and Khirbet Qeiyafa as early Judean evidence—interpreted within a biblical-kingdom framework.",
              "kind": "article"
            },
            {
              "title": "False History—“Out with David and Solomon!”",
              "url": "https://answersingenesis.org/archaeology/false-history-out-with-david-and-solomon/",
              "summary": "AiG critique of minimalist dismissal of United Monarchy; discusses Solomonic building claims.",
              "kind": "article"
            }
          ],
          "creation_museum": [],
          "ark_encounter": [],
          "coverage": "site_specific",
          "researched_at": "2026-09-30"
        },
        "creation_ministry_blurb": "AiG’s Kingdom of Judah overview cites Khirbet Qeiyafa among early Judean fortification evidence used against minimalist David/Solomon skepticism. Ministry reading of Garfinkel-related work—not dig consensus packaging.",
        "creation_ministry_coverage": "site_specific",
        "creation_ministry_aig": [
          {
            "title": "Archaeological Evidence for the Kingdom of Judah",
            "url": "https://answersingenesis.org/archaeology/archaeological-evidence-kingdom-judah/",
            "summary": "AiG summary of Garfinkel-related work including Lachish Level 5 fortifications and Khirbet Qeiyafa as early Judean evidence—interpreted within a biblical-kingdom framework.",
            "kind": "article"
          },
          {
            "title": "False History—“Out with David and Solomon!”",
            "url": "https://answersingenesis.org/archaeology/false-history-out-with-david-and-solomon/",
            "summary": "AiG critique of minimalist dismissal of United Monarchy; discusses Solomonic building claims.",
            "kind": "article"
          }
        ],
        "creation_ministry_museum": [],
        "creation_ministry_ark": [],
        "dig_halt": {
          "status": "no_halt_recorded",
          "date": null,
          "halted_by": null,
          "summary": "No dig halt is recorded for this site in the sources checked. High-profile halt searches prioritized Temple Mount restrictions, City of David/Silwan court orders, West Bank permit issues, Turkish foreign-mission suspensions, Jordan TeH, COVID project statements, and conflict interruptions (Syria/Iraq); this site did not yield a verified org/government stop-work or permit-revocation event.",
          "sources": []
        },
        "site_authority": {
          "name": "Israel Antiquities Authority (IAA)",
          "type": "national_antiquities",
          "role": "Licenses excavations and oversees antiquities across Israel; regional offices handle site permits and finds.",
          "contact_name": null,
          "contact_title": "General inquiries (Mokedia)",
          "contact_email": "mokediaa@israntique.org.il",
          "contact_phone": "073-3507350",
          "contact_url": "https://www.iaa.org.il/en/page/contact-us",
          "notes": "Khirbet Qeiyafa — IAA; Garfinkel/Hebrew University historically.",
          "official_website": "https://www.iaa.org.il/en"
        },
        "dig_status": "open",
        "eras": [
          "Iron Age"
        ],
        "official_website": "https://www.iaa.org.il/en",
        "official_website_label": "Israel Antiquities Authority",
        "status_kind": "dig"
      }
    },
    {
      "type": "Feature",
      "geometry": {
        "type": "Point",
        "coordinates": [
          35.498500001962285,
          32.45716565143376
        ]
      },
      "properties": {
        "id": "REH-01",
        "name": "Tel Rehov",
        "layer": "ot_digs",
        "dig": "Hebrew University Tel Rehov Excavations",
        "years": "1997–2012",
        "region": "Israel/Judah",
        "location": "Israel / Beth Shean Valley",
        "mgrs": "36SYA34859386",
        "verses": "1 Kings 4:12 (nearby district towns); 1 Kings 19 (regional Omride landscape)",
        "found": "Large Iron II city; apiary (beehives); unique altars; inscriptions including a name possibly related to Nimshi (Jehu’s family); dense radiocarbon sequence.",
        "support": "Radiocarbon anchors Iron II dating debates affecting Omride/United Monarchy chronology. Apiary and urban scale show prosperous northern valley cities in biblical monarchic era—background illumination.",
        "sources": "A. Mazar, Tel Rehov reports in IEJ; https://www.rehov.org/; Qedem volumes",
        "notes": "Key radiocarbon site for 10th–9th c. debates.",
        "campaigns": 1,
        "confidence": "confirmed",
        "biblical_name": null,
        "strongs_id": null,
        "strongs_lang": null,
        "strongs_url": null,
        "strongs_lemma": null,
        "strongs_gloss": null,
        "strongs_null_reason": "Modern tell name; not a clear single OT place lemma for this mound",
        "creation_ministry": {
          "blurb": "No site-specific Answers in Genesis, Creation Museum, or Ark Encounter page was verified for this dig in the 2026-09-30 survey. Do not invent AiG claims—label any future hit clearly as ministry interpretation, not dig consensus.",
          "aig": [],
          "creation_museum": [],
          "ark_encounter": [],
          "coverage": "none_found",
          "researched_at": "2026-09-30"
        },
        "creation_ministry_blurb": "No site-specific Answers in Genesis, Creation Museum, or Ark Encounter page was verified for this dig in the 2026-09-30 survey. Do not invent AiG claims—label any future hit clearly as ministry interpretation, not dig consensus.",
        "creation_ministry_coverage": "none_found",
        "creation_ministry_aig": [],
        "creation_ministry_museum": [],
        "creation_ministry_ark": [],
        "dig_halt": {
          "status": "no_halt_recorded",
          "date": null,
          "halted_by": null,
          "summary": "No dig halt is recorded for this site in the sources checked. High-profile halt searches prioritized Temple Mount restrictions, City of David/Silwan court orders, West Bank permit issues, Turkish foreign-mission suspensions, Jordan TeH, COVID project statements, and conflict interruptions (Syria/Iraq); this site did not yield a verified org/government stop-work or permit-revocation event.",
          "sources": []
        },
        "site_authority": {
          "name": "Israel Antiquities Authority (IAA)",
          "type": "national_antiquities",
          "role": "Licenses excavations and oversees antiquities across Israel; regional offices handle site permits and finds.",
          "contact_name": null,
          "contact_title": "General inquiries (Mokedia)",
          "contact_email": "mokediaa@israntique.org.il",
          "contact_phone": "073-3507350",
          "contact_url": "https://www.iaa.org.il/en/page/contact-us",
          "notes": "Tel Rehov — IAA; Hebrew University (Amihai Mazar) historically.",
          "official_website": "https://www.iaa.org.il/en"
        },
        "dig_status": "open",
        "eras": [
          "Iron Age"
        ],
        "official_website": "https://www.iaa.org.il/en",
        "official_website_label": "Israel Antiquities Authority",
        "status_kind": "dig"
      }
    },
    {
      "type": "Feature",
      "geometry": {
        "type": "Point",
        "coordinates": [
          35.28960322717362,
          32.055585709483594
        ]
      },
      "properties": {
        "id": "SHI-01",
        "name": "Shiloh (Khirbet Seilun)",
        "layer": "ot_digs",
        "dig": "Danish / Finkelstein / ABR Shiloh Excavations",
        "years": "1920s–1930s Danish; 1981–1984; ABR 2017–present",
        "region": "Israel/Judah",
        "location": "West Bank / Samaria hills / near Shilo",
        "mgrs": "36SYA16164889",
        "verses": "Joshua 18:1; 1 Samuel 1–4; Jeremiah 7:12–14; Psalm 78:60",
        "found": "Iron I cultic/storage remains; bone deposits; fortification; later periods; ABR claims of tabernacle-related finds debated in wider academy.",
        "support": "Confirms significant Iron I activity at biblical Shiloh locus—fits sanctuary tradition of Samuel. Exact tabernacle architecture not archaeologically proven; destruction horizons discussed vs Jeremiah’s memory of Shiloh.",
        "sources": "I. Finkelstein et al., Shiloh reports; https://biblearchaeology.org/; Danish Shiloh publications",
        "notes": "Identify claims carefully; ABR interpretations not all consensus.",
        "campaigns": 1,
        "confidence": "confirmed",
        "biblical_name": "Shiloh",
        "strongs_id": "H7887",
        "strongs_lang": "H",
        "strongs_url": "https://www.blueletterbible.org/lexicon/h7887/kjv/wlc/0-1/",
        "strongs_lemma": "שִׁילֹה",
        "strongs_gloss": "tranquil; early sanctuary town",
        "creation_ministry": {
          "blurb": "AiG’s “In the Shadow of Shiloh” discusses excavations (occupation, sacrificial remains, destruction context) in a biblical-tabernacle framework. Ministry site coverage; no CM/Ark Shiloh exhibit page verified.",
          "aig": [
            {
              "title": "In the Shadow of Shiloh",
              "url": "https://answersingenesis.org/archaeology/the-shadow-of-shiloh/",
              "summary": "AiG on Shiloh excavations: Iron Age occupation, sacrificial remains, possible tabernacle-period destruction context.",
              "kind": "article"
            },
            {
              "title": "Joshua’s Altar and the Mount Ebal Curse Tablet",
              "url": "https://answersingenesis.org/archaeology/joshuas-altar-and-mount-ebal-curse-tablet/",
              "summary": "AiG summarizes Zertal altar + Stripling lead curse tablet as conquest-supporting; notes dating debate.",
              "kind": "article"
            }
          ],
          "creation_museum": [],
          "ark_encounter": [],
          "coverage": "site_specific",
          "researched_at": "2026-09-30"
        },
        "creation_ministry_blurb": "AiG’s “In the Shadow of Shiloh” discusses excavations (occupation, sacrificial remains, destruction context) in a biblical-tabernacle framework. Ministry site coverage; no CM/Ark Shiloh exhibit page verified.",
        "creation_ministry_coverage": "site_specific",
        "creation_ministry_aig": [
          {
            "title": "In the Shadow of Shiloh",
            "url": "https://answersingenesis.org/archaeology/the-shadow-of-shiloh/",
            "summary": "AiG on Shiloh excavations: Iron Age occupation, sacrificial remains, possible tabernacle-period destruction context.",
            "kind": "article"
          },
          {
            "title": "Joshua’s Altar and the Mount Ebal Curse Tablet",
            "url": "https://answersingenesis.org/archaeology/joshuas-altar-and-mount-ebal-curse-tablet/",
            "summary": "AiG summarizes Zertal altar + Stripling lead curse tablet as conquest-supporting; notes dating debate.",
            "kind": "article"
          }
        ],
        "creation_ministry_museum": [],
        "creation_ministry_ark": [],
        "dig_halt": {
          "status": "no_halt_recorded",
          "date": null,
          "halted_by": null,
          "summary": "No dig halt is recorded for this site in the sources checked. High-profile halt searches prioritized Temple Mount restrictions, City of David/Silwan court orders, West Bank permit issues, Turkish foreign-mission suspensions, Jordan TeH, COVID project statements, and conflict interruptions (Syria/Iraq); this site did not yield a verified org/government stop-work or permit-revocation event.",
          "sources": []
        },
        "site_authority": {
          "name": "IAA + Associates for Biblical Research / Shiloh excavations context",
          "type": "mixed",
          "role": "Licenses excavations and oversees antiquities across Israel; regional offices handle site permits and finds.",
          "contact_name": null,
          "contact_title": "General inquiries (Mokedia)",
          "contact_email": "mokediaa@israntique.org.il",
          "contact_phone": "073-3507350",
          "contact_url": "https://www.iaa.org.il/en/page/contact-us",
          "notes": "West Bank / Samaria highland — jurisdiction sensitivity. IAA national contact used as published default.",
          "official_website": "https://digshiloh.org/"
        },
        "dig_status": "open",
        "eras": [
          "Iron Age",
          "Bronze Age"
        ],
        "official_website": "https://digshiloh.org/",
        "official_website_label": "Associates for Biblical Research — Shiloh Excavation",
        "status_kind": "dig"
      }
    },
    {
      "type": "Feature",
      "geometry": {
        "type": "Point",
        "coordinates": [
          35.26109392392527,
          31.916668187083104
        ]
      },
      "properties": {
        "id": "AI-01",
        "name": "Ai (et-Tell)",
        "layer": "ot_digs",
        "dig": "et-Tell Excavations (Marquet-Krause / Callaway)",
        "years": "1933–1935; Callaway 1964–1976",
        "region": "Israel/Judah",
        "location": "West Bank / near Deir Dibwan / NE of Jerusalem",
        "mgrs": "36RYA13793343",
        "verses": "Joshua 7–8; Genesis 12:8",
        "found": "Major Early Bronze city; little/no Late Bronze occupation at et-Tell—problem for a simple Joshua conquest ID at this mound.",
        "support": "CAREFUL problem site: if et-Tell = Ai, archaeology does not show a LB city for Joshua 7–8 to conquer. Alternatives (Khirbet el-Maqatir, etc.) proposed. Honest: classic tension between text and this identification.",
        "sources": "Callaway, BASOR reports; https://www.biblicalarchaeology.org/daily/biblical-sites-places/biblical-archaeology-sites/ai/; Expedition Bible note lK7GQxkEkKk (Problem of Ai); https://www.youtube.com/watch?v=lK7GQxkEkKk; Callaway BASOR Ai reports; https://www.biblicalarchaeology.org/daily/biblical-sites-places/biblical-archaeology-places/the-great-bethsaida-debate/; Arav & Freund Bethsaida vols; Notley & Aviam reports",
        "notes": "One of the hardest conquest-geography problems.",
        "campaigns": 1,
        "confidence": "confirmed",
        "biblical_name": "Ai",
        "strongs_id": "H5857",
        "strongs_lang": "H",
        "strongs_url": "https://www.blueletterbible.org/lexicon/h5857/kjv/wlc/0-1/",
        "strongs_lemma": "עַי",
        "strongs_gloss": "heap of ruins; city near Bethel",
        "creation_ministry": {
          "blurb": "AiG’s “Getting Archaeology Right at Ai” and Ken Ham’s Ai blog promote ABR’s Khirbet el-Maqatir identification over et-Tell for Joshua’s Ai. Creation-ministry / ABR apologetic—not mainstream dig consensus on et-Tell.",
          "aig": [
            {
              "title": "Getting Archaeology Right at Ai",
              "url": "https://answersingenesis.org/archaeology/getting-archaeology-right-at-ai/",
              "summary": "AiG presents ABR/Bryant Wood case that Khirbet el-Maqatir (not et-Tell) fits Joshua's Ai: gate, fortifications, LB pottery, and fiery destruction.",
              "kind": "article"
            },
            {
              "title": "Archaeology and Ai",
              "url": "https://answersingenesis.org/blogs/ken-ham/2013/02/08/archaeology-and-ai/",
              "summary": "Ken Ham blog endorsing ABR excavations claiming Khirbet el-Maqatir as biblical Ai.",
              "kind": "article"
            },
            {
              "title": "Archaeology's Lost Conquest",
              "url": "https://answersingenesis.org/archaeology/archaeologys-lost-conquest/",
              "summary": "AiG survey of early-date conquest: Jericho, Ai, and Hazor destructions framed as consistent with Joshua; Hazor 15th-c. burn attributed to Joshua and later to Deborah/Barak.",
              "kind": "article"
            }
          ],
          "creation_museum": [],
          "ark_encounter": [],
          "coverage": "site_specific",
          "researched_at": "2026-09-30"
        },
        "creation_ministry_blurb": "AiG’s “Getting Archaeology Right at Ai” and Ken Ham’s Ai blog promote ABR’s Khirbet el-Maqatir identification over et-Tell for Joshua’s Ai. Creation-ministry / ABR apologetic—not mainstream dig consensus on et-Tell.",
        "creation_ministry_coverage": "site_specific",
        "creation_ministry_aig": [
          {
            "title": "Getting Archaeology Right at Ai",
            "url": "https://answersingenesis.org/archaeology/getting-archaeology-right-at-ai/",
            "summary": "AiG presents ABR/Bryant Wood case that Khirbet el-Maqatir (not et-Tell) fits Joshua's Ai: gate, fortifications, LB pottery, and fiery destruction.",
            "kind": "article"
          },
          {
            "title": "Archaeology and Ai",
            "url": "https://answersingenesis.org/blogs/ken-ham/2013/02/08/archaeology-and-ai/",
            "summary": "Ken Ham blog endorsing ABR excavations claiming Khirbet el-Maqatir as biblical Ai.",
            "kind": "article"
          },
          {
            "title": "Archaeology's Lost Conquest",
            "url": "https://answersingenesis.org/archaeology/archaeologys-lost-conquest/",
            "summary": "AiG survey of early-date conquest: Jericho, Ai, and Hazor destructions framed as consistent with Joshua; Hazor 15th-c. burn attributed to Joshua and later to Deborah/Barak.",
            "kind": "article"
          }
        ],
        "creation_ministry_museum": [],
        "creation_ministry_ark": [],
        "dig_halt": {
          "status": "no_halt_recorded",
          "date": null,
          "halted_by": null,
          "summary": "No dig halt is recorded for this site in the sources checked. High-profile halt searches prioritized Temple Mount restrictions, City of David/Silwan court orders, West Bank permit issues, Turkish foreign-mission suspensions, Jordan TeH, COVID project statements, and conflict interruptions (Syria/Iraq); this site did not yield a verified org/government stop-work or permit-revocation event.",
          "sources": []
        },
        "site_authority": {
          "name": "et-Tell (Ai candidate) — complex West Bank jurisdiction",
          "type": "mixed",
          "role": "Palestinian Authority antiquities administration for sites under PA administration.",
          "contact_name": null,
          "contact_title": null,
          "contact_email": null,
          "contact_phone": null,
          "contact_url": "https://www.travelpalestine.ps/",
          "notes": "West Bank highland site. Contested identification with biblical Ai.",
          "official_website": "https://www.travelpalestine.ps/"
        },
        "dig_status": "open",
        "eras": [
          "Bronze Age"
        ],
        "official_website": "https://www.travelpalestine.ps/",
        "official_website_label": "et-Tell (Ai candidate) — complex West Bank jurisdiction",
        "status_kind": "dig"
      }
    },
    {
      "type": "Feature",
      "geometry": {
        "type": "Point",
        "coordinates": [
          34.911865700785086,
          31.785575759582606
        ]
      },
      "properties": {
        "id": "TIM-01",
        "name": "Timnah (Tel Batash)",
        "layer": "ot_digs",
        "dig": "Timnah Excavations",
        "years": "1977–1989",
        "region": "Israel/Judah",
        "location": "Israel / Sorek Valley / near Kibbutz Tal Shahar",
        "mgrs": "36RXA81021826",
        "verses": "Judges 14:1–5; Joshua 15:10; Joshua 19:43",
        "found": "Philistine and Judean levels; fortifications; domestic architecture; Sorek Valley border-town sequence.",
        "support": "Fits Samson narratives’ geography (Timnah of Philistines in Judges 14) as a real border town between Judah and Philistia—setting support, not proof of Samson as individual.",
        "sources": "A. Mazar & G. Kelm, Timnah reports; Qedem; https://www.journals.uchicago.edu/doi/10.2307/1356672 (Kelm & Mazar, BASOR 248, 1982); Qedem 37/42/45 Timnah final reports https://archaeology.huji.ac.il/qedem",
        "notes": "Site ID with biblical Timnah widely accepted.",
        "campaigns": 1,
        "confidence": "confirmed",
        "biblical_name": "Timnah",
        "strongs_id": "H8553",
        "strongs_lang": "H",
        "strongs_url": "https://www.blueletterbible.org/lexicon/h8553/kjv/wlc/0-1/",
        "strongs_lemma": "תִּמְנָה",
        "strongs_gloss": "portion; Sorek Valley town",
        "creation_ministry": {
          "blurb": "No site-specific Answers in Genesis, Creation Museum, or Ark Encounter page was verified for this dig in the 2026-09-30 survey. Do not invent AiG claims—label any future hit clearly as ministry interpretation, not dig consensus.",
          "aig": [],
          "creation_museum": [],
          "ark_encounter": [],
          "coverage": "none_found",
          "researched_at": "2026-09-30"
        },
        "creation_ministry_blurb": "No site-specific Answers in Genesis, Creation Museum, or Ark Encounter page was verified for this dig in the 2026-09-30 survey. Do not invent AiG claims—label any future hit clearly as ministry interpretation, not dig consensus.",
        "creation_ministry_coverage": "none_found",
        "creation_ministry_aig": [],
        "creation_ministry_museum": [],
        "creation_ministry_ark": [],
        "dig_halt": {
          "status": "no_halt_recorded",
          "date": null,
          "halted_by": null,
          "summary": "No dig halt is recorded for this site in the sources checked. High-profile halt searches prioritized Temple Mount restrictions, City of David/Silwan court orders, West Bank permit issues, Turkish foreign-mission suspensions, Jordan TeH, COVID project statements, and conflict interruptions (Syria/Iraq); this site did not yield a verified org/government stop-work or permit-revocation event.",
          "sources": []
        },
        "site_authority": {
          "name": "Israel Antiquities Authority (IAA)",
          "type": "national_antiquities",
          "role": "Licenses excavations and oversees antiquities across Israel; regional offices handle site permits and finds.",
          "contact_name": null,
          "contact_title": "General inquiries (Mokedia)",
          "contact_email": "mokediaa@israntique.org.il",
          "contact_phone": "073-3507350",
          "contact_url": "https://www.iaa.org.il/en/page/contact-us",
          "notes": "Tel Batash/Timnah — IAA.",
          "official_website": "https://www.iaa.org.il/en"
        },
        "dig_status": "open",
        "eras": [
          "Bronze Age",
          "Iron Age"
        ],
        "official_website": "https://www.iaa.org.il/en",
        "official_website_label": "Israel Antiquities Authority",
        "status_kind": "dig"
      }
    },
    {
      "type": "Feature",
      "geometry": {
        "type": "Point",
        "coordinates": [
          35.32773671094447,
          32.558284551996614
        ]
      },
      "properties": {
        "id": "JEZ-01",
        "name": "Tel Jezreel",
        "layer": "ot_digs",
        "dig": "Tel Jezreel Expedition",
        "years": "1990–1996",
        "region": "Israel/Judah",
        "location": "Israel / Jezreel Valley / near Kibbutz Yizre’el",
        "mgrs": "36SYB18550471",
        "verses": "1 Kings 21; 2 Kings 8:29; 2 Kings 9:15–37; 2 Kings 10:11",
        "found": "Omride-period enclosure/fort; later occupation; landscape of Naboth narrative setting.",
        "support": "Supports an Omride royal center at Jezreel matching Kings’ narratives about Ahab/Jezebel/Jehu. Enclosure interpreted as royal military/administrative base—good historical backdrop.",
        "sources": "Ussishkin & Woodhead, Tel Jezreel reports in Tel Aviv journal; https://www.biblicalarchaeology.org/",
        "notes": "Later renewals by different teams in 2010s.",
        "campaigns": 1,
        "confidence": "confirmed",
        "biblical_name": "Jezreel",
        "strongs_id": "H3157",
        "strongs_lang": "H",
        "strongs_url": "https://www.blueletterbible.org/lexicon/h3157/kjv/wlc/0-1/",
        "strongs_lemma": "יִזְרְעֶאל",
        "strongs_gloss": "God sows; Omride royal center",
        "creation_ministry": {
          "blurb": "No site-specific Answers in Genesis, Creation Museum, or Ark Encounter page was verified for this dig in the 2026-09-30 survey. Do not invent AiG claims—label any future hit clearly as ministry interpretation, not dig consensus.",
          "aig": [],
          "creation_museum": [],
          "ark_encounter": [],
          "coverage": "none_found",
          "researched_at": "2026-09-30"
        },
        "creation_ministry_blurb": "No site-specific Answers in Genesis, Creation Museum, or Ark Encounter page was verified for this dig in the 2026-09-30 survey. Do not invent AiG claims—label any future hit clearly as ministry interpretation, not dig consensus.",
        "creation_ministry_coverage": "none_found",
        "creation_ministry_aig": [],
        "creation_ministry_museum": [],
        "creation_ministry_ark": [],
        "dig_halt": {
          "status": "no_halt_recorded",
          "date": null,
          "halted_by": null,
          "summary": "No dig halt is recorded for this site in the sources checked. High-profile halt searches prioritized Temple Mount restrictions, City of David/Silwan court orders, West Bank permit issues, Turkish foreign-mission suspensions, Jordan TeH, COVID project statements, and conflict interruptions (Syria/Iraq); this site did not yield a verified org/government stop-work or permit-revocation event.",
          "sources": []
        },
        "site_authority": {
          "name": "Israel Antiquities Authority (IAA)",
          "type": "national_antiquities",
          "role": "Licenses excavations and oversees antiquities across Israel; regional offices handle site permits and finds.",
          "contact_name": null,
          "contact_title": "General inquiries (Mokedia)",
          "contact_email": "mokediaa@israntique.org.il",
          "contact_phone": "073-3507350",
          "contact_url": "https://www.iaa.org.il/en/page/contact-us",
          "notes": "Tel Jezreel — IAA; Tel Aviv University / British School historically.",
          "official_website": "https://www.iaa.org.il/en"
        },
        "dig_status": "open",
        "eras": [
          "Iron Age"
        ],
        "official_website": "https://www.iaa.org.il/en",
        "official_website_label": "Israel Antiquities Authority",
        "status_kind": "dig"
      }
    },
    {
      "type": "Feature",
      "geometry": {
        "type": "Point",
        "coordinates": [
          34.4266601457034,
          30.191631648468416
        ]
      },
      "properties": {
        "id": "KAJ-01",
        "name": "Kuntillet Ajrud (Horvat Teman)",
        "layer": "ot_digs",
        "dig": "Kuntillet Ajrud Excavations",
        "years": "1975–1976",
        "region": "Israel/Judah",
        "location": "Egypt (NE Sinai) / about 50 km S of Kadesh Barnea area routes",
        "mgrs": "36RXU37344088",
        "verses": "Exodus 34:6 (YHWH formulas); Hosea 8:2; Deuteronomy 6:4 (context of Yahwism)",
        "found": "Pilgrim/way-station complex; plaster and pithos inscriptions mentioning 'YHWH of Samaria and his asherah' and 'YHWH of Teman'; drawings.",
        "support": "STRONG for historical Yahwism outside Jerusalem—and challenging for exclusive monotheism timelines: shows YHWH worship in 8th/early 9th c. with asherah reference. Illuminates Northern Kingdom religion of Kings/Hosea era; does not disprove Bible but complicates simple pictures.",
        "sources": "Z. Meshel, Kuntillet ‘Ajrud (Israel Exploration Society); https://www.biblicalarchaeology.org/daily/biblical-artifacts/inscriptions/the-asherah-of-kuntillet-ajrud/",
        "notes": "Located in Sinai (Egyptian control today); access politics apply.",
        "campaigns": 1,
        "confidence": "confirmed",
        "biblical_name": null,
        "strongs_id": null,
        "strongs_lang": null,
        "strongs_url": null,
        "strongs_lemma": null,
        "strongs_gloss": null,
        "strongs_null_reason": "Modern site name; Teman (H8487) is a region/person, not this way-station lemma",
        "creation_ministry": {
          "blurb": "No site-specific Answers in Genesis, Creation Museum, or Ark Encounter page was verified for this dig in the 2026-09-30 survey. Do not invent AiG claims—label any future hit clearly as ministry interpretation, not dig consensus.",
          "aig": [],
          "creation_museum": [],
          "ark_encounter": [],
          "coverage": "none_found",
          "researched_at": "2026-09-30"
        },
        "creation_ministry_blurb": "No site-specific Answers in Genesis, Creation Museum, or Ark Encounter page was verified for this dig in the 2026-09-30 survey. Do not invent AiG claims—label any future hit clearly as ministry interpretation, not dig consensus.",
        "creation_ministry_coverage": "none_found",
        "creation_ministry_aig": [],
        "creation_ministry_museum": [],
        "creation_ministry_ark": [],
        "dig_halt": {
          "status": "no_halt_recorded",
          "date": null,
          "halted_by": null,
          "summary": "No dig halt is recorded for this site in the sources checked. High-profile halt searches prioritized Temple Mount restrictions, City of David/Silwan court orders, West Bank permit issues, Turkish foreign-mission suspensions, Jordan TeH, COVID project statements, and conflict interruptions (Syria/Iraq); this site did not yield a verified org/government stop-work or permit-revocation event.",
          "sources": []
        },
        "site_authority": {
          "name": "Egypt MoTA (NE Sinai) — Kuntillet Ajrud",
          "type": "national_antiquities",
          "role": "National ministry overseeing museums, monuments, and excavation permits in Egypt.",
          "contact_name": null,
          "contact_title": "Ministry portal inquiries",
          "contact_email": "moa.portal@mota.gov.eg",
          "contact_phone": "19654",
          "contact_url": "https://www.mota.gov.eg/ar/",
          "notes": "Site in Egyptian Sinai; excavated historically under Israeli administration contexts — now Egyptian MoTA jurisdiction. Honesty: complex modern history of control.",
          "official_website": "https://www.mota.gov.eg/ar/"
        },
        "dig_status": "open",
        "eras": [
          "Iron Age"
        ],
        "official_website": "https://www.mota.gov.eg/ar/",
        "official_website_label": "Egypt MoTA (NE Sinai) — Kuntillet Ajrud",
        "status_kind": "dig"
      }
    },
    {
      "type": "Feature",
      "geometry": {
        "type": "Point",
        "coordinates": [
          35.10880487593325,
          31.524326322725724
        ]
      },
      "properties": {
        "id": "HEB-01",
        "name": "Hebron (Tel Rumeida)",
        "layer": "ot_digs",
        "dig": "Tel Rumeida Excavations",
        "years": "1984–1986; later seasons 1990s–2010s",
        "region": "Israel/Judah",
        "location": "West Bank / Hebron / Tel Rumeida",
        "mgrs": "36RYV00238964",
        "verses": "Genesis 23; Genesis 13:18; Numbers 13:22; 2 Samuel 2:1–4; 2 Samuel 5:1–5",
        "found": "Bronze and Iron Age fortification and domestic remains on the ancient mound; Middle Bronze cyclopean walls reported in phases.",
        "support": "Confirms ancient Hebron as a fortified highland city fitting patriarchal traditions’ setting and David’s first capital—background geography. Cave of Machpelah itself is under Herodian monument; not excavated as a dig.",
        "sources": "A. Ofer publications; IAA reports; https://www.biblicalarchaeology.org/",
        "notes": "Access and politics highly sensitive; Machpelah not archaeologically dug.",
        "campaigns": 1,
        "confidence": "confirmed",
        "biblical_name": "Hebron",
        "strongs_id": "H2275",
        "strongs_lang": "H",
        "strongs_url": "https://www.blueletterbible.org/lexicon/h2275/kjv/wlc/0-1/",
        "strongs_lemma": "חֶבְרוֹן",
        "strongs_gloss": "association; highland city",
        "creation_ministry": {
          "blurb": "No site-specific Answers in Genesis, Creation Museum, or Ark Encounter page was verified for this dig in the 2026-09-30 survey. Do not invent AiG claims—label any future hit clearly as ministry interpretation, not dig consensus.",
          "aig": [],
          "creation_museum": [],
          "ark_encounter": [],
          "coverage": "none_found",
          "researched_at": "2026-09-30"
        },
        "creation_ministry_blurb": "No site-specific Answers in Genesis, Creation Museum, or Ark Encounter page was verified for this dig in the 2026-09-30 survey. Do not invent AiG claims—label any future hit clearly as ministry interpretation, not dig consensus.",
        "creation_ministry_coverage": "none_found",
        "creation_ministry_aig": [],
        "creation_ministry_museum": [],
        "creation_ministry_ark": [],
        "dig_halt": {
          "status": "no_halt_recorded",
          "date": null,
          "halted_by": null,
          "summary": "No dig halt is recorded for this site in the sources checked. High-profile halt searches prioritized Temple Mount restrictions, City of David/Silwan court orders, West Bank permit issues, Turkish foreign-mission suspensions, Jordan TeH, COVID project statements, and conflict interruptions (Syria/Iraq); this site did not yield a verified org/government stop-work or permit-revocation event.",
          "sources": []
        },
        "site_authority": {
          "name": "Complex dual jurisdiction — PA / Israeli Civil Administration archaeology (Tel Rumeida)",
          "type": "mixed",
          "role": "Hebron/Tel Rumeida archaeology under contested administrative arrangements.",
          "contact_name": null,
          "contact_title": null,
          "contact_email": null,
          "contact_phone": null,
          "contact_url": "https://www.travelpalestine.ps/",
          "notes": "No clear single published site office email. Dual-authority honesty.",
          "official_website": "https://www.travelpalestine.ps/"
        },
        "dig_status": "open",
        "eras": [
          "Bronze Age",
          "Iron Age"
        ],
        "official_website": "https://www.travelpalestine.ps/",
        "official_website_label": "Complex dual jurisdiction — PA / Israeli Civil Administration archaeology (Tel Rumeida)",
        "status_kind": "dig"
      }
    },
    {
      "type": "Feature",
      "geometry": {
        "type": "Point",
        "coordinates": [
          35.78328074326502,
          31.499970915771264
        ]
      },
      "properties": {
        "id": "DIB-01",
        "name": "Dibon (Dhiban)",
        "layer": "ot_digs",
        "dig": "ASOR Dibon Excavations",
        "years": "1950–1953; later seasons; renewals 2000s",
        "region": "Levant-other",
        "location": "Jordan / Madaba Governorate / Dhiban",
        "mgrs": "36RYV64368837",
        "verses": "Numbers 21:30; Numbers 32:3; Isaiah 15:2; Jeremiah 48:18–22; 2 Kings 3:4–5",
        "found": "Moabite fortifications; Iron Age architecture; context site of the Mesha Stele (discovered 1868, not by these digs).",
        "support": "STRONG via Mesha Stele (Louvre): Mesha king of Moab names Omri, Israel, YHWH, and towns in a conflict parallel to 2 Kings 3—rare royal Moabite witness overlapping Kings. Digs give city context.",
        "sources": "https://collections.louvre.fr/en/ark:/53355/cl010120339 (Louvre AO 5066 Stèle de Mesha); Winnett & Reed, The Excavations at Dibon (Dhiban) in Moab; Dearman (ed.), Studies in the Mesha Inscription and Moab; Clermont-Ganneau documentation",
        "notes": "Stele found before scientific excavation; fragments reconstituted using squeeze. MGRS approx for Dhiban mound. Secular-scrub: load-bearing claims are Omri / Israel / YHWH / Moabite geography — do NOT load-bear contested Mesha line 31 “House of David” (bt dwd) reading.",
        "campaigns": 1,
        "confidence": "confirmed",
        "biblical_name": "Dibon",
        "strongs_id": "H1769",
        "strongs_lang": "H",
        "strongs_url": "https://www.blueletterbible.org/lexicon/h1769/kjv/wlc/0-1/",
        "strongs_lemma": "דִּיבוֹן",
        "strongs_gloss": "pining; Moabite city",
        "creation_ministry": {
          "blurb": "No site-specific Answers in Genesis, Creation Museum, or Ark Encounter page was verified for this dig in the 2026-09-30 survey. Do not invent AiG claims—label any future hit clearly as ministry interpretation, not dig consensus.",
          "aig": [],
          "creation_museum": [],
          "ark_encounter": [],
          "coverage": "none_found",
          "researched_at": "2026-09-30"
        },
        "creation_ministry_blurb": "No site-specific Answers in Genesis, Creation Museum, or Ark Encounter page was verified for this dig in the 2026-09-30 survey. Do not invent AiG claims—label any future hit clearly as ministry interpretation, not dig consensus.",
        "creation_ministry_coverage": "none_found",
        "creation_ministry_aig": [],
        "creation_ministry_museum": [],
        "creation_ministry_ark": [],
        "dig_halt": {
          "status": "no_halt_recorded",
          "date": null,
          "halted_by": null,
          "summary": "No dig halt is recorded for this site in the sources checked. High-profile halt searches prioritized Temple Mount restrictions, City of David/Silwan court orders, West Bank permit issues, Turkish foreign-mission suspensions, Jordan TeH, COVID project statements, and conflict interruptions (Syria/Iraq); this site did not yield a verified org/government stop-work or permit-revocation event.",
          "sources": []
        },
        "site_authority": {
          "name": "Department of Antiquities of Jordan (DoA)",
          "type": "national_antiquities",
          "role": "National authority licensing excavations and protecting archaeological sites in Jordan.",
          "contact_name": null,
          "contact_title": "DoA general contact",
          "contact_email": "info@doa.gov.jo",
          "contact_phone": "+962-6-4336-464",
          "contact_url": "https://doa.gov.jo/EN/Pages/Contact_Us",
          "notes": "Dhiban excavations historically Andrews University / others under DoA permit.",
          "official_website": "https://doa.gov.jo/"
        },
        "dig_status": "open",
        "eras": [
          "Iron Age"
        ],
        "official_website": "https://doa.gov.jo/",
        "official_website_label": "Department of Antiquities of Jordan",
        "status_kind": "dig"
      }
    },
    {
      "type": "Feature",
      "geometry": {
        "type": "Point",
        "coordinates": [
          35.616639281537765,
          32.21661819341938
        ]
      },
      "properties": {
        "id": "DEA-01",
        "name": "Tell Deir Alla",
        "layer": "ot_digs",
        "dig": "Leiden / Yarmouk Deir Alla Excavations",
        "years": "1960–1967; 1976–1987; intermittent 1994–2009",
        "region": "Levant-other",
        "location": "Jordan / Jordan Valley / Deir Alla",
        "mgrs": "36SYA46616745",
        "verses": "Numbers 22–24; Numbers 31:8; Micah 6:5",
        "found": "Late Bronze temple; Iron Age settlement; famous plaster wall inscription about 'Balaam son of Beor' the seer (found 1967).",
        "support": "STRONG name link: Balaam son of Beor appears as a known seer in a Transjordan text—supports that Numbers’ Balaam tradition refers to a figure known outside Israel. Content is not a copy of Numbers; different polytheistic framing.",
        "sources": "https://www.universiteitleiden.nl/en/research/research-projects/archaeology/levant-deir-alla-jordan; Hoftijzer & van der Kooij, Aramaic Texts from Deir ‘Alla",
        "notes": "Inscription language classification debated (Aramaic/Canaanite mix).",
        "campaigns": 1,
        "confidence": "confirmed",
        "biblical_name": null,
        "strongs_id": null,
        "strongs_lang": null,
        "strongs_url": null,
        "strongs_lemma": null,
        "strongs_gloss": null,
        "strongs_null_reason": "Modern tell; Balaam (H1109) is a person lemma, not a place name here",
        "creation_ministry": {
          "blurb": "No site-specific Answers in Genesis, Creation Museum, or Ark Encounter page was verified for this dig in the 2026-09-30 survey. Do not invent AiG claims—label any future hit clearly as ministry interpretation, not dig consensus.",
          "aig": [],
          "creation_museum": [],
          "ark_encounter": [],
          "coverage": "none_found",
          "researched_at": "2026-09-30"
        },
        "creation_ministry_blurb": "No site-specific Answers in Genesis, Creation Museum, or Ark Encounter page was verified for this dig in the 2026-09-30 survey. Do not invent AiG claims—label any future hit clearly as ministry interpretation, not dig consensus.",
        "creation_ministry_coverage": "none_found",
        "creation_ministry_aig": [],
        "creation_ministry_museum": [],
        "creation_ministry_ark": [],
        "dig_halt": {
          "status": "no_halt_recorded",
          "date": null,
          "halted_by": null,
          "summary": "No dig halt is recorded for this site in the sources checked. High-profile halt searches prioritized Temple Mount restrictions, City of David/Silwan court orders, West Bank permit issues, Turkish foreign-mission suspensions, Jordan TeH, COVID project statements, and conflict interruptions (Syria/Iraq); this site did not yield a verified org/government stop-work or permit-revocation event.",
          "sources": []
        },
        "site_authority": {
          "name": "Department of Antiquities of Jordan (DoA)",
          "type": "national_antiquities",
          "role": "National authority licensing excavations and protecting archaeological sites in Jordan.",
          "contact_name": null,
          "contact_title": "DoA general contact",
          "contact_email": "info@doa.gov.jo",
          "contact_phone": "+962-6-4336-464",
          "contact_url": "https://doa.gov.jo/EN/Pages/Contact_Us",
          "notes": "Tell Deir Alla — DoA Jordan. Dutch/Leiden historical missions.",
          "official_website": "https://doa.gov.jo/"
        },
        "dig_status": "open",
        "eras": [
          "Bronze Age",
          "Iron Age"
        ],
        "official_website": "https://doa.gov.jo/",
        "official_website_label": "Department of Antiquities of Jordan",
        "status_kind": "dig"
      }
    },
    {
      "type": "Feature",
      "geometry": {
        "type": "Point",
        "coordinates": [
          35.79994960335945,
          31.79997785504269
        ]
      },
      "properties": {
        "id": "HES-01",
        "name": "Heshbon (Tell Hesban)",
        "layer": "ot_digs",
        "dig": "Heshbon Expedition (Andrews University)",
        "years": "1968–1976; Madaba Plains continuation",
        "region": "Levant-other",
        "location": "Jordan / Madaba region / Hisban",
        "mgrs": "36RYA65092168",
        "verses": "Numbers 21:25–30; Deuteronomy 2:24; Joshua 13:10; Isaiah 15:4; Jeremiah 48:2",
        "found": "Multi-period tell; Iron Age remains thinner than some expected for Sihon’s capital; later classical/Islamic strength; regional survey context.",
        "support": "CAREFUL: identification of Tell Hesban with biblical Heshbon is traditional but Iron Age occupation scale sparked debate (like Ai). Illuminates Moabite plateau settlement; does not simply confirm conquest narrative details.",
        "sources": "https://www.madabaplains.org/; Hesban final publication series (Andrews Univ.); BASOR reports",
        "notes": "MGRS approximate for Tell Hesban (~1km). Part of Madaba Plains Project.",
        "campaigns": 1,
        "confidence": "unconfirmed",
        "confidence_reason": "Workbook 'CAREFUL': Tell Hesban = biblical Heshbon is traditional; Iron Age scale debate (like Ai); ID not mainstream-settled; not on Contested list.",
        "biblical_name": "Heshbon",
        "strongs_id": "H2809",
        "strongs_lang": "H",
        "strongs_url": "https://www.blueletterbible.org/lexicon/h2809/kjv/wlc/0-1/",
        "strongs_lemma": "חֶשְׁבּוֹן",
        "strongs_gloss": "stronghold; Sihon’s capital (ID debated)",
        "creation_ministry": {
          "blurb": "No site-specific Answers in Genesis, Creation Museum, or Ark Encounter page was verified for this dig in the 2026-09-30 survey. Do not invent AiG claims—label any future hit clearly as ministry interpretation, not dig consensus.",
          "aig": [],
          "creation_museum": [],
          "ark_encounter": [],
          "coverage": "none_found",
          "researched_at": "2026-09-30"
        },
        "creation_ministry_blurb": "No site-specific Answers in Genesis, Creation Museum, or Ark Encounter page was verified for this dig in the 2026-09-30 survey. Do not invent AiG claims—label any future hit clearly as ministry interpretation, not dig consensus.",
        "creation_ministry_coverage": "none_found",
        "creation_ministry_aig": [],
        "creation_ministry_museum": [],
        "creation_ministry_ark": [],
        "dig_halt": {
          "status": "no_halt_recorded",
          "date": null,
          "halted_by": null,
          "summary": "No dig halt is recorded for this site in the sources checked. High-profile halt searches prioritized Temple Mount restrictions, City of David/Silwan court orders, West Bank permit issues, Turkish foreign-mission suspensions, Jordan TeH, COVID project statements, and conflict interruptions (Syria/Iraq); this site did not yield a verified org/government stop-work or permit-revocation event.",
          "sources": []
        },
        "site_authority": {
          "name": "Department of Antiquities of Jordan (DoA)",
          "type": "national_antiquities",
          "role": "National authority licensing excavations and protecting archaeological sites in Jordan.",
          "contact_name": null,
          "contact_title": "DoA general contact",
          "contact_email": "info@doa.gov.jo",
          "contact_phone": "+962-6-4336-464",
          "contact_url": "https://doa.gov.jo/EN/Pages/Contact_Us",
          "notes": "Tell Hesban — historic Andrews University / Madaba Plains Project under DoA.",
          "official_website": "https://doa.gov.jo/"
        },
        "dig_status": "open",
        "eras": [
          "Iron Age",
          "Bronze Age"
        ],
        "official_website": "https://doa.gov.jo/",
        "official_website_label": "Department of Antiquities of Jordan",
        "status_kind": "dig"
      }
    },
    {
      "type": "Feature",
      "geometry": {
        "type": "Point",
        "coordinates": [
          35.733296398263235,
          31.58329122252773
        ]
      },
      "properties": {
        "id": "ATA-01",
        "name": "Khirbat Ataruz (Ataroth)",
        "layer": "ot_digs",
        "dig": "Khirbat Ataruz Project",
        "years": "2000–present (multi-season)",
        "region": "Levant-other",
        "location": "Jordan / Madaba Governorate / near Jabal Hamidah",
        "mgrs": "36RYV59389749",
        "verses": "Numbers 32:3; Numbers 32:34; Mesha Stele parallels; Isaiah 15–16 (Moab oracles)",
        "found": "Moabite temple complex; cult statues/stele fragments; Iron Age architecture; possible link to Ataroth of Mesha Stele and Numbers.",
        "support": "Supports Mesha Stele’s geography of Moabite-Israelite conflict over Ataroth—inscriptional and biblical place-names aligning on the ground.",
        "sources": "C.-H. Ji field reports; ADAJ; https://biblearchaeologyreport.com/; Jordan Dept. of Antiquities summaries",
        "notes": "MGRS approximate (~1km) for Ataruz ridge site.",
        "campaigns": 1,
        "confidence": "confirmed",
        "biblical_name": "Ataroth",
        "strongs_id": "H5852",
        "strongs_lang": "H",
        "strongs_url": "https://www.blueletterbible.org/lexicon/h5852/kjv/wlc/0-1/",
        "strongs_lemma": "עֲטָרוֹת",
        "strongs_gloss": "crowns; Moabite/Israelite town",
        "creation_ministry": {
          "blurb": "No site-specific Answers in Genesis, Creation Museum, or Ark Encounter page was verified for this dig in the 2026-09-30 survey. Do not invent AiG claims—label any future hit clearly as ministry interpretation, not dig consensus.",
          "aig": [],
          "creation_museum": [],
          "ark_encounter": [],
          "coverage": "none_found",
          "researched_at": "2026-09-30"
        },
        "creation_ministry_blurb": "No site-specific Answers in Genesis, Creation Museum, or Ark Encounter page was verified for this dig in the 2026-09-30 survey. Do not invent AiG claims—label any future hit clearly as ministry interpretation, not dig consensus.",
        "creation_ministry_coverage": "none_found",
        "creation_ministry_aig": [],
        "creation_ministry_museum": [],
        "creation_ministry_ark": [],
        "dig_halt": {
          "status": "no_halt_recorded",
          "date": null,
          "halted_by": null,
          "summary": "No dig halt is recorded for this site in the sources checked. High-profile halt searches prioritized Temple Mount restrictions, City of David/Silwan court orders, West Bank permit issues, Turkish foreign-mission suspensions, Jordan TeH, COVID project statements, and conflict interruptions (Syria/Iraq); this site did not yield a verified org/government stop-work or permit-revocation event.",
          "sources": []
        },
        "site_authority": {
          "name": "Department of Antiquities of Jordan (DoA)",
          "type": "national_antiquities",
          "role": "National authority licensing excavations and protecting archaeological sites in Jordan.",
          "contact_name": null,
          "contact_title": "DoA general contact",
          "contact_email": "info@doa.gov.jo",
          "contact_phone": "+962-6-4336-464",
          "contact_url": "https://doa.gov.jo/EN/Pages/Contact_Us",
          "notes": "Khirbat Ataruz — DoA Jordan; Andrews University / La Sierra missions historically.",
          "official_website": "https://doa.gov.jo/"
        },
        "dig_status": "open",
        "eras": [
          "Iron Age"
        ],
        "official_website": "https://doa.gov.jo/",
        "official_website_label": "Department of Antiquities of Jordan",
        "status_kind": "dig"
      }
    },
    {
      "type": "Feature",
      "geometry": {
        "type": "Point",
        "coordinates": [
          35.785196250610056,
          35.60220187685682
        ]
      },
      "properties": {
        "id": "UGA-01",
        "name": "Ugarit (Ras Shamra)",
        "layer": "ot_digs",
        "dig": "Mission de Ras Shamra",
        "years": "1929–1939; 1948–1970 (Schaeffer era); later missions continue",
        "region": "Levant-other",
        "location": "Syria / Mediterranean coast / near Latakia",
        "mgrs": "36SYE52314340",
        "verses": "Psalm 29 (storm-god imagery parallels); Exodus 15; Deuteronomy 32; Isaiah 27:1 (Lotan/Leviathan parallels)",
        "found": "Palace archives; alphabetic cuneiform tablets; Baal Cycle and other myths; temples; port city destroyed ~1190 BCE.",
        "support": "Background goldmine: Ugaritic language/religion clarify Canaanite terms, divine titles, and poetic imagery in the Hebrew Bible. Not Israelite texts—comparative context, not direct corroboration of Israel’s story.  Fourteen silent seasons: Ugarit’s Syrian–French dig paused when civil war erupted in 2011, freezing fieldwork at one of the Late Bronze Age’s great archives until Italian–Syrian teams reported renewed work around 2025.",
        "sources": "https://www.louvre.fr/; Schaeffer, Ugaritica; https://www.biblicalarchaeology.org/daily/ancient-cultures/ancient-near-eastern-world/ugarit/",
        "notes": "Syria access severely limited since civil war; archives in French/Syrian museums.",
        "campaigns": 1,
        "confidence": "confirmed",
        "biblical_name": null,
        "strongs_id": null,
        "strongs_lang": null,
        "strongs_url": null,
        "strongs_lemma": null,
        "strongs_gloss": null,
        "strongs_null_reason": "Not named as a place lemma in the Hebrew Bible",
        "creation_ministry": {
          "blurb": "No site-specific Answers in Genesis, Creation Museum, or Ark Encounter page was verified for this dig in the 2026-09-30 survey. Do not invent AiG claims—label any future hit clearly as ministry interpretation, not dig consensus.",
          "aig": [],
          "creation_museum": [],
          "ark_encounter": [],
          "coverage": "none_found",
          "researched_at": "2026-09-30"
        },
        "creation_ministry_blurb": "No site-specific Answers in Genesis, Creation Museum, or Ark Encounter page was verified for this dig in the 2026-09-30 survey. Do not invent AiG claims—label any future hit clearly as ministry interpretation, not dig consensus.",
        "creation_ministry_coverage": "none_found",
        "creation_ministry_aig": [],
        "creation_ministry_museum": [],
        "creation_ministry_ark": [],
        "dig_halt": {
          "status": "halt_recorded",
          "date": "2011–~2025 (≈14-year field pause)",
          "halted_by": "Syrian civil war / security conditions interrupting the Syrian–French Ras Shamra–Ugarit mission’s field campaigns",
          "summary": "Excavations at Ugarit were interrupted when Syria’s civil war broke out in 2011 after campaigns through 2009–2010. Associates for Biblical Research and other reports note a roughly 14-year pause before Italian–Syrian fieldwork resumed in the Ugarit area (2025 reporting). Treat as a conflict-driven project halt, not a voluntary wrap-up.",
          "sources": [
            "https://biblearchaeology.org/excavations-renewed-at-ugarit-after-14-year-break/",
            "https://www.jpost.com/archaeology/article-873317"
          ]
        },
        "site_authority": {
          "name": "Directorate-General of Antiquities and Museums (DGAM), Syria",
          "type": "national_antiquities",
          "role": "National directorate for antiquities and museums in Syria.",
          "contact_name": null,
          "contact_title": null,
          "contact_email": null,
          "contact_phone": null,
          "contact_url": "http://www.dgam.gov.sy/",
          "notes": "Ras Shamra / Ugarit — DGAM Syria. French Mission historically. Authority-only (conflict limits).",
          "official_website": "https://www.dgam.gov.sy/"
        },
        "dig_status": "halted",
        "eras": [
          "Bronze Age"
        ],
        "official_website": "https://www.dgam.gov.sy/",
        "official_website_label": "Directorate-General of Antiquities and Museums (DGAM), Syria",
        "status_kind": "dig"
      }
    },
    {
      "type": "Feature",
      "geometry": {
        "type": "Point",
        "coordinates": [
          36.79801449670316,
          35.798078840196574
        ]
      },
      "properties": {
        "id": "EBL-01",
        "name": "Ebla (Tell Mardikh)",
        "layer": "ot_digs",
        "dig": "Italian Archaeological Mission to Ebla",
        "years": "1964–present (major archive find 1975; interruptions in war years)",
        "region": "Mesopotamia",
        "location": "Syria / Idlib region / Tell Mardikh",
        "mgrs": "37SCV01026379",
        "verses": "Genesis 14 (era geography debates); Genesis name-study context only",
        "found": "Palace G archive (~17,000 tablets/fragments); Early Bronze city; bilingual vocabularies; destruction by Akkad-period powers.",
        "support": "Background for 3rd-millennium Syria; early sensational claims linking Ebla names directly to Genesis patriarchs were largely walked back. Use as broad ANE context, not proof of Abraham.  War closed the tablets’ hometown: after the 2010 season, Sapienza’s Italian mission at Ebla (Tell Mardikh) suspended fieldwork from 2011 amid Syria’s conflict—years when the tell suffered military use and clandestine digging before later recovery missions returned to stabilize what survived.",
        "sources": "P. Matthiae, Ebla: An Empire Rediscovered; https://www.ebla.it/; ASOR notes",
        "notes": "Early media overclaims corrected by scholarship. Syria access hard.",
        "campaigns": 1,
        "confidence": "confirmed",
        "biblical_name": null,
        "strongs_id": null,
        "strongs_lang": null,
        "strongs_url": null,
        "strongs_lemma": null,
        "strongs_gloss": null,
        "strongs_null_reason": "Not a Hebrew Bible place-name lemma",
        "creation_ministry": {
          "blurb": "No site-specific Answers in Genesis, Creation Museum, or Ark Encounter page was verified for this dig in the 2026-09-30 survey. Do not invent AiG claims—label any future hit clearly as ministry interpretation, not dig consensus.",
          "aig": [],
          "creation_museum": [],
          "ark_encounter": [],
          "coverage": "none_found",
          "researched_at": "2026-09-30"
        },
        "creation_ministry_blurb": "No site-specific Answers in Genesis, Creation Museum, or Ark Encounter page was verified for this dig in the 2026-09-30 survey. Do not invent AiG claims—label any future hit clearly as ministry interpretation, not dig consensus.",
        "creation_ministry_coverage": "none_found",
        "creation_ministry_aig": [],
        "creation_ministry_museum": [],
        "creation_ministry_ark": [],
        "dig_halt": {
          "status": "halt_recorded",
          "date": "2011 (fieldwork suspended after 2010 season; recovery missions later)",
          "halted_by": "Syrian conflict / security conditions forcing suspension of the Italian Archaeological Mission’s field seasons (Sapienza–DGAM framework interrupted on site)",
          "summary": "Sapienza University documents that the Italian Archaeological Mission excavated at Ebla through 2010; foreign fieldwork was suspended from 2011 because of Syria’s political crisis. Later Sapienza recovery/restoration campaigns addressed wartime damage and clandestine digging (2014–2019 occupation damage noted in Sapienza recovery reporting). This is a war/security interruption of a specific project, not a routine end-of-funding pause.",
          "sources": [
            "https://dipantichita.web.uniroma1.it/index.php/en/italian-archaeological-mission-syria-ebla-syria",
            "https://www.uniroma1.it/en/notizia/ebla-sixty-years-later-protection-and-recovery-archaeological-site"
          ]
        },
        "site_authority": {
          "name": "Directorate-General of Antiquities and Museums (DGAM), Syria",
          "type": "national_antiquities",
          "role": "National directorate for antiquities and museums in Syria.",
          "contact_name": null,
          "contact_title": null,
          "contact_email": null,
          "contact_phone": null,
          "contact_url": "http://www.dgam.gov.sy/",
          "notes": "Tell Mardikh / Ebla — DGAM Syria. Italian Mission historically. Authority-only.",
          "official_website": "https://www.dgam.gov.sy/"
        },
        "dig_status": "halted",
        "eras": [
          "Bronze Age"
        ],
        "official_website": "https://www.dgam.gov.sy/",
        "official_website_label": "Directorate-General of Antiquities and Museums (DGAM), Syria",
        "status_kind": "dig"
      }
    },
    {
      "type": "Feature",
      "geometry": {
        "type": "Point",
        "coordinates": [
          35.647187635282705,
          34.123547239294325
        ]
      },
      "properties": {
        "id": "BYB-01",
        "name": "Byblos (Gubla / Jbeil)",
        "layer": "ot_digs",
        "dig": "French Byblos Excavations",
        "years": "Montet 1921–1924; Dunand 1925–1975",
        "region": "Levant-other",
        "location": "Lebanon / Jbeil",
        "mgrs": "36SYC44147902",
        "verses": "1 Kings 5:1–12 (Hiram of Tyre / cedar trade network); Ezekiel 27:9; Joshua 13:5 (Gebal)",
        "found": "Temple of the Obelisks; royal tombs; Ahiram sarcophagus with early Phoenician inscription; Egyptian imports; cedar-trade port evidence.",
        "support": "Illuminates Phoenician coastal city culture behind biblical Gebal and the cedar trade that frames Solomon–Hiram narratives (primarily Tyre, same network). Ahiram inscription key for early alphabet history.",
        "sources": "M. Dunand, Fouilles de Byblos; https://www.louvre.fr/; https://whc.unesco.org/en/list/295/",
        "notes": "Lebanon pockets can be access-sensitive; site itself is a major tourist tell.",
        "campaigns": 1,
        "confidence": "confirmed",
        "biblical_name": "Gebal",
        "strongs_id": "H1380",
        "strongs_lang": "H",
        "strongs_url": "https://www.blueletterbible.org/lexicon/h1380/kjv/wlc/0-1/",
        "strongs_lemma": "גְּבַל",
        "strongs_gloss": "boundary; Phoenician Gebal",
        "creation_ministry": {
          "blurb": "No site-specific Answers in Genesis, Creation Museum, or Ark Encounter page was verified for this dig in the 2026-09-30 survey. Do not invent AiG claims—label any future hit clearly as ministry interpretation, not dig consensus.",
          "aig": [],
          "creation_museum": [],
          "ark_encounter": [],
          "coverage": "none_found",
          "researched_at": "2026-09-30"
        },
        "creation_ministry_blurb": "No site-specific Answers in Genesis, Creation Museum, or Ark Encounter page was verified for this dig in the 2026-09-30 survey. Do not invent AiG claims—label any future hit clearly as ministry interpretation, not dig consensus.",
        "creation_ministry_coverage": "none_found",
        "creation_ministry_aig": [],
        "creation_ministry_museum": [],
        "creation_ministry_ark": [],
        "dig_halt": {
          "status": "no_halt_recorded",
          "date": null,
          "halted_by": null,
          "summary": "No dig halt is recorded for this site in the sources checked. High-profile halt searches prioritized Temple Mount restrictions, City of David/Silwan court orders, West Bank permit issues, Turkish foreign-mission suspensions, Jordan TeH, COVID project statements, and conflict interruptions (Syria/Iraq); this site did not yield a verified org/government stop-work or permit-revocation event.",
          "sources": []
        },
        "site_authority": {
          "name": "Directorate General of Antiquities (DGA), Lebanon — Ministry of Culture",
          "type": "national_antiquities",
          "role": "National DGA under Ministry of Culture oversees archaeological sites in Lebanon.",
          "contact_name": null,
          "contact_title": null,
          "contact_email": null,
          "contact_phone": null,
          "contact_url": "https://www.culture.gov.lb/",
          "notes": "Byblos/Jbeil — Lebanese DGA. UNESCO WH site.",
          "official_website": "https://whc.unesco.org/en/list/295/"
        },
        "dig_status": "open",
        "eras": [
          "Bronze Age",
          "Iron Age"
        ],
        "official_website": "https://whc.unesco.org/en/list/295/",
        "official_website_label": "UNESCO — Byblos",
        "status_kind": "dig"
      }
    },
    {
      "type": "Feature",
      "geometry": {
        "type": "Point",
        "coordinates": [
          35.19607601871268,
          33.27053329842091
        ]
      },
      "properties": {
        "id": "TYR-01",
        "name": "Tyre (Ṣur)",
        "layer": "ot_digs",
        "dig": "Various Tyre excavations (UNESCO / Lebanese DGA / international)",
        "years": "19th–21st c. intermittent; major modern work 1960s–1990s+",
        "region": "Levant-other",
        "location": "Lebanon / Tyre / Ṣur",
        "mgrs": "36SYB04548343",
        "verses": "2 Samuel 5:11; 1 Kings 5:1–12; 1 Kings 9:10–14; Ezekiel 26–28; Isaiah 23; Amos 1:9–10",
        "found": "Island and mainland settlement remains; harbors; Phoenician and later Classical layers; Alexander’s causeway geology/archaeology.",
        "support": "Confirms Tyre as wealthy Phoenician maritime power—the setting for Hiram–Solomon alliance and Ezekiel’s oracles. Mainland destruction vs island survival echoes Ezekiel 26 debates (partial fulfillments / layered history).",
        "sources": "https://whc.unesco.org/en/list/299/; P. Bikai, The Pottery of Tyre; Lebanese DGA reports",
        "notes": "Urban overlay limits excavation; harbors partly underwater.",
        "campaigns": 1,
        "confidence": "confirmed",
        "biblical_name": "Tyre",
        "strongs_id": "H6865",
        "strongs_lang": "H",
        "strongs_url": "https://www.blueletterbible.org/lexicon/h6865/kjv/wlc/0-1/",
        "strongs_lemma": "צֹר",
        "strongs_gloss": "rock; Phoenician island-city",
        "creation_ministry": {
          "blurb": "No site-specific Answers in Genesis, Creation Museum, or Ark Encounter page was verified for this dig in the 2026-09-30 survey. Do not invent AiG claims—label any future hit clearly as ministry interpretation, not dig consensus.",
          "aig": [],
          "creation_museum": [],
          "ark_encounter": [],
          "coverage": "none_found",
          "researched_at": "2026-09-30"
        },
        "creation_ministry_blurb": "No site-specific Answers in Genesis, Creation Museum, or Ark Encounter page was verified for this dig in the 2026-09-30 survey. Do not invent AiG claims—label any future hit clearly as ministry interpretation, not dig consensus.",
        "creation_ministry_coverage": "none_found",
        "creation_ministry_aig": [],
        "creation_ministry_museum": [],
        "creation_ministry_ark": [],
        "dig_halt": {
          "status": "no_halt_recorded",
          "date": null,
          "halted_by": null,
          "summary": "No dig halt is recorded for this site in the sources checked. High-profile halt searches prioritized Temple Mount restrictions, City of David/Silwan court orders, West Bank permit issues, Turkish foreign-mission suspensions, Jordan TeH, COVID project statements, and conflict interruptions (Syria/Iraq); this site did not yield a verified org/government stop-work or permit-revocation event.",
          "sources": []
        },
        "site_authority": {
          "name": "Directorate General of Antiquities (DGA), Lebanon — Ministry of Culture",
          "type": "national_antiquities",
          "role": "National DGA under Ministry of Culture oversees archaeological sites in Lebanon.",
          "contact_name": null,
          "contact_title": null,
          "contact_email": null,
          "contact_phone": null,
          "contact_url": "https://www.culture.gov.lb/",
          "notes": "Tyre/Ṣur — Lebanese DGA. UNESCO WH.",
          "official_website": "https://whc.unesco.org/en/list/299/"
        },
        "dig_status": "open",
        "eras": [
          "Bronze Age",
          "Iron Age",
          "Persian / Hellenistic",
          "Roman / Byzantine"
        ],
        "official_website": "https://whc.unesco.org/en/list/299/",
        "official_website_label": "UNESCO — Tyre",
        "status_kind": "dig"
      }
    },
    {
      "type": "Feature",
      "geometry": {
        "type": "Point",
        "coordinates": [
          30.905230242564652,
          27.6452562924893
        ]
      },
      "properties": {
        "id": "AMA-01",
        "name": "Amarna (Akhetaten)",
        "layer": "ot_digs",
        "dig": "Petrie / later EES & Amarna Project",
        "years": "1891–1892; major tablet find 1887 (local); Kemp-directed modern seasons 1977–present",
        "region": "Egypt",
        "location": "Egypt / Middle Egypt / Tell el-Amarna",
        "mgrs": "36RTR93345966",
        "verses": "Exodus context debates; Joshua 10 (Canaan under Egypt); Judges period geopolitics",
        "found": "Amarna Letters (diplomatic cuneiform archive): Canaanite rulers write to Pharaoh about Habiru, Jerusalem (Urusalim), Megiddo, Gezer, Ashkelon, etc.",
        "support": "STRONG geographic background: 14th-c. BCE Canaanite city-state world matching many biblical place-names under Egyptian hegemony. Habiru ≠ automatic Hebrews—scholarly caution required. Illuminates pre-Israel Late Bronze map.",
        "sources": "https://www.amarnaproject.com/; Moran, The Amarna Letters; https://www.britishmuseum.org/",
        "notes": "Letters held in British Museum, Cairo, Berlin, Louvre, etc.",
        "campaigns": 1,
        "confidence": "confirmed",
        "biblical_name": null,
        "strongs_id": null,
        "strongs_lang": null,
        "strongs_url": null,
        "strongs_lemma": null,
        "strongs_gloss": null,
        "strongs_null_reason": "Egyptian capital name; not an OT place lemma",
        "creation_ministry": {
          "blurb": "No site-specific Answers in Genesis, Creation Museum, or Ark Encounter page was verified for this dig in the 2026-09-30 survey. Do not invent AiG claims—label any future hit clearly as ministry interpretation, not dig consensus.",
          "aig": [],
          "creation_museum": [],
          "ark_encounter": [],
          "coverage": "none_found",
          "researched_at": "2026-09-30"
        },
        "creation_ministry_blurb": "No site-specific Answers in Genesis, Creation Museum, or Ark Encounter page was verified for this dig in the 2026-09-30 survey. Do not invent AiG claims—label any future hit clearly as ministry interpretation, not dig consensus.",
        "creation_ministry_coverage": "none_found",
        "creation_ministry_aig": [],
        "creation_ministry_museum": [],
        "creation_ministry_ark": [],
        "dig_halt": {
          "status": "no_halt_recorded",
          "date": null,
          "halted_by": null,
          "summary": "No dig halt is recorded for this site in the sources checked. High-profile halt searches prioritized Temple Mount restrictions, City of David/Silwan court orders, West Bank permit issues, Turkish foreign-mission suspensions, Jordan TeH, COVID project statements, and conflict interruptions (Syria/Iraq); this site did not yield a verified org/government stop-work or permit-revocation event.",
          "sources": []
        },
        "site_authority": {
          "name": "Ministry of Tourism and Antiquities (Egypt) / Supreme Council of Antiquities",
          "type": "national_antiquities",
          "role": "National ministry overseeing museums, monuments, and excavation permits in Egypt.",
          "contact_name": null,
          "contact_title": "Ministry portal inquiries",
          "contact_email": "moa.portal@mota.gov.eg",
          "contact_phone": "19654",
          "contact_url": "https://www.mota.gov.eg/ar/",
          "notes": "Amarna — MoTA/SCA; Amarna Project (UK) historically.",
          "official_website": "https://www.mota.gov.eg/ar/"
        },
        "dig_status": "open",
        "eras": [
          "Bronze Age"
        ],
        "official_website": "https://www.mota.gov.eg/ar/",
        "official_website_label": "Egypt Ministry of Tourism and Antiquities",
        "status_kind": "dig"
      }
    },
    {
      "type": "Feature",
      "geometry": {
        "type": "Point",
        "coordinates": [
          32.65777905605131,
          25.71854885581781
        ]
      },
      "properties": {
        "id": "KAR-01",
        "name": "Karnak / Thebes",
        "layer": "ot_digs",
        "dig": "Karnak Temple documentation & Shoshenq relief study",
        "years": "Continuous recording 19th c.–present; Bubastite Portal studied repeatedly",
        "region": "Egypt",
        "location": "Egypt / Luxor / Karnak",
        "mgrs": "36RVP65674456",
        "verses": "1 Kings 14:25–26; 2 Chronicles 12:2–9",
        "found": "Bubastite Portal relief of Shoshenq I listing conquered Levantine toponyms—widely identified with biblical Shishak.",
        "support": "STRONG synchronism candidate: Shoshenq I campaign list aligns with Shishak’s attack in Rehoboam’s day. Toponym list does not clearly show Jerusalem itself—honest nuance—but synchronism is a cornerstone of Bible–Egypt chronology.",
        "sources": "https://www.cfeetk.cnrs.fr/; Kitchen, The Third Intermediate Period in Egypt; https://www.biblicalarchaeology.org/",
        "notes": "Relief recording ≠ one single dig season; included as Bible-tied Karnak archaeological documentation.",
        "campaigns": 1,
        "confidence": "confirmed",
        "biblical_name": "No (Thebes)",
        "strongs_id": "H4996",
        "strongs_lang": "H",
        "strongs_url": "https://www.blueletterbible.org/lexicon/h4996/kjv/wlc/0-1/",
        "strongs_lemma": "נֹא",
        "strongs_gloss": "No / No-Amon; Egyptian Thebes",
        "creation_ministry": {
          "blurb": "No site-specific Answers in Genesis, Creation Museum, or Ark Encounter page was verified for this dig in the 2026-09-30 survey. Do not invent AiG claims—label any future hit clearly as ministry interpretation, not dig consensus.",
          "aig": [],
          "creation_museum": [],
          "ark_encounter": [],
          "coverage": "none_found",
          "researched_at": "2026-09-30"
        },
        "creation_ministry_blurb": "No site-specific Answers in Genesis, Creation Museum, or Ark Encounter page was verified for this dig in the 2026-09-30 survey. Do not invent AiG claims—label any future hit clearly as ministry interpretation, not dig consensus.",
        "creation_ministry_coverage": "none_found",
        "creation_ministry_aig": [],
        "creation_ministry_museum": [],
        "creation_ministry_ark": [],
        "dig_halt": {
          "status": "no_halt_recorded",
          "date": null,
          "halted_by": null,
          "summary": "No dig halt is recorded for this site in the sources checked. High-profile halt searches prioritized Temple Mount restrictions, City of David/Silwan court orders, West Bank permit issues, Turkish foreign-mission suspensions, Jordan TeH, COVID project statements, and conflict interruptions (Syria/Iraq); this site did not yield a verified org/government stop-work or permit-revocation event.",
          "sources": []
        },
        "site_authority": {
          "name": "Ministry of Tourism and Antiquities (Egypt) / Supreme Council of Antiquities",
          "type": "national_antiquities",
          "role": "National ministry overseeing museums, monuments, and excavation permits in Egypt.",
          "contact_name": null,
          "contact_title": "Ministry portal inquiries",
          "contact_email": "moa.portal@mota.gov.eg",
          "contact_phone": "19654",
          "contact_url": "https://www.mota.gov.eg/ar/",
          "notes": "Karnak/Thebes — MoTA/SCA + CFEETK historically.",
          "official_website": "https://whc.unesco.org/en/list/87/"
        },
        "dig_status": "open",
        "eras": [
          "Bronze Age",
          "Iron Age"
        ],
        "official_website": "https://whc.unesco.org/en/list/87/",
        "official_website_label": "UNESCO — Ancient Thebes with its Necropolis",
        "status_kind": "dig"
      }
    },
    {
      "type": "Feature",
      "geometry": {
        "type": "Point",
        "coordinates": [
          31.836094434579444,
          30.79858881097051
        ]
      },
      "properties": {
        "id": "PIR-01",
        "name": "Pi-Ramesses (Qantir)",
        "layer": "ot_digs",
        "dig": "Qantir–Pi-Ramesse Excavations",
        "years": "1980–present (major German work)",
        "region": "Egypt",
        "location": "Egypt / eastern Delta / Qantir",
        "mgrs": "36RUV88650786",
        "verses": "Exodus 1:11; Genesis 47:11; Exodus 12:37",
        "found": "Ramesside capital remains; stables; bronze-working; palatial complexes; proximity to Avaris (Tell el-Dab’a) Hyksos city.",
        "support": "Supports existence of the store-city name Ramesses in correct Delta geography for Exodus tradition. Does not by itself prove the Exodus event; provides plausible New Kingdom setting.",
        "sources": "https://www.qantir.de/; Bietak Avaris literature; https://www.biblicalarchaeology.org/",
        "notes": "Pair with Tell el-Dab’a (Bietak) for Hyksos/Avaris.",
        "campaigns": 1,
        "confidence": "confirmed",
        "biblical_name": "Rameses",
        "strongs_id": "H7486",
        "strongs_lang": "H",
        "strongs_url": "https://www.blueletterbible.org/lexicon/h7486/kjv/wlc/0-1/",
        "strongs_lemma": "רַעְמְסֵס",
        "strongs_gloss": "child of the sun; store-city",
        "creation_ministry": {
          "blurb": "AiG Exodus/Moses searches discuss biblical Rameses / Pi-Ramesses in relation to Delta archaeology and Avaris debates. Theme-to-site ministry coverage; no dedicated CM Pi-Ramesses page found.",
          "aig": [
            {
              "title": "Searching for Moses",
              "url": "https://answersingenesis.org/bible-characters/moses/searching-for-moses/",
              "summary": "AiG Moses/Exodus archaeology survey including Delta sites (Rameses/Avaris debates).",
              "kind": "article"
            },
            {
              "title": "The Mysterious Hyksos",
              "url": "https://answersingenesis.org/archaeology/ancient-egypt/the-mysterious-hyksos/",
              "summary": "AiG on Hyksos/Avaris (Tell el-Dab'a) Asiatic settlement, sometimes linked to Israelite sojourn theories.",
              "kind": "article"
            }
          ],
          "creation_museum": [],
          "ark_encounter": [],
          "coverage": "theme_only",
          "researched_at": "2026-09-30"
        },
        "creation_ministry_blurb": "AiG Exodus/Moses searches discuss biblical Rameses / Pi-Ramesses in relation to Delta archaeology and Avaris debates. Theme-to-site ministry coverage; no dedicated CM Pi-Ramesses page found.",
        "creation_ministry_coverage": "theme_only",
        "creation_ministry_aig": [
          {
            "title": "Searching for Moses",
            "url": "https://answersingenesis.org/bible-characters/moses/searching-for-moses/",
            "summary": "AiG Moses/Exodus archaeology survey including Delta sites (Rameses/Avaris debates).",
            "kind": "article"
          },
          {
            "title": "The Mysterious Hyksos",
            "url": "https://answersingenesis.org/archaeology/ancient-egypt/the-mysterious-hyksos/",
            "summary": "AiG on Hyksos/Avaris (Tell el-Dab'a) Asiatic settlement, sometimes linked to Israelite sojourn theories.",
            "kind": "article"
          }
        ],
        "creation_ministry_museum": [],
        "creation_ministry_ark": [],
        "dig_halt": {
          "status": "no_halt_recorded",
          "date": null,
          "halted_by": null,
          "summary": "No dig halt is recorded for this site in the sources checked. High-profile halt searches prioritized Temple Mount restrictions, City of David/Silwan court orders, West Bank permit issues, Turkish foreign-mission suspensions, Jordan TeH, COVID project statements, and conflict interruptions (Syria/Iraq); this site did not yield a verified org/government stop-work or permit-revocation event.",
          "sources": []
        },
        "site_authority": {
          "name": "Ministry of Tourism and Antiquities (Egypt) / Supreme Council of Antiquities",
          "type": "national_antiquities",
          "role": "National ministry overseeing museums, monuments, and excavation permits in Egypt.",
          "contact_name": null,
          "contact_title": "Ministry portal inquiries",
          "contact_email": "moa.portal@mota.gov.eg",
          "contact_phone": "19654",
          "contact_url": "https://www.mota.gov.eg/ar/",
          "notes": "Qantir/Pi-Ramesses — MoTA; Austrian/Hildesheim missions historically.",
          "official_website": "https://www.mota.gov.eg/ar/"
        },
        "dig_status": "open",
        "eras": [
          "Bronze Age",
          "Exodus / Wilderness"
        ],
        "official_website": "https://www.mota.gov.eg/ar/",
        "official_website_label": "Egypt Ministry of Tourism and Antiquities",
        "status_kind": "dig"
      }
    },
    {
      "type": "Feature",
      "geometry": {
        "type": "Point",
        "coordinates": [
          31.82107836921821,
          30.787174847978825
        ]
      },
      "properties": {
        "id": "AVA-01",
        "name": "Avaris (Tell el-Dab’a)",
        "layer": "ot_digs",
        "dig": "Austrian Excavations at Tell el-Dab’a",
        "years": "1966–2011+ (long-running)",
        "region": "Egypt",
        "location": "Egypt / eastern Delta / Tell el-Dab’a",
        "mgrs": "36RUV87200661",
        "verses": "Genesis 41–47; Exodus 1:8–11 (background); Genesis 15:13",
        "found": "Hyksos capital Avaris; Asiatic (Canaanite-style) settlement culture; palaces; Minoan-style frescoes; temples.",
        "support": "Shows large-scale Levantine/Asiatic presence in the Delta—background consistent with a Joseph-settlement tradition’s plausibility. Direct ID of biblical figures not available.",
        "sources": "https://www.oeaw.ac.at/; M. Bietak publications on Avaris; https://www.biblicalarchaeology.org/",
        "notes": "MGRS for Tell el-Dab’a approximate to published site coords.",
        "campaigns": 1,
        "confidence": "confirmed",
        "biblical_name": null,
        "strongs_id": null,
        "strongs_lang": null,
        "strongs_url": null,
        "strongs_lemma": null,
        "strongs_gloss": null,
        "strongs_null_reason": "Hyksos capital; not an OT place-name lemma",
        "creation_ministry": {
          "blurb": "AiG Egypt archaeology essays (“The Mysterious Hyksos”; “Searching for Moses”) discuss Avaris/Tell el-Dabʿa Asiatic settlement and Delta sojourn/Exodus theories. Ministry interpretation; Israelite identification remains debated.",
          "aig": [
            {
              "title": "The Mysterious Hyksos",
              "url": "https://answersingenesis.org/archaeology/ancient-egypt/the-mysterious-hyksos/",
              "summary": "AiG on Hyksos/Avaris (Tell el-Dab'a) Asiatic settlement, sometimes linked to Israelite sojourn theories.",
              "kind": "article"
            },
            {
              "title": "Searching for Moses",
              "url": "https://answersingenesis.org/bible-characters/moses/searching-for-moses/",
              "summary": "AiG Moses/Exodus archaeology survey including Delta sites (Rameses/Avaris debates).",
              "kind": "article"
            }
          ],
          "creation_museum": [],
          "ark_encounter": [],
          "coverage": "site_specific",
          "researched_at": "2026-09-30"
        },
        "creation_ministry_blurb": "AiG Egypt archaeology essays (“The Mysterious Hyksos”; “Searching for Moses”) discuss Avaris/Tell el-Dabʿa Asiatic settlement and Delta sojourn/Exodus theories. Ministry interpretation; Israelite identification remains debated.",
        "creation_ministry_coverage": "site_specific",
        "creation_ministry_aig": [
          {
            "title": "The Mysterious Hyksos",
            "url": "https://answersingenesis.org/archaeology/ancient-egypt/the-mysterious-hyksos/",
            "summary": "AiG on Hyksos/Avaris (Tell el-Dab'a) Asiatic settlement, sometimes linked to Israelite sojourn theories.",
            "kind": "article"
          },
          {
            "title": "Searching for Moses",
            "url": "https://answersingenesis.org/bible-characters/moses/searching-for-moses/",
            "summary": "AiG Moses/Exodus archaeology survey including Delta sites (Rameses/Avaris debates).",
            "kind": "article"
          }
        ],
        "creation_ministry_museum": [],
        "creation_ministry_ark": [],
        "dig_halt": {
          "status": "no_halt_recorded",
          "date": null,
          "halted_by": null,
          "summary": "No dig halt is recorded for this site in the sources checked. High-profile halt searches prioritized Temple Mount restrictions, City of David/Silwan court orders, West Bank permit issues, Turkish foreign-mission suspensions, Jordan TeH, COVID project statements, and conflict interruptions (Syria/Iraq); this site did not yield a verified org/government stop-work or permit-revocation event.",
          "sources": []
        },
        "site_authority": {
          "name": "Ministry of Tourism and Antiquities (Egypt) / Supreme Council of Antiquities",
          "type": "national_antiquities",
          "role": "National ministry overseeing museums, monuments, and excavation permits in Egypt.",
          "contact_name": null,
          "contact_title": "Ministry portal inquiries",
          "contact_email": "moa.portal@mota.gov.eg",
          "contact_phone": "19654",
          "contact_url": "https://www.mota.gov.eg/ar/",
          "notes": "Tell el-Dab’a/Avaris — MoTA; Austrian Archaeological Institute historically.",
          "official_website": "https://www.mota.gov.eg/ar/"
        },
        "dig_status": "open",
        "eras": [
          "Bronze Age",
          "Exodus / Wilderness"
        ],
        "official_website": "https://www.mota.gov.eg/ar/",
        "official_website_label": "Egypt Ministry of Tourism and Antiquities",
        "status_kind": "dig"
      }
    },
    {
      "type": "Feature",
      "geometry": {
        "type": "Point",
        "coordinates": [
          33.45929846046294,
          29.03689248681427
        ]
      },
      "properties": {
        "id": "SER-01",
        "name": "Serabit el-Khadim",
        "layer": "ot_digs",
        "dig": "Petrie Sinai Expedition / turquoise mine inscriptions",
        "years": "1904–1905 (Petrie); later epigraphic surveys",
        "region": "Egypt",
        "location": "Egypt / SW Sinai / Serabit el-Khadim",
        "mgrs": "36RWT44721216",
        "verses": "Exodus 19–20 (Sinai setting debates); Exodus 31:18 (writing motifs)",
        "found": "Proto-Sinaitic inscriptions; Hathor temple; turquoise mining galleries; early alphabetic experiments by Canaanite workers.",
        "support": "Supports early alphabetic writing in Sinai in Middle–Late Bronze—background for possibility of early Hebrew-related scripts. Does not locate Mount Sinai or prove Exodus route.",
        "sources": "W.M.F. Petrie, Researches in Sinai; https://www.britishmuseum.org/; Sass / Goldwasser alphabet studies",
        "notes": "Alphabet decipherment still discussed.",
        "campaigns": 1,
        "confidence": "confirmed",
        "biblical_name": null,
        "strongs_id": null,
        "strongs_lang": null,
        "strongs_url": null,
        "strongs_lemma": null,
        "strongs_gloss": null,
        "strongs_null_reason": "Modern mine/temple site; not an OT place lemma",
        "creation_ministry": {
          "blurb": "No site-specific Answers in Genesis, Creation Museum, or Ark Encounter page was verified for this dig in the 2026-09-30 survey. Do not invent AiG claims—label any future hit clearly as ministry interpretation, not dig consensus.",
          "aig": [],
          "creation_museum": [],
          "ark_encounter": [],
          "coverage": "none_found",
          "researched_at": "2026-09-30"
        },
        "creation_ministry_blurb": "No site-specific Answers in Genesis, Creation Museum, or Ark Encounter page was verified for this dig in the 2026-09-30 survey. Do not invent AiG claims—label any future hit clearly as ministry interpretation, not dig consensus.",
        "creation_ministry_coverage": "none_found",
        "creation_ministry_aig": [],
        "creation_ministry_museum": [],
        "creation_ministry_ark": [],
        "dig_halt": {
          "status": "no_halt_recorded",
          "date": null,
          "halted_by": null,
          "summary": "No dig halt is recorded for this site in the sources checked. High-profile halt searches prioritized Temple Mount restrictions, City of David/Silwan court orders, West Bank permit issues, Turkish foreign-mission suspensions, Jordan TeH, COVID project statements, and conflict interruptions (Syria/Iraq); this site did not yield a verified org/government stop-work or permit-revocation event.",
          "sources": []
        },
        "site_authority": {
          "name": "Ministry of Tourism and Antiquities (Egypt) / Supreme Council of Antiquities",
          "type": "national_antiquities",
          "role": "National ministry overseeing museums, monuments, and excavation permits in Egypt.",
          "contact_name": null,
          "contact_title": "Ministry portal inquiries",
          "contact_email": "moa.portal@mota.gov.eg",
          "contact_phone": "19654",
          "contact_url": "https://www.mota.gov.eg/ar/",
          "notes": "Serabit el-Khadim — MoTA Sinai antiquities.",
          "official_website": "https://www.mota.gov.eg/ar/"
        },
        "dig_status": "open",
        "eras": [
          "Bronze Age",
          "Exodus / Wilderness"
        ],
        "official_website": "https://www.mota.gov.eg/ar/",
        "official_website_label": "Egypt Ministry of Tourism and Antiquities",
        "status_kind": "dig"
      }
    },
    {
      "type": "Feature",
      "geometry": {
        "type": "Point",
        "coordinates": [
          43.15273090062488,
          36.35933998859271
        ]
      },
      "properties": {
        "id": "NIN-01",
        "name": "Nineveh (Kuyunjik / Nebi Yunus)",
        "layer": "ot_digs",
        "dig": "Layard / Rassam Nineveh Excavations",
        "years": "1845–1851; Rassam later 1850s–1880s",
        "region": "Mesopotamia",
        "location": "Iraq / Mosul / Kuyunjik mound",
        "mgrs": "38SLF34262539",
        "verses": "Genesis 10:11; 2 Kings 19:36; Isaiah 37:37; Jonah 1:2; Nahum 1–3; Zephaniah 2:13",
        "found": "Sennacherib’s Southwest Palace; Lachish siege reliefs; Ashurbanipal’s library tablets (epic literature, royal annals); colossal lamassu.",
        "support": "STRONG: Assyrian annals and Lachish reliefs corroborate Sennacherib’s 701 BCE campaign against Judah (2 Kings 18–19). Royal libraries illuminate world of Isaiah/Nahum. Nineveh’s fall 612 BCE matches prophetic horizon.  Occupation silenced the digs: during ISIS control of Mosul (2014–2017), Nineveh suffered documented destruction and normal excavation access collapsed—archaeology paused not by a finished research design but by war.",
        "sources": "https://www.britishmuseum.org/; Layard, Nineveh and Its Remains; https://oracc.museum.upenn.edu/; British Museum Assyrian collection pages; https://oi.uchicago.edu/ (OI Mesopotamia pubs)",
        "notes": "ISIS damaged Nebi Yunus/Mosul museum area 2014–17; records recovery ongoing.",
        "campaigns": 1,
        "confidence": "confirmed",
        "biblical_name": "Nineveh",
        "strongs_id": "H5210",
        "strongs_lang": "H",
        "strongs_url": "https://www.blueletterbible.org/lexicon/h5210/kjv/wlc/0-1/",
        "strongs_lemma": "נִינְוֵה",
        "strongs_gloss": "abode of Ninus; Assyrian capital",
        "creation_ministry": {
          "blurb": "AiG’s Assyria archaeology pieces treat imperial finds as corroborating biblical Assyria–Judah narratives (Nineveh sphere). Site-adjacent ministry coverage; no CM/Ark Nineveh exhibit URL verified.",
          "aig": [
            {
              "title": "Recent Archaeological Finds in Assyria Corroborate Scripture",
              "url": "https://answersingenesis.org/archaeology/recent-archaeological-finds-assyria-corroborate-scripture/",
              "summary": "AiG on Assyrian imperial finds corroborating biblical Assyria/Judah interactions (Nineveh sphere).",
              "kind": "article"
            }
          ],
          "creation_museum": [],
          "ark_encounter": [],
          "coverage": "site_specific",
          "researched_at": "2026-09-30"
        },
        "creation_ministry_blurb": "AiG’s Assyria archaeology pieces treat imperial finds as corroborating biblical Assyria–Judah narratives (Nineveh sphere). Site-adjacent ministry coverage; no CM/Ark Nineveh exhibit URL verified.",
        "creation_ministry_coverage": "site_specific",
        "creation_ministry_aig": [
          {
            "title": "Recent Archaeological Finds in Assyria Corroborate Scripture",
            "url": "https://answersingenesis.org/archaeology/recent-archaeological-finds-assyria-corroborate-scripture/",
            "summary": "AiG on Assyrian imperial finds corroborating biblical Assyria/Judah interactions (Nineveh sphere).",
            "kind": "article"
          }
        ],
        "creation_ministry_museum": [],
        "creation_ministry_ark": [],
        "dig_halt": {
          "status": "halt_recorded",
          "date": "2014–2017 (ISIS occupation / destruction period; foreign fieldwork impossible)",
          "halted_by": "ISIS occupation and conflict conditions in Mosul region (Iraqi State Board of Antiquities unable to sustain normal excavation access)",
          "summary": "Peer-reviewed remote-sensing work documents severe damage at Nineveh during ISIS occupation; scientific excavation by foreign missions was impossible under occupation. This is a conflict/occupation interruption of archaeology at a named site—not a voluntary season cancel. Post-liberation assessment and limited work resumed later under Iraqi authorities.",
          "sources": [
            "https://www.cambridge.org/core/journals/antiquity/article/remote-sensing-and-ground-survey-of-archaeological-damage-and-destruction-at-nineveh-during-the-isis-occupation/F029E61E21EEAF19BB4648F634F57EB2"
          ]
        },
        "site_authority": {
          "name": "State Board of Antiquities and Heritage (SBAH), Iraq",
          "type": "national_antiquities",
          "role": "National board licensing excavations and protecting heritage sites in Iraq.",
          "contact_name": null,
          "contact_title": "Relations Department",
          "contact_email": "relations@sbah.gov.iq",
          "contact_phone": null,
          "contact_url": "https://sbah.gov.iq/",
          "notes": "Nineveh — SBAH Iraq.",
          "official_website": "https://sbah.gov.iq/"
        },
        "dig_status": "halted",
        "eras": [
          "Iron Age"
        ],
        "official_website": "https://sbah.gov.iq/",
        "official_website_label": "State Board of Antiquities and Heritage (SBAH), Iraq",
        "status_kind": "dig"
      }
    },
    {
      "type": "Feature",
      "geometry": {
        "type": "Point",
        "coordinates": [
          43.32858669895276,
          36.098258074061256
        ]
      },
      "properties": {
        "id": "NIM-01",
        "name": "Nimrud (Kalhu)",
        "layer": "ot_digs",
        "dig": "Layard Nimrud; later Mallowan British School Excavations",
        "years": "1845–1847; 1949–1958",
        "region": "Mesopotamia",
        "location": "Iraq / south of Mosul / Nimrud",
        "mgrs": "38SLE49549614",
        "verses": "Genesis 10:11–12 (Calah); Isaiah 10:5–19; 2 Kings 15–19 (Assyrian period)",
        "found": "Northwest Palace of Ashurnasirpal II; Black Obelisk of Shalmaneser III (Jehu of Israel bowing—discovered by Layard 1846); ivories; Banquet Stele.",
        "support": "STRONG: Black Obelisk names Jehu son of Omri (Assyrian label)—first depiction of an Israelite king, aligning with 2 Kings 9–10 era. Calah = biblical Calah.  Bombs before balks: ISIS-era destruction at Nimrud (Kalhu) halted ordinary excavation seasons; only after liberation could rescue archaeology and stabilization projects begin putting the Assyrian capital’s story back together.",
        "sources": "https://www.britishmuseum.org/collection/object/W_1848-1104-1; https://oracc.org/nimrud/; Mallowan, Nimrud and Its Remains; British Museum Assyrian collection pages; https://oi.uchicago.edu/ (OI Mesopotamia pubs)",
        "notes": "ISIS destruction 2015; documentation projects preserve records.",
        "campaigns": 1,
        "confidence": "confirmed",
        "biblical_name": "Calah",
        "strongs_id": "H3625",
        "strongs_lang": "H",
        "strongs_url": "https://www.blueletterbible.org/lexicon/h3625/kjv/wlc/0-1/",
        "strongs_lemma": "כָּלַח",
        "strongs_gloss": "vigor; Assyrian Calah",
        "creation_ministry": {
          "blurb": "No site-specific Answers in Genesis, Creation Museum, or Ark Encounter page was verified for this dig in the 2026-09-30 survey. Do not invent AiG claims—label any future hit clearly as ministry interpretation, not dig consensus.",
          "aig": [],
          "creation_museum": [],
          "ark_encounter": [],
          "coverage": "none_found",
          "researched_at": "2026-09-30"
        },
        "creation_ministry_blurb": "No site-specific Answers in Genesis, Creation Museum, or Ark Encounter page was verified for this dig in the 2026-09-30 survey. Do not invent AiG claims—label any future hit clearly as ministry interpretation, not dig consensus.",
        "creation_ministry_coverage": "none_found",
        "creation_ministry_aig": [],
        "creation_ministry_museum": [],
        "creation_ministry_ark": [],
        "dig_halt": {
          "status": "halt_recorded",
          "date": "2015–2017 (ISIS destruction / insecurity; fieldwork interrupted)",
          "halted_by": "ISIS occupation and conflict conditions (Iraqi heritage authorities; foreign missions suspended)",
          "summary": "Nimrud was heavily damaged under ISIS; excavation and conservation by international teams were interrupted by occupation and insecurity. Later rescue/stabilization projects (e.g. Penn-linked Nimrud work) address post-conflict recovery. Recorded as conflict-driven stoppage of normal dig operations at this specific site.",
          "sources": [
            "https://www.tarii.org/nimrud",
            "https://www.penn.museum/about/press-room/press-releases/penn-museum-archaeologists-protect-assyrian-history-in-iraq"
          ]
        },
        "site_authority": {
          "name": "State Board of Antiquities and Heritage (SBAH), Iraq",
          "type": "national_antiquities",
          "role": "National board licensing excavations and protecting heritage sites in Iraq.",
          "contact_name": null,
          "contact_title": "Relations Department",
          "contact_email": "relations@sbah.gov.iq",
          "contact_phone": null,
          "contact_url": "https://sbah.gov.iq/",
          "notes": "Nimrud/Kalhu — SBAH Iraq.",
          "official_website": "https://sbah.gov.iq/"
        },
        "dig_status": "halted",
        "eras": [
          "Iron Age"
        ],
        "official_website": "https://sbah.gov.iq/",
        "official_website_label": "State Board of Antiquities and Heritage (SBAH), Iraq",
        "status_kind": "dig"
      }
    },
    {
      "type": "Feature",
      "geometry": {
        "type": "Point",
        "coordinates": [
          43.22934806316608,
          36.50914132147722
        ]
      },
      "properties": {
        "id": "KHO-01",
        "name": "Khorsabad (Dur-Sharrukin)",
        "layer": "ot_digs",
        "dig": "Botta / Place French Excavations; later Oriental Institute",
        "years": "1843–1844; 1852–1855; OI 1929–1935",
        "region": "Mesopotamia",
        "location": "Iraq / NE of Mosul / Khorsabad",
        "mgrs": "38SLF41444188",
        "verses": "Isaiah 20:1 (Sargon); 2 Kings 17:6; Isaiah 10",
        "found": "Sargon II’s capital palace; reliefs; inscriptions documenting Assyrian campaigns including against Samaria’s region.",
        "support": "Sargon II—named in Isaiah 20:1—was once doubted by critics before Khorsabad; excavations restored him to history. Supports Assyrian imperial setting of 2 Kings 17.",
        "sources": "https://oi.uchicago.edu/; Louvre Khorsabad court; Loud, Khorsabad I–II; British Museum Assyrian collection pages; https://oi.uchicago.edu/ (OI Mesopotamia pubs)",
        "notes": "Classic case of archaeology confirming a biblical royal name.",
        "campaigns": 1,
        "confidence": "confirmed",
        "biblical_name": null,
        "strongs_id": null,
        "strongs_lang": null,
        "strongs_url": null,
        "strongs_lemma": null,
        "strongs_gloss": null,
        "strongs_null_reason": "Sargon’s capital; not named as an OT place lemma",
        "creation_ministry": {
          "blurb": "No site-specific Answers in Genesis, Creation Museum, or Ark Encounter page was verified for this dig in the 2026-09-30 survey. Do not invent AiG claims—label any future hit clearly as ministry interpretation, not dig consensus.",
          "aig": [],
          "creation_museum": [],
          "ark_encounter": [],
          "coverage": "none_found",
          "researched_at": "2026-09-30"
        },
        "creation_ministry_blurb": "No site-specific Answers in Genesis, Creation Museum, or Ark Encounter page was verified for this dig in the 2026-09-30 survey. Do not invent AiG claims—label any future hit clearly as ministry interpretation, not dig consensus.",
        "creation_ministry_coverage": "none_found",
        "creation_ministry_aig": [],
        "creation_ministry_museum": [],
        "creation_ministry_ark": [],
        "dig_halt": {
          "status": "no_halt_recorded",
          "date": null,
          "halted_by": null,
          "summary": "No dig halt is recorded for this site in the sources checked. High-profile halt searches prioritized Temple Mount restrictions, City of David/Silwan court orders, West Bank permit issues, Turkish foreign-mission suspensions, Jordan TeH, COVID project statements, and conflict interruptions (Syria/Iraq); this site did not yield a verified org/government stop-work or permit-revocation event.",
          "sources": []
        },
        "site_authority": {
          "name": "State Board of Antiquities and Heritage (SBAH), Iraq",
          "type": "national_antiquities",
          "role": "National board licensing excavations and protecting heritage sites in Iraq.",
          "contact_name": null,
          "contact_title": "Relations Department",
          "contact_email": "relations@sbah.gov.iq",
          "contact_phone": null,
          "contact_url": "https://sbah.gov.iq/",
          "notes": "Khorsabad — SBAH Iraq.",
          "official_website": "https://sbah.gov.iq/"
        },
        "dig_status": "open",
        "eras": [
          "Iron Age"
        ],
        "official_website": "https://sbah.gov.iq/",
        "official_website_label": "State Board of Antiquities and Heritage (SBAH), Iraq",
        "status_kind": "dig"
      }
    },
    {
      "type": "Feature",
      "geometry": {
        "type": "Point",
        "coordinates": [
          44.42074558443791,
          32.54161410744104
        ]
      },
      "properties": {
        "id": "BAB-01",
        "name": "Babylon",
        "layer": "ot_digs",
        "dig": "Deutsche Orient-Gesellschaft Koldewey Excavations",
        "years": "1899–1917",
        "region": "Mesopotamia",
        "location": "Iraq / Hillah region / Babylon ruins",
        "mgrs": "38SMB45610062",
        "verses": "2 Kings 24–25; Jeremiah 39; Daniel 1–5; Psalm 137; Isaiah 13–14; Genesis 11:1–9 (tradition)",
        "found": "Ishtar Gate; Processional Way; Nebuchadnezzar’s city walls and palaces; Esagila/Etemenanki ziggurat remains; cuneiform building inscriptions.",
        "support": "STRONG urban setting for Exile narratives: Nebuchadnezzar II’s Babylon matches the empire that destroyed Jerusalem (2 Kings 25). Cyrus’s later takeover attested in inscriptions. Tower of Babel link to Etemenanki is traditional/plausible background, not proof of Genesis 11 as reportage.",
        "sources": "R. Koldewey, The Excavations at Babylon; https://www.smb.museum/; https://www.britishmuseum.org/",
        "notes": "Iraqi excavations and restoration continue; politics/access variable.",
        "campaigns": 1,
        "confidence": "confirmed",
        "biblical_name": "Babel / Babylon",
        "strongs_id": "H894",
        "strongs_lang": "H",
        "strongs_url": "https://www.blueletterbible.org/lexicon/h894/kjv/wlc/0-1/",
        "strongs_lemma": "בָּבֶל",
        "strongs_gloss": "confusion; Mesopotamian capital",
        "creation_ministry": {
          "blurb": "AiG Tower of Babel materials discuss Mesopotamian ziggurat analogies and, in “Digging Past the Doubts,” note Eridu unfinished-ziggurat / Enmerkar traditions as a Babel theory—while traditional ID remains Babylon. Ministry interpretation; location not dig consensus.",
          "aig": [
            {
              "title": "Tower of Babel",
              "url": "https://answersingenesis.org/tower-of-babel/",
              "summary": "AiG Tower of Babel topic hub: ministry interpretation of dispersion and ziggurat background.",
              "kind": "article"
            },
            {
              "title": "What Did the Tower Look Like?",
              "url": "https://answersingenesis.org/tower-of-babel/what-did-the-tower-look-like/",
              "summary": "AiG suggests Mesopotamian ziggurat form for Babel tower.",
              "kind": "article"
            },
            {
              "title": "Digging Past the Doubts",
              "url": "https://answersingenesis.org/archaeology/digging-past-doubts/",
              "summary": "Wood-aligned conquest apologetic covering Jericho pottery/scarabs, Bab edh-Dhra/Numeira as southern Sodom/Gomorrah candidates, and Eridu unfinished ziggurat as a Babel theory.",
              "kind": "article"
            },
            {
              "title": "Ur Connects Babel to Today",
              "url": "https://answersingenesis.org/archaeology/ur-connects-babel-to-today/",
              "summary": "AiG links Mesopotamian Ur archaeology to post-Babel/Abraham narrative framing.",
              "kind": "article"
            }
          ],
          "creation_museum": [],
          "ark_encounter": [],
          "coverage": "site_specific",
          "researched_at": "2026-09-30"
        },
        "creation_ministry_blurb": "AiG Tower of Babel materials discuss Mesopotamian ziggurat analogies and, in “Digging Past the Doubts,” note Eridu unfinished-ziggurat / Enmerkar traditions as a Babel theory—while traditional ID remains Babylon. Ministry interpretation; location not dig consensus.",
        "creation_ministry_coverage": "site_specific",
        "creation_ministry_aig": [
          {
            "title": "Tower of Babel",
            "url": "https://answersingenesis.org/tower-of-babel/",
            "summary": "AiG Tower of Babel topic hub: ministry interpretation of dispersion and ziggurat background.",
            "kind": "article"
          },
          {
            "title": "What Did the Tower Look Like?",
            "url": "https://answersingenesis.org/tower-of-babel/what-did-the-tower-look-like/",
            "summary": "AiG suggests Mesopotamian ziggurat form for Babel tower.",
            "kind": "article"
          },
          {
            "title": "Digging Past the Doubts",
            "url": "https://answersingenesis.org/archaeology/digging-past-doubts/",
            "summary": "Wood-aligned conquest apologetic covering Jericho pottery/scarabs, Bab edh-Dhra/Numeira as southern Sodom/Gomorrah candidates, and Eridu unfinished ziggurat as a Babel theory.",
            "kind": "article"
          },
          {
            "title": "Ur Connects Babel to Today",
            "url": "https://answersingenesis.org/archaeology/ur-connects-babel-to-today/",
            "summary": "AiG links Mesopotamian Ur archaeology to post-Babel/Abraham narrative framing.",
            "kind": "article"
          }
        ],
        "creation_ministry_museum": [],
        "creation_ministry_ark": [],
        "dig_halt": {
          "status": "no_halt_recorded",
          "date": null,
          "halted_by": null,
          "summary": "No dig halt is recorded for this site in the sources checked. High-profile halt searches prioritized Temple Mount restrictions, City of David/Silwan court orders, West Bank permit issues, Turkish foreign-mission suspensions, Jordan TeH, COVID project statements, and conflict interruptions (Syria/Iraq); this site did not yield a verified org/government stop-work or permit-revocation event.",
          "sources": []
        },
        "site_authority": {
          "name": "State Board of Antiquities and Heritage (SBAH), Iraq",
          "type": "national_antiquities",
          "role": "National board licensing excavations and protecting heritage sites in Iraq.",
          "contact_name": null,
          "contact_title": "Relations Department",
          "contact_email": "relations@sbah.gov.iq",
          "contact_phone": null,
          "contact_url": "https://sbah.gov.iq/",
          "notes": "Babylon — SBAH Iraq; UNESCO WH.",
          "official_website": "https://whc.unesco.org/en/list/278/"
        },
        "dig_status": "open",
        "eras": [
          "Iron Age",
          "Persian / Hellenistic"
        ],
        "official_website": "https://whc.unesco.org/en/list/278/",
        "official_website_label": "UNESCO — Babylon",
        "status_kind": "dig"
      }
    },
    {
      "type": "Feature",
      "geometry": {
        "type": "Point",
        "coordinates": [
          46.10525913341405,
          30.96168929629781
        ]
      },
      "properties": {
        "id": "UR-01",
        "name": "Ur (Tell el-Muqayyar)",
        "layer": "ot_digs",
        "dig": "Joint Expedition to Ur",
        "years": "1922–1934",
        "region": "Mesopotamia",
        "location": "Iraq / Dhi Qar / near Nasiriyah",
        "mgrs": "38RPV05562588",
        "verses": "Genesis 11:28–31; Genesis 15:7; Nehemiah 9:7",
        "found": "Royal Cemetery (Puabi); Great Ziggurat of Ur-Nammu; flood silt layer Woolley linked to Noah; residential quarters; tablets.",
        "support": "Confirms Ur as a major Sumerian city suitable for Ur of the Chaldeans tradition of Abraham’s origin. Woolley’s flood = local flood deposit, not proof of global Noah flood—honest distinction. Ziggurat illustrates Mesopotamian temple towers related to Babel imagery background.",
        "sources": "https://www.penn.museum/; Woolley, Ur of the Chaldees; https://www.britishmuseum.org/",
        "notes": "Identifying patriarchal Ur with this site is standard but some propose northern Urs.",
        "campaigns": 1,
        "confidence": "confirmed",
        "biblical_name": "Ur",
        "strongs_id": "H218",
        "strongs_lang": "H",
        "strongs_url": "https://www.blueletterbible.org/lexicon/h218/kjv/wlc/0-1/",
        "strongs_lemma": "אוּר",
        "strongs_gloss": "flame / light; Ur of the Chaldeans",
        "creation_ministry": {
          "blurb": "“Ur Connects Babel to Today” (AiG) links Ur archaeology to post-Babel and Abraham narratives. Answers in Genesis ministry framing—not a CM/Ark Ur exhibit.",
          "aig": [
            {
              "title": "Ur Connects Babel to Today",
              "url": "https://answersingenesis.org/archaeology/ur-connects-babel-to-today/",
              "summary": "AiG links Mesopotamian Ur archaeology to post-Babel/Abraham narrative framing.",
              "kind": "article"
            },
            {
              "title": "Tower of Babel",
              "url": "https://answersingenesis.org/tower-of-babel/",
              "summary": "AiG Tower of Babel topic hub: ministry interpretation of dispersion and ziggurat background.",
              "kind": "article"
            }
          ],
          "creation_museum": [],
          "ark_encounter": [],
          "coverage": "site_specific",
          "researched_at": "2026-09-30"
        },
        "creation_ministry_blurb": "“Ur Connects Babel to Today” (AiG) links Ur archaeology to post-Babel and Abraham narratives. Answers in Genesis ministry framing—not a CM/Ark Ur exhibit.",
        "creation_ministry_coverage": "site_specific",
        "creation_ministry_aig": [
          {
            "title": "Ur Connects Babel to Today",
            "url": "https://answersingenesis.org/archaeology/ur-connects-babel-to-today/",
            "summary": "AiG links Mesopotamian Ur archaeology to post-Babel/Abraham narrative framing.",
            "kind": "article"
          },
          {
            "title": "Tower of Babel",
            "url": "https://answersingenesis.org/tower-of-babel/",
            "summary": "AiG Tower of Babel topic hub: ministry interpretation of dispersion and ziggurat background.",
            "kind": "article"
          }
        ],
        "creation_ministry_museum": [],
        "creation_ministry_ark": [],
        "dig_halt": {
          "status": "no_halt_recorded",
          "date": null,
          "halted_by": null,
          "summary": "No dig halt is recorded for this site in the sources checked. High-profile halt searches prioritized Temple Mount restrictions, City of David/Silwan court orders, West Bank permit issues, Turkish foreign-mission suspensions, Jordan TeH, COVID project statements, and conflict interruptions (Syria/Iraq); this site did not yield a verified org/government stop-work or permit-revocation event.",
          "sources": []
        },
        "site_authority": {
          "name": "State Board of Antiquities and Heritage (SBAH), Iraq",
          "type": "national_antiquities",
          "role": "National board licensing excavations and protecting heritage sites in Iraq.",
          "contact_name": null,
          "contact_title": "Relations Department",
          "contact_email": "relations@sbah.gov.iq",
          "contact_phone": null,
          "contact_url": "https://sbah.gov.iq/",
          "notes": "Ur — SBAH Iraq; British Museum historical.",
          "official_website": "https://sbah.gov.iq/"
        },
        "dig_status": "open",
        "eras": [
          "Bronze Age",
          "Neolithic / Chalcolithic"
        ],
        "official_website": "https://sbah.gov.iq/",
        "official_website_label": "State Board of Antiquities and Heritage (SBAH), Iraq",
        "status_kind": "dig"
      }
    },
    {
      "type": "Feature",
      "geometry": {
        "type": "Point",
        "coordinates": [
          40.88809642295668,
          34.55053373016764
        ]
      },
      "properties": {
        "id": "MAR-01",
        "name": "Mari (Tell Hariri)",
        "layer": "ot_digs",
        "dig": "Mission archéologique de Mari",
        "years": "1933–1975 (Parrot); Margueron renewals from 1979",
        "region": "Mesopotamia",
        "location": "Syria / Middle Euphrates / near Abu Kamal",
        "mgrs": "37SFU73242482",
        "verses": "Genesis 11–12 (patriarchal routes); Genesis 31 (family law parallels debated)",
        "found": "Mari palace archives (~20,000+ tablets); prophetic letters; tribal terms; palace art; city plan.",
        "support": "Background for Amorite tribal world of early 2nd millennium—names and social customs sometimes compared to Genesis. Comparative illumination, not direct Abraham proof. Prophetic texts show prophecy existed in ANE courts.  Conflict emptied the palace dig: the French mission at Mari (Tell Hariri) kept excavating under Pascal Butterlin until Syria’s war began, then shifted to remote damage tracking—another Euphrates capital whose trenches went quiet for security, not for lack of research questions.",
        "sources": "A. Parrot, Mari publications; https://www.louvre.fr/; ARM (Archives Royales de Mari) series",
        "notes": "Syria border zone; access difficult.",
        "campaigns": 1,
        "confidence": "confirmed",
        "biblical_name": null,
        "strongs_id": null,
        "strongs_lang": null,
        "strongs_url": null,
        "strongs_lemma": null,
        "strongs_gloss": null,
        "strongs_null_reason": "Not a Hebrew Bible place-name lemma",
        "creation_ministry": {
          "blurb": "No site-specific Answers in Genesis, Creation Museum, or Ark Encounter page was verified for this dig in the 2026-09-30 survey. Do not invent AiG claims—label any future hit clearly as ministry interpretation, not dig consensus.",
          "aig": [],
          "creation_museum": [],
          "ark_encounter": [],
          "coverage": "none_found",
          "researched_at": "2026-09-30"
        },
        "creation_ministry_blurb": "No site-specific Answers in Genesis, Creation Museum, or Ark Encounter page was verified for this dig in the 2026-09-30 survey. Do not invent AiG claims—label any future hit clearly as ministry interpretation, not dig consensus.",
        "creation_ministry_coverage": "none_found",
        "creation_ministry_aig": [],
        "creation_ministry_museum": [],
        "creation_ministry_ark": [],
        "dig_halt": {
          "status": "halt_recorded",
          "date": "from onset of Syrian conflict (~2011; last field phase under Butterlin to start of conflict)",
          "halted_by": "Syrian conflict / security conditions suspending French mission field research at Tell Hariri",
          "summary": "France’s Ministry of Culture Mari project history states Pascal Butterlin’s field research continued until the beginning of the Syrian conflict; thereafter the mission relied on archives and damage assessment rather than active excavation. Specific site documentation of a war-driven halt.",
          "sources": [
            "https://archeologie.culture.gouv.fr/mari/en/excavation-history",
            "https://archeologie.culture.gouv.fr/mari/en/current-research"
          ]
        },
        "site_authority": {
          "name": "Directorate-General of Antiquities and Museums (DGAM), Syria",
          "type": "national_antiquities",
          "role": "National directorate for antiquities and museums in Syria.",
          "contact_name": null,
          "contact_title": null,
          "contact_email": null,
          "contact_phone": null,
          "contact_url": "http://www.dgam.gov.sy/",
          "notes": "Mari/Tell Hariri — DGAM Syria. French Mission historically. Authority-only.",
          "official_website": "https://www.dgam.gov.sy/"
        },
        "dig_status": "halted",
        "eras": [
          "Bronze Age"
        ],
        "official_website": "https://www.dgam.gov.sy/",
        "official_website_label": "Directorate-General of Antiquities and Museums (DGAM), Syria",
        "status_kind": "dig"
      }
    },
    {
      "type": "Feature",
      "geometry": {
        "type": "Point",
        "coordinates": [
          45.23302320422592,
          32.12666984790969
        ]
      },
      "properties": {
        "id": "NIP-01",
        "name": "Nippur",
        "layer": "ot_digs",
        "dig": "Pennsylvania / Oriental Institute Nippur Expeditions",
        "years": "1889–1900; 1948–1990 (intermittent OI)",
        "region": "Mesopotamia",
        "location": "Iraq / near Afak",
        "mgrs": "38SNA21985450",
        "verses": "Genesis 1–11 comparative; Ezekiel (exilic literacy background)",
        "found": "Temple of Enlil; vast tablet finds including flood story versions (Atrahasis-related scholastic texts), maps, administrative docs.",
        "support": "Provides Mesopotamian flood and creation literary background often compared with Genesis—useful for understanding shared ANE memory traditions; not a dig proving Genesis.",
        "sources": "https://oi.uchicago.edu/research/projects/nippur; Penn Museum Nippur; https://www.britishmuseum.org/",
        "notes": "Literary parallels = comparative, not corroboration of identical events.",
        "campaigns": 1,
        "confidence": "confirmed",
        "biblical_name": null,
        "strongs_id": null,
        "strongs_lang": null,
        "strongs_url": null,
        "strongs_lemma": null,
        "strongs_gloss": null,
        "strongs_null_reason": "Not a Hebrew Bible place-name lemma",
        "creation_ministry": {
          "blurb": "No site-specific Answers in Genesis, Creation Museum, or Ark Encounter page was verified for this dig in the 2026-09-30 survey. Do not invent AiG claims—label any future hit clearly as ministry interpretation, not dig consensus.",
          "aig": [],
          "creation_museum": [],
          "ark_encounter": [],
          "coverage": "none_found",
          "researched_at": "2026-09-30"
        },
        "creation_ministry_blurb": "No site-specific Answers in Genesis, Creation Museum, or Ark Encounter page was verified for this dig in the 2026-09-30 survey. Do not invent AiG claims—label any future hit clearly as ministry interpretation, not dig consensus.",
        "creation_ministry_coverage": "none_found",
        "creation_ministry_aig": [],
        "creation_ministry_museum": [],
        "creation_ministry_ark": [],
        "dig_halt": {
          "status": "no_halt_recorded",
          "date": null,
          "halted_by": null,
          "summary": "No dig halt is recorded for this site in the sources checked. High-profile halt searches prioritized Temple Mount restrictions, City of David/Silwan court orders, West Bank permit issues, Turkish foreign-mission suspensions, Jordan TeH, COVID project statements, and conflict interruptions (Syria/Iraq); this site did not yield a verified org/government stop-work or permit-revocation event.",
          "sources": []
        },
        "site_authority": {
          "name": "State Board of Antiquities and Heritage (SBAH), Iraq",
          "type": "national_antiquities",
          "role": "National board licensing excavations and protecting heritage sites in Iraq.",
          "contact_name": null,
          "contact_title": "Relations Department",
          "contact_email": "relations@sbah.gov.iq",
          "contact_phone": null,
          "contact_url": "https://sbah.gov.iq/",
          "notes": "Nippur — SBAH Iraq; Oriental Institute Chicago historically.",
          "official_website": "https://sbah.gov.iq/"
        },
        "dig_status": "open",
        "eras": [
          "Bronze Age"
        ],
        "official_website": "https://sbah.gov.iq/",
        "official_website_label": "State Board of Antiquities and Heritage (SBAH), Iraq",
        "status_kind": "dig"
      }
    },
    {
      "type": "Feature",
      "geometry": {
        "type": "Point",
        "coordinates": [
          34.61523965126774,
          40.01967008549728
        ]
      },
      "properties": {
        "id": "HAT-01",
        "name": "Hattusa (Boğazköy / Boğazkale)",
        "layer": "ot_digs",
        "dig": "German Boğazköy Excavations",
        "years": "1906–1912; 1931–1939; 1952–present",
        "region": "Anatolia",
        "location": "Turkey / Çorum Province / Boğazkale",
        "mgrs": "36TXK37843119",
        "verses": "Genesis 23:3–20; Genesis 26:34; 2 Samuel 11:3; 1 Kings 10:29; 2 Kings 7:6",
        "found": "Hittite capital; 30,000+ cuneiform tablets; royal treaties (incl. Egyptian peace treaty parallels); temples; fortifications; Lion Gate.",
        "support": "STRONG for Hittites as real imperial people—19th-c. skeptics doubted biblical Hittites until Hattusa archives. Supports Bible’s memory of Hittites as a major power; individual Genesis Hittites are local groups possibly related by name.",
        "sources": "https://www.dainst.org/; https://whc.unesco.org/en/list/377/; Bryce, The Kingdom of the Hittites",
        "notes": "Textbook case of archaeology vindicating a biblical people-name.",
        "campaigns": 1,
        "confidence": "confirmed",
        "biblical_name": null,
        "strongs_id": null,
        "strongs_lang": null,
        "strongs_url": null,
        "strongs_lemma": null,
        "strongs_gloss": null,
        "strongs_null_reason": "Hittite capital; OT has Hittite people (H2850), not this city lemma",
        "creation_ministry": {
          "blurb": "No site-specific Answers in Genesis, Creation Museum, or Ark Encounter page was verified for this dig in the 2026-09-30 survey. Do not invent AiG claims—label any future hit clearly as ministry interpretation, not dig consensus.",
          "aig": [],
          "creation_museum": [],
          "ark_encounter": [],
          "coverage": "none_found",
          "researched_at": "2026-09-30"
        },
        "creation_ministry_blurb": "No site-specific Answers in Genesis, Creation Museum, or Ark Encounter page was verified for this dig in the 2026-09-30 survey. Do not invent AiG claims—label any future hit clearly as ministry interpretation, not dig consensus.",
        "creation_ministry_coverage": "none_found",
        "creation_ministry_aig": [],
        "creation_ministry_museum": [],
        "creation_ministry_ark": [],
        "dig_halt": {
          "status": "no_halt_recorded",
          "date": null,
          "halted_by": null,
          "summary": "No dig halt is recorded for this site in the sources checked. High-profile halt searches prioritized Temple Mount restrictions, City of David/Silwan court orders, West Bank permit issues, Turkish foreign-mission suspensions, Jordan TeH, COVID project statements, and conflict interruptions (Syria/Iraq); this site did not yield a verified org/government stop-work or permit-revocation event.",
          "sources": []
        },
        "site_authority": {
          "name": "Republic of Türkiye Ministry of Culture and Tourism — General Directorate of Cultural Heritage and Museums",
          "type": "national_antiquities",
          "role": "Oversees museums, archaeological sites (örenyerleri), and excavation permits in Türkiye.",
          "contact_name": null,
          "contact_title": "General Directorate contact",
          "contact_email": "kulturvarlikmuze@ktb.gov.tr",
          "contact_phone": "+90-312-470-6464",
          "contact_url": "https://kvmgm.ktb.gov.tr/TR-138338/merkez-teskilati-iletisim-bilgileri.html",
          "notes": "Hattusa/Boğazkale — Turkish MoC; DAI long partnership.",
          "official_website": "https://muze.gov.tr/muze-detay?DistId=MRK&SectionId=BGO01"
        },
        "dig_status": "open",
        "eras": [
          "Bronze Age"
        ],
        "official_website": "https://muze.gov.tr/muze-detay?DistId=MRK&SectionId=BGO01",
        "official_website_label": "Türkiye MoC — Boğazköy-Hattuşa Archaeological Site",
        "status_kind": "dig"
      }
    },
    {
      "type": "Feature",
      "geometry": {
        "type": "Point",
        "coordinates": [
          38.01497487010222,
          36.82966977828565
        ]
      },
      "properties": {
        "id": "CAR-01",
        "name": "Carchemish",
        "layer": "ot_digs",
        "dig": "British Museum Carchemish Excavations",
        "years": "1911–1914; 1920",
        "region": "Anatolia",
        "location": "Turkey–Syria border / on Euphrates / near Jerablus",
        "mgrs": "37SDA12167643",
        "verses": "Isaiah 10:9; Jeremiah 46:2; 2 Chronicles 35:20",
        "found": "Neo-Hittite/Aramean monumental reliefs; fortifications; later Assyrian levels; battlefield geography of Nebuchadnezzar vs Egypt (605 BCE).",
        "support": "Confirms Carchemish as real strategic city; Babylonian victory there (Jer 46:2) fits Neo-Babylonian rise just before Jerusalem’s fall—strong historical scaffolding.",
        "sources": "Woolley, Carchemish reports (British Museum); https://www.britishmuseum.org/; Turkish renewals publications",
        "notes": "Border location complicates access; Turkish work resumed in recent decades.",
        "campaigns": 1,
        "confidence": "confirmed",
        "biblical_name": "Carchemish",
        "strongs_id": "H3751",
        "strongs_lang": "H",
        "strongs_url": "https://www.blueletterbible.org/lexicon/h3751/kjv/wlc/0-1/",
        "strongs_lemma": "כַּרְכְּמִישׁ",
        "strongs_gloss": "fortress of Chemosh; Euphrates city",
        "creation_ministry": {
          "blurb": "No site-specific Answers in Genesis, Creation Museum, or Ark Encounter page was verified for this dig in the 2026-09-30 survey. Do not invent AiG claims—label any future hit clearly as ministry interpretation, not dig consensus.",
          "aig": [],
          "creation_museum": [],
          "ark_encounter": [],
          "coverage": "none_found",
          "researched_at": "2026-09-30"
        },
        "creation_ministry_blurb": "No site-specific Answers in Genesis, Creation Museum, or Ark Encounter page was verified for this dig in the 2026-09-30 survey. Do not invent AiG claims—label any future hit clearly as ministry interpretation, not dig consensus.",
        "creation_ministry_coverage": "none_found",
        "creation_ministry_aig": [],
        "creation_ministry_museum": [],
        "creation_ministry_ark": [],
        "dig_halt": {
          "status": "no_halt_recorded",
          "date": null,
          "halted_by": null,
          "summary": "No dig halt is recorded for this site in the sources checked. High-profile halt searches prioritized Temple Mount restrictions, City of David/Silwan court orders, West Bank permit issues, Turkish foreign-mission suspensions, Jordan TeH, COVID project statements, and conflict interruptions (Syria/Iraq); this site did not yield a verified org/government stop-work or permit-revocation event.",
          "sources": []
        },
        "site_authority": {
          "name": "Multi-jurisdiction: Türkiye MoC / Syria DGAM (Carchemish spans Euphrates border area)",
          "type": "mixed",
          "role": "Oversees museums, archaeological sites (örenyerleri), and excavation permits in Türkiye.",
          "contact_name": null,
          "contact_title": "General Directorate contact",
          "contact_email": "kulturvarlikmuze@ktb.gov.tr",
          "contact_phone": "+90-312-470-6464",
          "contact_url": "https://kvmgm.ktb.gov.tr/TR-138338/merkez-teskilati-iletisim-bilgileri.html",
          "notes": "MULTI-JURISDICTION: Carchemish straddles Turkish–Syrian frontier.",
          "official_website": "https://muze.gov.tr/"
        },
        "dig_status": "open",
        "eras": [
          "Iron Age",
          "Bronze Age"
        ],
        "official_website": "https://muze.gov.tr/",
        "official_website_label": "Türkiye Museums (MoC)",
        "status_kind": "dig"
      }
    },
    {
      "type": "Feature",
      "geometry": {
        "type": "Point",
        "coordinates": [
          48.257749913486016,
          32.18915716167572
        ]
      },
      "properties": {
        "id": "SUS-01",
        "name": "Susa (Shushan)",
        "layer": "ot_digs",
        "dig": "French Mission to Susa",
        "years": "1884–1886; 1897–1912; continuing French missions 20th c.",
        "region": "Persia",
        "location": "Iran / Khuzestan / Shush",
        "mgrs": "39STR41476470",
        "verses": "Esther 1:2; Nehemiah 1:1; Daniel 8:2; Ezra 4–6 (Persian court context)",
        "found": "Achaemenid palace complex; Code of Hammurabi stele (found 1901, Babylonian, taken to Susa as booty); administrative tablets; glazed-brick decoration.",
        "support": "Confirms Susa as a real Achaemenid royal city—fitting setting for Esther/Nehemiah. Does not prove Esther narrative details. Hammurabi stele = Mesopotamian law background often compared with Torah law forms.",
        "sources": "https://www.louvre.fr/; de Morgan reports; https://whc.unesco.org/en/list/1455/",
        "notes": "Iran access for foreign digs restricted in many periods; Louvre holds major Susa finds.",
        "campaigns": 1,
        "confidence": "confirmed",
        "biblical_name": "Shushan",
        "strongs_id": "H7800",
        "strongs_lang": "H",
        "strongs_url": "https://www.blueletterbible.org/lexicon/h7800/kjv/wlc/0-1/",
        "strongs_lemma": "שׁוּשַׁן",
        "strongs_gloss": "lily; Persian royal city",
        "creation_ministry": {
          "blurb": "No site-specific Answers in Genesis, Creation Museum, or Ark Encounter page was verified for this dig in the 2026-09-30 survey. Do not invent AiG claims—label any future hit clearly as ministry interpretation, not dig consensus.",
          "aig": [],
          "creation_museum": [],
          "ark_encounter": [],
          "coverage": "none_found",
          "researched_at": "2026-09-30"
        },
        "creation_ministry_blurb": "No site-specific Answers in Genesis, Creation Museum, or Ark Encounter page was verified for this dig in the 2026-09-30 survey. Do not invent AiG claims—label any future hit clearly as ministry interpretation, not dig consensus.",
        "creation_ministry_coverage": "none_found",
        "creation_ministry_aig": [],
        "creation_ministry_museum": [],
        "creation_ministry_ark": [],
        "dig_halt": {
          "status": "no_halt_recorded",
          "date": null,
          "halted_by": null,
          "summary": "No dig halt is recorded for this site in the sources checked. High-profile halt searches prioritized Temple Mount restrictions, City of David/Silwan court orders, West Bank permit issues, Turkish foreign-mission suspensions, Jordan TeH, COVID project statements, and conflict interruptions (Syria/Iraq); this site did not yield a verified org/government stop-work or permit-revocation event.",
          "sources": []
        },
        "site_authority": {
          "name": "Ministry of Cultural Heritage, Tourism and Handicrafts (Iran)",
          "type": "national_antiquities",
          "role": "National ministry overseeing cultural heritage sites in Iran.",
          "contact_name": null,
          "contact_title": null,
          "contact_email": null,
          "contact_phone": "+98-21-33953000",
          "contact_url": "https://www.mcth.ir/",
          "notes": "Susa/Shushan — Iranian cultural heritage ministry.",
          "official_website": "https://whc.unesco.org/en/list/1455/"
        },
        "dig_status": "open",
        "eras": [
          "Persian / Hellenistic",
          "Iron Age"
        ],
        "official_website": "https://whc.unesco.org/en/list/1455/",
        "official_website_label": "UNESCO — Susa",
        "status_kind": "dig"
      }
    },
    {
      "type": "Feature",
      "geometry": {
        "type": "Point",
        "coordinates": [
          44.42074558443791,
          32.54161410744104
        ]
      },
      "properties": {
        "id": "CYR-01",
        "name": "Babylon (Cyrus Cylinder findspot)",
        "layer": "ot_digs",
        "dig": "Rassam find of Cyrus Cylinder at Babylon",
        "years": "1879 (find year)",
        "region": "Mesopotamia",
        "location": "Iraq / Babylon (Esagila area)",
        "mgrs": "38SMB45610062",
        "verses": "Ezra 1:1–4; Isaiah 44:28; Isaiah 45:1; 2 Chronicles 36:22–23",
        "found": "Clay cylinder of Cyrus the Great describing conquest of Babylon and restoration of temples/peoples to their lands.",
        "support": "STRONG policy parallel: Cyrus’s restoration ideology matches Ezra/Chronicles decree allowing Judeans to return and rebuild—though Cylinder does not name Judah/Jerusalem specifically. Excellent imperial-context corroboration.",
        "sources": "https://www.britishmuseum.org/collection/object/W_1880-0617-1941; Irving Finkel publications on the Cyrus Cylinder",
        "notes": "Same Babylon mgrs as BAB-01; separate row because distinct find campaign attribution.",
        "campaigns": 1,
        "confidence": "confirmed",
        "biblical_name": "Babel / Babylon",
        "strongs_id": "H894",
        "strongs_lang": "H",
        "strongs_url": "https://www.blueletterbible.org/lexicon/h894/kjv/wlc/0-1/",
        "strongs_lemma": "בָּבֶל",
        "strongs_gloss": "confusion; Mesopotamian capital",
        "creation_ministry": {
          "blurb": "AiG Babylon/Babel topic pages and Nabonidus Cylinder mentions (Belshazzar) appear in archaeological-finds lists; Cyrus Cylinder findspot lacks a dedicated AiG dig article in this survey. Theme/site-adjacent ministry coverage of Babylonian history.",
          "aig": [
            {
              "title": "6. Archaeological Finds",
              "url": "https://answersingenesis.org/archaeology/6-archaeological-finds/",
              "summary": "AiG list including Tel Dan Stele (House of David) and Pilate Dedication Stone from Caesarea Maritima.",
              "kind": "article"
            },
            {
              "title": "Tower of Babel",
              "url": "https://answersingenesis.org/tower-of-babel/",
              "summary": "AiG Tower of Babel topic hub: ministry interpretation of dispersion and ziggurat background.",
              "kind": "article"
            }
          ],
          "creation_museum": [],
          "ark_encounter": [],
          "coverage": "theme_only",
          "researched_at": "2026-09-30"
        },
        "creation_ministry_blurb": "AiG Babylon/Babel topic pages and Nabonidus Cylinder mentions (Belshazzar) appear in archaeological-finds lists; Cyrus Cylinder findspot lacks a dedicated AiG dig article in this survey. Theme/site-adjacent ministry coverage of Babylonian history.",
        "creation_ministry_coverage": "theme_only",
        "creation_ministry_aig": [
          {
            "title": "6. Archaeological Finds",
            "url": "https://answersingenesis.org/archaeology/6-archaeological-finds/",
            "summary": "AiG list including Tel Dan Stele (House of David) and Pilate Dedication Stone from Caesarea Maritima.",
            "kind": "article"
          },
          {
            "title": "Tower of Babel",
            "url": "https://answersingenesis.org/tower-of-babel/",
            "summary": "AiG Tower of Babel topic hub: ministry interpretation of dispersion and ziggurat background.",
            "kind": "article"
          }
        ],
        "creation_ministry_museum": [],
        "creation_ministry_ark": [],
        "dig_halt": {
          "status": "no_halt_recorded",
          "date": null,
          "halted_by": null,
          "summary": "No dig halt is recorded for this site in the sources checked. High-profile halt searches prioritized Temple Mount restrictions, City of David/Silwan court orders, West Bank permit issues, Turkish foreign-mission suspensions, Jordan TeH, COVID project statements, and conflict interruptions (Syria/Iraq); this site did not yield a verified org/government stop-work or permit-revocation event.",
          "sources": []
        },
        "site_authority": {
          "name": "State Board of Antiquities and Heritage (SBAH), Iraq",
          "type": "national_antiquities",
          "role": "National board licensing excavations and protecting heritage sites in Iraq.",
          "contact_name": null,
          "contact_title": "Relations Department",
          "contact_email": "relations@sbah.gov.iq",
          "contact_phone": null,
          "contact_url": "https://sbah.gov.iq/",
          "notes": "Babylon findspot context for Cyrus Cylinder — SBAH; cylinder in British Museum.",
          "official_website": "https://whc.unesco.org/en/list/278/"
        },
        "dig_status": "open",
        "eras": [
          "Persian / Hellenistic"
        ],
        "official_website": "https://whc.unesco.org/en/list/278/",
        "official_website_label": "UNESCO — Babylon",
        "status_kind": "dig"
      }
    },
    {
      "type": "Feature",
      "geometry": {
        "type": "Point",
        "coordinates": [
          52.88966073143807,
          29.934331617949045
        ]
      },
      "properties": {
        "id": "PER-01",
        "name": "Persepolis (Takht-e Jamshid)",
        "layer": "ot_digs",
        "dig": "Oriental Institute Persepolis Expedition",
        "years": "1931–1939",
        "region": "Persia",
        "location": "Iran / Fars / near Marvdasht",
        "mgrs": "39RXP82391301",
        "verses": "Ezra 1–6; Esther 1:3–7; Esther 8:9 (Achaemenid court culture); Isaiah 45",
        "found": "Apadana; Treasury tablets (Fortification & Treasury archives); reliefs of subject peoples; palaces of Darius/Xerxes.",
        "support": "Shows Achaemenid imperial administration and multinational court culture behind Ezra–Nehemiah–Esther settings. Tablets document food rations and officials—background realism, not named Judean protagonists.",
        "sources": "https://oi.uchicago.edu/research/projects/persepolis; Schmidt, Persepolis I–III; https://whc.unesco.org/en/list/114/",
        "notes": "Iranian Cultural Heritage manages site; foreign excavation eras limited later.",
        "campaigns": 1,
        "confidence": "confirmed",
        "biblical_name": null,
        "strongs_id": null,
        "strongs_lang": null,
        "strongs_url": null,
        "strongs_lemma": null,
        "strongs_gloss": null,
        "strongs_null_reason": "Achaemenid ceremonial capital; not an OT place lemma",
        "creation_ministry": {
          "blurb": "No site-specific Answers in Genesis, Creation Museum, or Ark Encounter page was verified for this dig in the 2026-09-30 survey. Do not invent AiG claims—label any future hit clearly as ministry interpretation, not dig consensus.",
          "aig": [],
          "creation_museum": [],
          "ark_encounter": [],
          "coverage": "none_found",
          "researched_at": "2026-09-30"
        },
        "creation_ministry_blurb": "No site-specific Answers in Genesis, Creation Museum, or Ark Encounter page was verified for this dig in the 2026-09-30 survey. Do not invent AiG claims—label any future hit clearly as ministry interpretation, not dig consensus.",
        "creation_ministry_coverage": "none_found",
        "creation_ministry_aig": [],
        "creation_ministry_museum": [],
        "creation_ministry_ark": [],
        "dig_halt": {
          "status": "no_halt_recorded",
          "date": null,
          "halted_by": null,
          "summary": "No dig halt is recorded for this site in the sources checked. High-profile halt searches prioritized Temple Mount restrictions, City of David/Silwan court orders, West Bank permit issues, Turkish foreign-mission suspensions, Jordan TeH, COVID project statements, and conflict interruptions (Syria/Iraq); this site did not yield a verified org/government stop-work or permit-revocation event.",
          "sources": []
        },
        "site_authority": {
          "name": "Ministry of Cultural Heritage, Tourism and Handicrafts (Iran)",
          "type": "national_antiquities",
          "role": "National ministry overseeing cultural heritage sites in Iran.",
          "contact_name": null,
          "contact_title": null,
          "contact_email": null,
          "contact_phone": "+98-21-33953000",
          "contact_url": "https://www.mcth.ir/",
          "notes": "Persepolis — Iranian cultural heritage; UNESCO WH.",
          "official_website": "https://whc.unesco.org/en/list/114/"
        },
        "dig_status": "open",
        "eras": [
          "Persian / Hellenistic"
        ],
        "official_website": "https://whc.unesco.org/en/list/114/",
        "official_website_label": "UNESCO — Persepolis",
        "status_kind": "dig"
      }
    },
    {
      "type": "Feature",
      "geometry": {
        "type": "Point",
        "coordinates": [
          53.1666204157087,
          30.19998587271389
        ]
      },
      "properties": {
        "id": "PAS-01",
        "name": "Pasargadae",
        "layer": "ot_digs",
        "dig": "Stronach Pasargadae Excavations",
        "years": "1961–1963 (Stronach major seasons)",
        "region": "Persia",
        "location": "Iran / Fars / Pasargadae",
        "mgrs": "39RYP08574293",
        "verses": "Isaiah 44:28; Isaiah 45:1; Ezra 1:1",
        "found": "Cyrus the Great’s capital buildings; Tomb of Cyrus; garden pavilion architecture; early Achaemenid inscriptions.",
        "support": "Anchors Cyrus as a historical emperor with a known capital—supports the Bible’s naming of Cyrus as liberator. Tomb attribution traditional and widely accepted.",
        "sources": "D. Stronach, Pasargadae; https://whc.unesco.org/en/list/1106/; https://oi.uchicago.edu/",
        "notes": "UNESCO site.",
        "campaigns": 1,
        "confidence": "confirmed",
        "biblical_name": null,
        "strongs_id": null,
        "strongs_lang": null,
        "strongs_url": null,
        "strongs_lemma": null,
        "strongs_gloss": null,
        "strongs_null_reason": "Cyrus’s capital; not an OT place lemma",
        "creation_ministry": {
          "blurb": "No site-specific Answers in Genesis, Creation Museum, or Ark Encounter page was verified for this dig in the 2026-09-30 survey. Do not invent AiG claims—label any future hit clearly as ministry interpretation, not dig consensus.",
          "aig": [],
          "creation_museum": [],
          "ark_encounter": [],
          "coverage": "none_found",
          "researched_at": "2026-09-30"
        },
        "creation_ministry_blurb": "No site-specific Answers in Genesis, Creation Museum, or Ark Encounter page was verified for this dig in the 2026-09-30 survey. Do not invent AiG claims—label any future hit clearly as ministry interpretation, not dig consensus.",
        "creation_ministry_coverage": "none_found",
        "creation_ministry_aig": [],
        "creation_ministry_museum": [],
        "creation_ministry_ark": [],
        "dig_halt": {
          "status": "no_halt_recorded",
          "date": null,
          "halted_by": null,
          "summary": "No dig halt is recorded for this site in the sources checked. High-profile halt searches prioritized Temple Mount restrictions, City of David/Silwan court orders, West Bank permit issues, Turkish foreign-mission suspensions, Jordan TeH, COVID project statements, and conflict interruptions (Syria/Iraq); this site did not yield a verified org/government stop-work or permit-revocation event.",
          "sources": []
        },
        "site_authority": {
          "name": "Ministry of Cultural Heritage, Tourism and Handicrafts (Iran)",
          "type": "national_antiquities",
          "role": "National ministry overseeing cultural heritage sites in Iran.",
          "contact_name": null,
          "contact_title": null,
          "contact_email": null,
          "contact_phone": "+98-21-33953000",
          "contact_url": "https://www.mcth.ir/",
          "notes": "Pasargadae — Iranian cultural heritage; UNESCO WH.",
          "official_website": "https://whc.unesco.org/en/list/1106/"
        },
        "dig_status": "open",
        "eras": [
          "Persian / Hellenistic"
        ],
        "official_website": "https://whc.unesco.org/en/list/1106/",
        "official_website_label": "UNESCO — Pasargadae",
        "status_kind": "dig"
      }
    },
    {
      "type": "Feature",
      "geometry": {
        "type": "Point",
        "coordinates": [
          38.54995680811675,
          27.629661063854996
        ]
      },
      "properties": {
        "id": "TAY-01",
        "name": "Tayma (Tema)",
        "layer": "ot_digs",
        "dig": "German-Saudi / earlier expeditions at Tayma",
        "years": "Inscriptions 1880s; modern DAI seasons 2000s–present",
        "region": "Arabia",
        "location": "Saudi Arabia / Tabuk Province / Tayma oasis",
        "mgrs": "37RDL55605626",
        "verses": "Isaiah 21:14; Jeremiah 25:23; Job 6:19; Genesis 25:15",
        "found": "Oasis urban remains; Aramaic and Taymanitic inscriptions; Nabonidus-related evidence (Babylonian king’s sojourn in Tema mentioned in Babylonian sources).",
        "support": "Confirms Tema as a real North Arabian oasis named in prophetic geography. Nabonidus’s stay in Tema (Babylonian chronicles) shows Neo-Babylonian reach into Arabia—background for mid-1st millennium desert networks.",
        "sources": "https://www.dainst.org/; Hausleiter publications; https://www.dainst.org/en/research/projects/noslug/2728 (DAI Saudi-German Tayma project, Hausleiter); Taymāʾ monograph series Archaeopress; https://www.dainst.org/en/research/projects/noslug/2728 (DAI Saudi-German Tayma project",
        "notes": "MGRS ~1km oasis center precision. Saudi archaeology increasingly published.",
        "campaigns": 1,
        "confidence": "confirmed",
        "biblical_name": "Tema",
        "strongs_id": "H8487",
        "strongs_lang": "H",
        "strongs_url": "https://www.blueletterbible.org/lexicon/h8487/kjv/wlc/0-1/",
        "strongs_lemma": "תֵּימָא",
        "strongs_gloss": "south / desert; North Arabian oasis",
        "creation_ministry": {
          "blurb": "No site-specific Answers in Genesis, Creation Museum, or Ark Encounter page was verified for this dig in the 2026-09-30 survey. Do not invent AiG claims—label any future hit clearly as ministry interpretation, not dig consensus.",
          "aig": [],
          "creation_museum": [],
          "ark_encounter": [],
          "coverage": "none_found",
          "researched_at": "2026-09-30"
        },
        "creation_ministry_blurb": "No site-specific Answers in Genesis, Creation Museum, or Ark Encounter page was verified for this dig in the 2026-09-30 survey. Do not invent AiG claims—label any future hit clearly as ministry interpretation, not dig consensus.",
        "creation_ministry_coverage": "none_found",
        "creation_ministry_aig": [],
        "creation_ministry_museum": [],
        "creation_ministry_ark": [],
        "dig_halt": {
          "status": "no_halt_recorded",
          "date": null,
          "halted_by": null,
          "summary": "No dig halt is recorded for this site in the sources checked. High-profile halt searches prioritized Temple Mount restrictions, City of David/Silwan court orders, West Bank permit issues, Turkish foreign-mission suspensions, Jordan TeH, COVID project statements, and conflict interruptions (Syria/Iraq); this site did not yield a verified org/government stop-work or permit-revocation event.",
          "sources": []
        },
        "site_authority": {
          "name": "Heritage Commission (Saudi Arabia) — Ministry of Culture",
          "type": "national_antiquities",
          "role": "National heritage commission overseeing archaeological sites in Saudi Arabia.",
          "contact_name": null,
          "contact_title": null,
          "contact_email": null,
          "contact_phone": null,
          "contact_url": "https://heritage.moc.gov.sa/",
          "notes": "Tayma — Saudi Heritage Commission.",
          "official_website": "https://heritage.moc.gov.sa/"
        },
        "dig_status": "open",
        "eras": [
          "Iron Age",
          "Persian / Hellenistic"
        ],
        "official_website": "https://heritage.moc.gov.sa/",
        "official_website_label": "Heritage Commission (Saudi Arabia) — Ministry of Culture",
        "status_kind": "dig"
      }
    },
    {
      "type": "Feature",
      "geometry": {
        "type": "Point",
        "coordinates": [
          35.37430604340448,
          33.5602987501915
        ]
      },
      "properties": {
        "id": "SID-01",
        "name": "Sidon (Saida)",
        "layer": "ot_digs",
        "dig": "Various Sidon excavations (Ottoman-era tombs; modern DGA / international)",
        "years": "1855 Ahiram-era finds context; Doumet-Serhal College Site 1998–present",
        "region": "Levant-other",
        "location": "Lebanon / Saida",
        "mgrs": "36SYC20411593",
        "verses": "Genesis 10:15; Judges 1:31; 1 Kings 17:9; Isaiah 23; Ezekiel 28:20–23",
        "found": "Phoenician burial assemblages; temple and settlement remains at College Site; Middle Bronze warrior burials; Iron Age layers.",
        "support": "Confirms Sidon as enduring Phoenician center named from Genesis table of nations through prophetic oracles—urban background for Jezebel’s homeland and Tyre-Sidon pair in prophets.",
        "sources": "https://www.britishmuseum.org/; Doumet-Serhal Sidon reports; Lebanese DGA",
        "notes": "Urban Lebanese site; excavation windows limited by modern city.",
        "campaigns": 1,
        "confidence": "confirmed",
        "biblical_name": "Sidon",
        "strongs_id": "H6721",
        "strongs_lang": "H",
        "strongs_url": "https://www.blueletterbible.org/lexicon/h6721/kjv/wlc/0-1/",
        "strongs_lemma": "צִידוֹן",
        "strongs_gloss": "fishing; Phoenician city",
        "creation_ministry": {
          "blurb": "No site-specific Answers in Genesis, Creation Museum, or Ark Encounter page was verified for this dig in the 2026-09-30 survey. Do not invent AiG claims—label any future hit clearly as ministry interpretation, not dig consensus.",
          "aig": [],
          "creation_museum": [],
          "ark_encounter": [],
          "coverage": "none_found",
          "researched_at": "2026-09-30"
        },
        "creation_ministry_blurb": "No site-specific Answers in Genesis, Creation Museum, or Ark Encounter page was verified for this dig in the 2026-09-30 survey. Do not invent AiG claims—label any future hit clearly as ministry interpretation, not dig consensus.",
        "creation_ministry_coverage": "none_found",
        "creation_ministry_aig": [],
        "creation_ministry_museum": [],
        "creation_ministry_ark": [],
        "dig_halt": {
          "status": "no_halt_recorded",
          "date": null,
          "halted_by": null,
          "summary": "No dig halt is recorded for this site in the sources checked. High-profile halt searches prioritized Temple Mount restrictions, City of David/Silwan court orders, West Bank permit issues, Turkish foreign-mission suspensions, Jordan TeH, COVID project statements, and conflict interruptions (Syria/Iraq); this site did not yield a verified org/government stop-work or permit-revocation event.",
          "sources": []
        },
        "site_authority": {
          "name": "Directorate General of Antiquities (DGA), Lebanon — Ministry of Culture",
          "type": "national_antiquities",
          "role": "National DGA under Ministry of Culture oversees archaeological sites in Lebanon.",
          "contact_name": null,
          "contact_title": null,
          "contact_email": null,
          "contact_phone": null,
          "contact_url": "https://www.culture.gov.lb/",
          "notes": "Sidon — Lebanese DGA.",
          "official_website": "https://www.culture.gov.lb/"
        },
        "dig_status": "open",
        "eras": [
          "Iron Age",
          "Persian / Hellenistic",
          "Roman / Byzantine"
        ],
        "official_website": "https://www.culture.gov.lb/",
        "official_website_label": "Directorate General of Antiquities (DGA), Lebanon — Ministry of Culture",
        "status_kind": "dig"
      }
    },
    {
      "type": "Feature",
      "geometry": {
        "type": "Point",
        "coordinates": [
          35.65245845269085,
          33.24855630319875
        ]
      },
      "properties": {
        "id": "DAN-STELE",
        "name": "Tel Dan",
        "layer": "ot_digs",
        "dig": "Tel Dan Stele discovery season (within Biran project)",
        "years": "1993–1994 (stele fragments)",
        "region": "Israel/Judah",
        "location": "Israel / Upper Galilee / Tel Dan Area A",
        "mgrs": "36SYB47128198",
        "verses": "2 Samuel 3:1; 1 Kings 12:19; 2 Kings 8–9 (Aramean-Israel conflicts)",
        "found": "Three fragments of Aramaic victory stele (bytdwd / House of David) reused in later wall near outer gate.",
        "support": "STRONG: widely accepted earliest non-Scripture inscription referring to Davidic dynasty. Separate row highlights the find campaign within DAN-01 project.",
        "sources": "Biran & Naveh, IEJ 43 (1993) and IEJ 45 (1995); https://www.israelmuseum.org.il/ ; A. Biran, Biblical Dan (1994); https://ngsba.org/excavations/tel-dan/",
        "notes": "Stele in Israel Museum. Some minority readings dispute bytdwd expansion; mainstream accepts House of David. Linguist: Best read as בית דוד — “house of David” (royal house / dynasty). Aramaic byt = house; dwd = David. Caveat: the stone is broken and rival splits exist; “House of David” is the main and most widely accepted reading — state it as the strongest reading, not a letter-perfect seal.",
        "campaigns": 1,
        "confidence": "confirmed",
        "biblical_name": "Dan",
        "strongs_id": "H1835",
        "strongs_lang": "H",
        "strongs_url": "https://www.blueletterbible.org/lexicon/h1835/kjv/wlc/0-1/",
        "strongs_lemma": "דָּן",
        "strongs_gloss": "judge; northern tribe/city",
        "creation_ministry": {
          "blurb": "Answers in Genesis repeatedly cites the Tel Dan Stele’s “House of David” line as inscriptional support outside the biblical books for the Davidic dynasty (“6. Archaeological Finds”; “The Return of King David”). AiG apologetic use of a widely published inscription—not a CM/Ark Dan exhibit.",
          "aig": [
            {
              "title": "6. Archaeological Finds",
              "url": "https://answersingenesis.org/archaeology/6-archaeological-finds/",
              "summary": "AiG list including Tel Dan Stele (House of David) and Pilate Dedication Stone from Caesarea Maritima.",
              "kind": "article"
            },
            {
              "title": "The Return of King David",
              "url": "https://answersingenesis.org/archaeology/the-return-of-king-david/",
              "summary": "AiG on Tel Dan Stele and related evidence for Davidic dynasty against minimalist skepticism.",
              "kind": "article"
            },
            {
              "title": "3 Evidences That Confirm the Bible Is Not Made Up",
              "url": "https://answersingenesis.org/is-the-bible-true/3-evidences-confirm-bible-not-made-up/",
              "summary": "AiG popular apologetic citing Tel Dan Stele and related finds.",
              "kind": "article"
            }
          ],
          "creation_museum": [],
          "ark_encounter": [],
          "coverage": "site_specific",
          "researched_at": "2026-09-30"
        },
        "creation_ministry_blurb": "Answers in Genesis repeatedly cites the Tel Dan Stele’s “House of David” line as inscriptional support outside the biblical books for the Davidic dynasty (“6. Archaeological Finds”; “The Return of King David”). AiG apologetic use of a widely published inscription—not a CM/Ark Dan exhibit.",
        "creation_ministry_coverage": "site_specific",
        "creation_ministry_aig": [
          {
            "title": "6. Archaeological Finds",
            "url": "https://answersingenesis.org/archaeology/6-archaeological-finds/",
            "summary": "AiG list including Tel Dan Stele (House of David) and Pilate Dedication Stone from Caesarea Maritima.",
            "kind": "article"
          },
          {
            "title": "The Return of King David",
            "url": "https://answersingenesis.org/archaeology/the-return-of-king-david/",
            "summary": "AiG on Tel Dan Stele and related evidence for Davidic dynasty against minimalist skepticism.",
            "kind": "article"
          },
          {
            "title": "3 Evidences That Confirm the Bible Is Not Made Up",
            "url": "https://answersingenesis.org/is-the-bible-true/3-evidences-confirm-bible-not-made-up/",
            "summary": "AiG popular apologetic citing Tel Dan Stele and related finds.",
            "kind": "article"
          }
        ],
        "creation_ministry_museum": [],
        "creation_ministry_ark": [],
        "dig_halt": {
          "status": "no_halt_recorded",
          "date": null,
          "halted_by": null,
          "summary": "No dig halt is recorded for this site in the sources checked. High-profile halt searches prioritized Temple Mount restrictions, City of David/Silwan court orders, West Bank permit issues, Turkish foreign-mission suspensions, Jordan TeH, COVID project statements, and conflict interruptions (Syria/Iraq); this site did not yield a verified org/government stop-work or permit-revocation event.",
          "sources": []
        },
        "site_authority": {
          "name": "Israel Museum / IAA (Tel Dan Stele find context)",
          "type": "museum",
          "role": "Stele is a museum/collection object associated with Tel Dan excavations under IAA.",
          "contact_name": null,
          "contact_title": "General inquiries (Mokedia)",
          "contact_email": "mokediaa@israntique.org.il",
          "contact_phone": "073-3507350",
          "contact_url": "https://www.imj.org.il/",
          "notes": "Findspot under IAA/INPA Tel Dan; display historically associated with Israel Museum collections.",
          "official_website": "https://en.parks.org.il/reserve-park/tel-dan-nature-reserve/"
        },
        "dig_status": "open",
        "eras": [
          "Iron Age"
        ],
        "official_website": "https://en.parks.org.il/reserve-park/tel-dan-nature-reserve/",
        "official_website_label": "INPA — Tel Dan Nature Reserve",
        "official_video_embed": "https://www.youtube.com/embed/d_QQIsQncs0",
        "official_video_source": "https://en.parks.org.il/reserve-park/tel-dan-nature-reserve/",
        "official_video_provider": "youtube",
        "status_kind": "dig"
      }
    },
    {
      "type": "Feature",
      "geometry": {
        "type": "Point",
        "coordinates": [
          38.92237,
          37.2234
        ]
      },
      "properties": {
        "id": "GOBEKLI-01",
        "layer": "ot",
        "name": "Göbekli Tepe (Gobeklitepe)",
        "biblical_name": "",
        "location": "Germuş Mountains near Şanlıurfa, southeastern Türkiye",
        "region": "Anatolia",
        "mgrs": "",
        "years": "1995–present (Klaus Schmidt to 2014; DAI / Şanlıurfa Museum ongoing)",
        "dig": "German Archaeological Institute with Şanlıurfa Museum; Taş Tepeler programme",
        "campaigns": "Pre-Pottery Neolithic monumental enclosures; T-shaped pillars",
        "found": "Monumental round-oval and rectangular megalithic enclosures with carved T-shaped pillars (wild animals, abstract human forms), Pre-Pottery Neolithic ~9600–8200 BCE (UNESCO summary).",
        "support": "Not a named biblical dig site, but one of the most famous early monumental sites on earth — Pre-Pottery Neolithic enclosures with carved T-shaped pillars high above the Harran plain. Why many visitors care about a halt here: on 13 June 2016 Türkiye’s Ministry of Culture and Tourism closed Göbekli Tepe so crews could raise two permanent protective roofs over the open trenches (visitor safety and long-term conservation under an EU–Turkish shelter project). The site stayed closed through 2017 and reopened to the public in 2018 after the canopies were in place. Excavation lead Celal Uludag later said work stopped during that roof construction. This was a conservation-and-safety closure under Turkish cultural authorities — not a permanent ban on digging; DAI and Turkish partners continued fieldwork afterward with a stronger conservation focus. Creation ministries often discuss the site in origins debates; treat those as ministry interpretation, separate from the excavation and UNESCO record.  Why it matters for visitors: Türkiye’s Ministry of Culture and Tourism closed the hilltop on 13 June 2016 so two permanent protective roofs could be built over the open excavations—conservation and safety first. The shutter lasted into 2017–2018 before public reopening; excavators later said fieldwork itself paused during the roof build, then resumed with conservation priority.",
        "verses": "",
        "notes": "UNESCO World Heritage Site (2018). Legally protected under Turkish Law 2863; excavation permit framework via Ministry of Culture and Tourism with Şanlıurfa Museum + DAI (UNESCO dossier). Halt woven into main description: Ministry closure 2016-06-13 for protective roofs; reopen 2018.",
        "sources": "https://whc.unesco.org/en/list/1572/; https://www.dainst.blog/the-tepe-telegrams/2016/06/13/site-closed-for-visitors-until-end-of-the-year/; https://www.hurriyetdailynews.com/gobeklitepe-to-be-closed-to-visitors--100389; https://www.aa.com.tr/en/culture/turkey-conservation-not-excavation-focus-in-gobeklitepe/1758455",
        "confidence": "confirmed",
        "strongs_id": "",
        "strongs_lemma": "",
        "strongs_lang": "",
        "strongs_gloss": "",
        "strongs_url": "",
        "dig_halt": {
          "status": "halt_recorded",
          "date": "2016-06-13 (closure for shelters; extended ~2017; public reopen reported 2018)",
          "halted_by": "Republic of Türkiye Ministry of Culture and Tourism (announcement); contracting via Ministry of Science, Industry and Technology / EU-supported shelter project",
          "summary": "On 13 June 2016 Türkiye’s Ministry of Culture and Tourism closed Göbekli Tepe to visitors so two permanent protective roofs could be built for conservation and visitor safety (Hürriyet Daily News quoting the Ministry; DAI Tepe Telegrams). The canopy project delayed reopening past end-2016. Excavation director Celal Uludağ later told Anadolu Agency that during roof construction “the work stopped.” This was a construction/conservation stoppage under Turkish cultural authorities—not a permanent ban. Fieldwork later continued with a stronger conservation focus; excavation director Necmi Karul has publicly denied later social-media claims that digs had permanently stopped.",
          "sources": [
            "https://www.hurriyetdailynews.com/gobeklitepe-to-be-closed-to-visitors--100389",
            "https://www.dainst.blog/the-tepe-telegrams/2016/06/13/site-closed-for-visitors-until-end-of-the-year/",
            "https://www.aa.com.tr/en/culture/turkey-conservation-not-excavation-focus-in-gobeklitepe/1758455",
            "https://whc.unesco.org/en/list/1572/"
          ]
        },
        "creation_ministry": {
          "coverage": "site_specific",
          "blurb": "Answers in Genesis discusses Göbekli Tepe as early post-Babel monumental building and rejects Eden-temple media claims. Ministry interpretation — separate from DAI/Turkish dig dates and the 2016–2018 roof-construction halt.",
          "aig": [
            {
              "title": "Overturning Expectations About Ancient Man",
              "url": "https://answersingenesis.org/archaeology/ancient-technology/overturning-expectations-about-ancient-man/",
              "summary": "AiG overview of Göbekli Tepe pillars/enclosures and post-Babel framing.",
              "kind": "article"
            },
            {
              "title": "Paradise Found?",
              "url": "https://answersingenesis.org/archaeology/paradise-found/",
              "summary": "Rejects media claims the site is Eden; Flood destroyed original Eden.",
              "kind": "article"
            }
          ],
          "creation_museum": [],
          "ark_encounter": []
        },
        "site_authority": {
          "name": "Turkish MoC / Şanlıurfa Museum Directorate — Göbekli Tepe (UNESCO WH)",
          "type": "national_antiquities",
          "role": "Turkish state manages Göbekli Tepe archaeological site; German Archaeological Institute historically partnered.",
          "contact_name": null,
          "contact_title": "General Directorate contact",
          "contact_email": "kulturvarlikmuze@ktb.gov.tr",
          "contact_phone": "+90-312-470-6464",
          "contact_url": "https://kvmgm.ktb.gov.tr/",
          "notes": "UNESCO World Heritage. Not a Bible-narrative dig; predates biblical periods. Turkish MoC is managing authority.",
          "official_website": "https://muze.gov.tr/muze-detay?DistId=SGT&SectionId=SGT01"
        },
        "dig_status": "halted",
        "eras": [
          "Neolithic / Chalcolithic"
        ],
        "official_website": "https://muze.gov.tr/muze-detay?DistId=SGT&SectionId=SGT01",
        "official_website_label": "Türkiye MoC — Göbeklitepe Archaeological Site",
        "status_kind": "dig"
      }
    },
    {
      "type": "Feature",
      "geometry": {
        "type": "Point",
        "coordinates": [
          34.8525,
          31.7028
        ]
      },
      "properties": {
        "id": "GAT-01",
        "name": "Tell es-Safi / Gath (Tel Zafit)",
        "layer": "ot_digs",
        "dig": "Tell es-Safi/Gath Archaeological Project (Maeir)",
        "years": "1996–present (Bliss & Macalister 1899)",
        "region": "Israel/Judah",
        "location": "Israel / Shephelah / Tel Zafit National Park",
        "mgrs": "36RXA75550898",
        "verses": "Joshua 11:22; 1 Samuel 5:8; 1 Samuel 17:4; 1 Samuel 27:2–4; 2 Kings 12:17; Amos 6:2; Micah 1:10",
        "found": "Multi-period tell with Early Bronze III fortifications; Middle and Late Bronze Canaanite layers; Iron Age Philistine city (largest known Philistine urban footprint); lower-city 9th-c. destruction often linked to Hazael; cult installations; inscribed pottery in the Goliath phonetic neighborhood (not a personal ID of the biblical giant).",
        "support": "STRONG site identification of biblical Gath among the Philistine pentapolis is the scholarly majority view. Bronze Age urban center precedes and frames the Iron Age Philistine city named throughout Samuel–Kings. Personal “Goliath” media claims are overreach (see contested CBG-21)—site ID is strong; giant-name certainty is not.",
        "sources": "https://gath.wordpress.com/about/project-overview/; Maeir (ed.), Tell es-Safi/Gath I (2012); Shai et al., Early Bronze Age fortifications at Tell es-Safi/Gath; https://publications.iaa.org.il/ha-esi/; IAA licensing under Tel Zafit / Tell es-Safi permits",
        "notes": "Bronze Age priority: EB fortifications + MB/LB sequence under Philistine Gath. INPA Tel Zafit park + IAA.",
        "campaigns": 1,
        "confidence": "confirmed",
        "biblical_name": "Gath",
        "strongs_id": "H1661",
        "strongs_lang": "H",
        "strongs_url": "https://www.blueletterbible.org/lexicon/h1661/kjv/wlc/0-1/",
        "strongs_lemma": "גַּת",
        "strongs_gloss": "winepress; Philistine pentapolis city",
        "creation_ministry": {
          "blurb": "No site-specific Answers in Genesis, Creation Museum, or Ark Encounter page was verified for this dig in the 2026-09-30 survey. Do not invent AiG claims—label any future hit clearly as ministry interpretation, not dig consensus.",
          "aig": [],
          "creation_museum": [],
          "ark_encounter": [],
          "coverage": "none_found",
          "researched_at": "2026-09-30"
        },
        "creation_ministry_blurb": "No site-specific Answers in Genesis, Creation Museum, or Ark Encounter page was verified for this dig in the 2026-09-30 survey. Do not invent AiG claims—label any future hit clearly as ministry interpretation, not dig consensus.",
        "creation_ministry_coverage": "none_found",
        "creation_ministry_aig": [],
        "creation_ministry_museum": [],
        "creation_ministry_ark": [],
        "dig_halt": {
          "status": "no_halt_recorded",
          "date": null,
          "halted_by": null,
          "summary": "No dig halt is recorded for this site in the sources checked. High-profile halt searches prioritized Temple Mount restrictions, City of David/Silwan court orders, West Bank permit issues, Turkish foreign-mission suspensions, Jordan TeH, COVID project statements, and conflict interruptions (Syria/Iraq); this site did not yield a verified org/government stop-work or permit-revocation event.",
          "sources": []
        },
        "site_authority": {
          "name": "Israel Antiquities Authority (IAA)",
          "type": "national_antiquities",
          "role": "Licenses excavations and oversees antiquities across Israel; regional offices handle site permits and finds.",
          "contact_name": null,
          "contact_title": "General inquiries (Mokedia)",
          "contact_email": "mokediaa@israntique.org.il",
          "contact_phone": "073-3507350",
          "contact_url": "https://www.iaa.org.il/en/page/contact-us",
          "notes": "Tell es-Safi/Gath — IAA licenses; Bar-Ilan University Maeir expedition; INPA Tel Zafit National Park visitor operations.",
          "official_website": "https://www.iaa.org.il/en"
        },
        "dig_status": "open",
        "eras": [
          "Bronze Age",
          "Iron Age"
        ],
        "official_website": "https://www.iaa.org.il/en",
        "official_website_label": "Israel Antiquities Authority (Tell es-Safi / Gath)",
        "status_kind": "dig"
      }
    },
    {
      "type": "Feature",
      "geometry": {
        "type": "Point",
        "coordinates": [
          34.6481,
          31.7639
        ]
      },
      "properties": {
        "id": "ASD-01",
        "name": "Tel Ashdod (Isdud)",
        "layer": "ot_digs",
        "dig": "IAA / Moshe Dothan Ashdod Expedition (+ later IAA salvage)",
        "years": "1962–1972; salvage campaigns 2000s–2020s",
        "region": "Israel/Judah",
        "location": "Israel / southern coastal plain / Tel Ashdod",
        "mgrs": "36RXA56071544",
        "verses": "Joshua 11:22; 1 Samuel 5:1–7; 1 Samuel 6:17; Amos 1:8; Zephaniah 2:4; Zechariah 9:6; Acts 8:40 (Azotus)",
        "found": "Twenty-three strata from Middle Bronze IIC through Hellenistic: MB acropolis settlement; Late Bronze Canaanite city with Egyptian artifacts (Areas A/B/G/H); Iron I Philistine material (“Ashdoda,” Ashdod Ware); Iron II Assyrian-period palace exposed in IAA salvage near the tell (HA-ESI 118).",
        "support": "STRONG identification with biblical Ashdod / NT Azotus—Philistine pentapolis city repeatedly named in OT and Acts. Bronze Age foundation (MB IIC–LB) is the Canaanite predecessor of the Philistine city; does not by itself prove every narrative detail in 1 Samuel 5.",
        "sources": "https://hadashot.iaa.org.il/report_detail_eng.aspx?id=340; https://hadashot.iaa.org.il/report_detail_eng.aspx?id=744&mag_id=114; https://hadashot.iaa.org.il/report_detail_eng.aspx?id=26571&mag_id=137; Dothan & Porath, Ashdod final report series (IAA); https://publications.iaa.org.il/",
        "notes": "Coords approximate tell center from IAA New Israel Grid refs around NIG 1676xx/629xxx (HA-ESI salvage) adjusted to main mound. Bronze Age priority: MB IIC–LB before Philistine Iron I.",
        "campaigns": 1,
        "confidence": "confirmed",
        "biblical_name": "Ashdod",
        "strongs_id": "H795",
        "strongs_lang": "H",
        "strongs_url": "https://www.blueletterbible.org/lexicon/h795/kjv/wlc/0-1/",
        "strongs_lemma": "אַשְׁדּוֹד",
        "strongs_gloss": "powerful/ravager; Philistine pentapolis city",
        "creation_ministry": {
          "blurb": "No site-specific Answers in Genesis, Creation Museum, or Ark Encounter page was verified for this dig in the 2026-09-30 survey. Do not invent AiG claims—label any future hit clearly as ministry interpretation, not dig consensus.",
          "aig": [],
          "creation_museum": [],
          "ark_encounter": [],
          "coverage": "none_found",
          "researched_at": "2026-09-30"
        },
        "creation_ministry_blurb": "No site-specific Answers in Genesis, Creation Museum, or Ark Encounter page was verified for this dig in the 2026-09-30 survey. Do not invent AiG claims—label any future hit clearly as ministry interpretation, not dig consensus.",
        "creation_ministry_coverage": "none_found",
        "creation_ministry_aig": [],
        "creation_ministry_museum": [],
        "creation_ministry_ark": [],
        "dig_halt": {
          "status": "no_halt_recorded",
          "date": null,
          "halted_by": null,
          "summary": "No dig halt is recorded for this site in the sources checked. High-profile halt searches prioritized Temple Mount restrictions, City of David/Silwan court orders, West Bank permit issues, Turkish foreign-mission suspensions, Jordan TeH, COVID project statements, and conflict interruptions (Syria/Iraq); this site did not yield a verified org/government stop-work or permit-revocation event.",
          "sources": []
        },
        "site_authority": {
          "name": "Israel Antiquities Authority (IAA)",
          "type": "national_antiquities",
          "role": "Licenses excavations and oversees antiquities across Israel; regional offices handle site permits and finds.",
          "contact_name": null,
          "contact_title": "General inquiries (Mokedia)",
          "contact_email": "mokediaa@israntique.org.il",
          "contact_phone": "073-3507350",
          "contact_url": "https://www.iaa.org.il/en/page/contact-us",
          "notes": "Tel Ashdod — IAA (Dothan expedition historical; ongoing salvage permits).",
          "official_website": "https://www.iaa.org.il/en"
        },
        "dig_status": "open",
        "eras": [
          "Bronze Age",
          "Iron Age",
          "Persian / Hellenistic"
        ],
        "official_website": "https://www.iaa.org.il/en",
        "official_website_label": "Israel Antiquities Authority",
        "status_kind": "dig"
      }
    },
    {
      "type": "Feature",
      "geometry": {
        "type": "Point",
        "coordinates": [
          34.93068,
          32.10452
        ]
      },
      "properties": {
        "id": "APK-01",
        "name": "Tel Aphek-Antipatris (Tel Afeq)",
        "layer": "ot_digs",
        "dig": "Tel Aviv University Aphek-Antipatris Expedition (Kochavi & Beck)",
        "years": "1972–1985 (+ IAA/INPA park work)",
        "region": "Israel/Judah",
        "location": "Israel / Yarkon headwaters / Tel Afeq-Antipatris National Park",
        "mgrs": "36SXA82175365",
        "verses": "Joshua 12:18; 1 Samuel 4:1; 1 Samuel 29:1; 1 Kings 20:26–30",
        "found": "EB–MB fortifications; sequence of MB palaces on the acropolis; Late Bronze Egyptian Governor’s Residence (Palace VI) with destruction assemblage, winepresses, and late-13th-c. inscriptions illuminating Egyptian administration in Canaan; Iron Age reoccupations.",
        "support": "STRONG geographical identification with the Sharon/Yarkon Aphek of Samuel (Philistine mustering ground) is widely accepted; other biblical Apheks exist (caution). Late Bronze Egyptian residency is primary evidence for New Kingdom control of the Via Maris corridor—background for Judges–Samuel geography, not a verse-by-verse proof.",
        "sources": "https://hadashot.iaa.org.il/report_detail_eng.aspx?id=904&mag_id=114; Kochavi, Beck & Yadin, Aphek-Antipatris I–II (Tel Aviv University); https://whitelevy.fas.harvard.edu/publications/aphek-antipatris-ii-remains-acropolis-moshe-kochavi-and-pirhiya-beck; https://www.levantineceramics.org/sites/2247-aphek-antipatrias",
        "notes": "Bronze Age priority: MB palaces + LB Egyptian Governor’s Residence. Coords from Levantine Ceramics Project.",
        "campaigns": 1,
        "confidence": "confirmed",
        "biblical_name": "Aphek",
        "strongs_id": "H663",
        "strongs_lang": "H",
        "strongs_url": "https://www.blueletterbible.org/lexicon/h663/kjv/wlc/0-1/",
        "strongs_lemma": "אֲפֵק",
        "strongs_gloss": "fortress; several OT towns (Sharon Aphek here)",
        "creation_ministry": {
          "blurb": "No site-specific Answers in Genesis, Creation Museum, or Ark Encounter page was verified for this dig in the 2026-09-30 survey. Do not invent AiG claims—label any future hit clearly as ministry interpretation, not dig consensus.",
          "aig": [],
          "creation_museum": [],
          "ark_encounter": [],
          "coverage": "none_found",
          "researched_at": "2026-09-30"
        },
        "creation_ministry_blurb": "No site-specific Answers in Genesis, Creation Museum, or Ark Encounter page was verified for this dig in the 2026-09-30 survey. Do not invent AiG claims—label any future hit clearly as ministry interpretation, not dig consensus.",
        "creation_ministry_coverage": "none_found",
        "creation_ministry_aig": [],
        "creation_ministry_museum": [],
        "creation_ministry_ark": [],
        "dig_halt": {
          "status": "no_halt_recorded",
          "date": null,
          "halted_by": null,
          "summary": "No dig halt is recorded for this site in the sources checked. High-profile halt searches prioritized Temple Mount restrictions, City of David/Silwan court orders, West Bank permit issues, Turkish foreign-mission suspensions, Jordan TeH, COVID project statements, and conflict interruptions (Syria/Iraq); this site did not yield a verified org/government stop-work or permit-revocation event.",
          "sources": []
        },
        "site_authority": {
          "name": "IAA + INPA (Tel Afeq-Antipatris National Park) + Tel Aviv University (historical)",
          "type": "mixed",
          "role": "National park visitor operations (INPA); IAA antiquities; TAU published final reports.",
          "contact_name": null,
          "contact_title": "General inquiries (Mokedia)",
          "contact_email": "mokediaa@israntique.org.il",
          "contact_phone": "073-3507350",
          "contact_url": "https://www.iaa.org.il/en/page/contact-us",
          "notes": "Kochavi/Beck expedition final reports via TAU Institute of Archaeology.",
          "official_website": "https://en.parks.org.il/reserve-park/yarkon-3/"
        },
        "dig_status": "open",
        "eras": [
          "Bronze Age",
          "Iron Age"
        ],
        "official_website": "https://en.parks.org.il/reserve-park/yarkon-3/",
        "official_website_label": "INPA — Yarkon National Park (Tel Afek / Antipatris)",
        "official_video_embed": "https://www.youtube.com/embed/N92gyH6eJBo",
        "official_video_source": "https://en.parks.org.il/reserve-park/yarkon-3/",
        "official_video_provider": "youtube",
        "status_kind": "dig"
      }
    },
    {
      "type": "Feature",
      "geometry": {
        "type": "Point",
        "coordinates": [
          35.58051,
          33.25491
        ]
      },
      "properties": {
        "id": "ABM-01",
        "name": "Tel Abel Beth Maacah (Abil el-Qameh / Tel Avel Bet Ma‘akha)",
        "layer": "ot_digs",
        "dig": "Hebrew University / Azusa Pacific Abel Beth Maacah Excavations",
        "years": "2012 survey; 2013–present (IAA licenses G-series)",
        "region": "Israel/Judah",
        "location": "Israel / Hula Valley northern end / near Metulla",
        "mgrs": "36SYB40398251",
        "verses": "2 Samuel 20:14–22; 1 Kings 15:20; 2 Kings 15:29; Joshua 13:11",
        "found": "MB IIB fortified Canaanite town (rampart, jar/pithos infant burials, courtyard building); limited but real LB II occupation including silver hoard; continuous Iron I–IIA urban sequence with cultic complexes, citadel, and Hebrew “lbenyaw” jar inscription. Named “Abel” in Thutmose III lists.",
        "support": "STRONG identification with biblical Abel Beth-maacah is the excavation project’s working consensus (name survival + geography + biblical conquest lists). Peak MB IIB Canaanite city-state is Bronze Age priority; Iron layers match Davidic/Aramean/Assyrian narrative geography without proving every story detail.",
        "sources": "https://hadashot.iaa.org.il/report_detail_eng.aspx?id=26248&mag_id=134; https://www.abel-beth-maacah.org/; Yahalom-Mack, Panitz-Cohen & Mullins, NEA 81/2 (2018); https://archaeology.huji.ac.il/tel-abel-beth-maacah",
        "notes": "Coords converted from IAA HA-ESI New Israel Grid map ref. 254400–600/795500–600 (center). Bronze Age priority: MB IIB fortified city + LB continuity.",
        "campaigns": 1,
        "confidence": "confirmed",
        "biblical_name": "Abel Beth-maacah",
        "strongs_id": "H62",
        "strongs_lang": "H",
        "strongs_url": "https://www.blueletterbible.org/lexicon/h62/kjv/wlc/0-1/",
        "strongs_lemma": "אָבֵל בֵּית־מַעֲכָה",
        "strongs_gloss": "meadow of Beth-maacah; northern border city",
        "creation_ministry": {
          "blurb": "No site-specific Answers in Genesis, Creation Museum, or Ark Encounter page was verified for this dig in the 2026-09-30 survey. Do not invent AiG claims—label any future hit clearly as ministry interpretation, not dig consensus.",
          "aig": [],
          "creation_museum": [],
          "ark_encounter": [],
          "coverage": "none_found",
          "researched_at": "2026-09-30"
        },
        "creation_ministry_blurb": "No site-specific Answers in Genesis, Creation Museum, or Ark Encounter page was verified for this dig in the 2026-09-30 survey. Do not invent AiG claims—label any future hit clearly as ministry interpretation, not dig consensus.",
        "creation_ministry_coverage": "none_found",
        "creation_ministry_aig": [],
        "creation_ministry_museum": [],
        "creation_ministry_ark": [],
        "dig_halt": {
          "status": "no_halt_recorded",
          "date": null,
          "halted_by": null,
          "summary": "No dig halt is recorded for this site in the sources checked. High-profile halt searches prioritized Temple Mount restrictions, City of David/Silwan court orders, West Bank permit issues, Turkish foreign-mission suspensions, Jordan TeH, COVID project statements, and conflict interruptions (Syria/Iraq); this site did not yield a verified org/government stop-work or permit-revocation event.",
          "sources": []
        },
        "site_authority": {
          "name": "Israel Antiquities Authority (IAA)",
          "type": "national_antiquities",
          "role": "Licenses excavations and oversees antiquities across Israel; regional offices handle site permits and finds.",
          "contact_name": null,
          "contact_title": "General inquiries (Mokedia)",
          "contact_email": "mokediaa@israntique.org.il",
          "contact_phone": "073-3507350",
          "contact_url": "https://www.iaa.org.il/en/page/contact-us",
          "notes": "Tel Abel Beth Maacah — IAA research licenses; Hebrew University of Jerusalem expedition (Yahalom-Mack / Panitz-Cohen).",
          "official_website": "https://www.iaa.org.il/en"
        },
        "dig_status": "open",
        "eras": [
          "Bronze Age",
          "Iron Age"
        ],
        "official_website": "https://www.iaa.org.il/en",
        "official_website_label": "Israel Antiquities Authority",
        "status_kind": "dig"
      }
    },
    {
      "type": "Feature",
      "geometry": {
        "type": "Point",
        "coordinates": [
          34.93598,
          31.70025
        ]
      },
      "properties": {
        "id": "AZK-01",
        "name": "Tel Azekah (Tell Zakariya)",
        "layer": "ot_digs",
        "dig": "Lautenschläger Azekah Expedition (Tel Aviv University / Heidelberg)",
        "years": "2012–present (Bliss & Macalister 1898–99)",
        "region": "Israel/Judah",
        "location": "Israel / Judean Shephelah / Azekah ridge",
        "mgrs": "36RXA83470884",
        "verses": "Joshua 10:10–11; 1 Samuel 17:1; 2 Chronicles 11:9; Jeremiah 34:7; Nehemiah 11:30",
        "found": "EB III settlement; Middle Bronze fortifications; major Late Bronze urban destruction (mid-12th c. BCE horizon with Egyptian amulets, ritual finds, smashed pottery); Iron II Judean fortress layers and 8th-c. destruction; Persian–Hellenistic reuse.",
        "support": "Confirmed identification with biblical Azekah (Shephelah fortress in Joshua–Jeremiah). Bronze Age priority: MB fortifications + LB destruction sequence illuminate Canaanite Shephelah before Judahite Iron II. Does not by itself settle Goliath-valley topography debates.",
        "sources": "https://hadashot.iaa.org.il/report_detail_eng.aspx?id=25956&mag_id=133; Lipschits, Gadot & Oeming, NEA 75 (2012); Kleiman et al. on LB Azekah; https://www.levantineceramics.org/sites/1239-tel-azekah",
        "notes": "Coords from Levantine Ceramics Project; HA-ESI map ref. 1938–43/6229–33. Bronze Age priority.",
        "campaigns": 1,
        "confidence": "confirmed",
        "biblical_name": "Azekah",
        "strongs_id": "H5825",
        "strongs_lang": "H",
        "strongs_url": "https://www.blueletterbible.org/lexicon/h5825/kjv/wlc/0-1/",
        "strongs_lemma": "עֲזֵקָה",
        "strongs_gloss": "tilled ground; Judean Shephelah fortress",
        "creation_ministry": {
          "blurb": "No site-specific Answers in Genesis, Creation Museum, or Ark Encounter page was verified for this dig in the 2026-09-30 survey. Do not invent AiG claims—label any future hit clearly as ministry interpretation, not dig consensus.",
          "aig": [],
          "creation_museum": [],
          "ark_encounter": [],
          "coverage": "none_found",
          "researched_at": "2026-09-30"
        },
        "creation_ministry_blurb": "No site-specific Answers in Genesis, Creation Museum, or Ark Encounter page was verified for this dig in the 2026-09-30 survey. Do not invent AiG claims—label any future hit clearly as ministry interpretation, not dig consensus.",
        "creation_ministry_coverage": "none_found",
        "creation_ministry_aig": [],
        "creation_ministry_museum": [],
        "creation_ministry_ark": [],
        "dig_halt": {
          "status": "no_halt_recorded",
          "date": null,
          "halted_by": null,
          "summary": "No dig halt is recorded for this site in the sources checked. High-profile halt searches prioritized Temple Mount restrictions, City of David/Silwan court orders, West Bank permit issues, Turkish foreign-mission suspensions, Jordan TeH, COVID project statements, and conflict interruptions (Syria/Iraq); this site did not yield a verified org/government stop-work or permit-revocation event.",
          "sources": []
        },
        "site_authority": {
          "name": "Israel Antiquities Authority (IAA)",
          "type": "national_antiquities",
          "role": "Licenses excavations and oversees antiquities across Israel; regional offices handle site permits and finds.",
          "contact_name": null,
          "contact_title": "General inquiries (Mokedia)",
          "contact_email": "mokediaa@israntique.org.il",
          "contact_phone": "073-3507350",
          "contact_url": "https://www.iaa.org.il/en/page/contact-us",
          "notes": "Tel Azekah — IAA licenses; Tel Aviv University Lautenschläger Azekah Expedition.",
          "official_website": "https://www.iaa.org.il/en"
        },
        "dig_status": "open",
        "eras": [
          "Bronze Age",
          "Iron Age"
        ],
        "official_website": "https://www.iaa.org.il/en",
        "official_website_label": "Israel Antiquities Authority",
        "status_kind": "dig"
      }
    },
    {
      "type": "Feature",
      "geometry": {
        "type": "Point",
        "coordinates": [
          34.975,
          31.75056
        ]
      },
      "properties": {
        "id": "BSM-01",
        "name": "Tel Beth-Shemesh",
        "layer": "ot_digs",
        "dig": "Tel Aviv University Beth-Shemesh Expedition (Bunimovitz & Lederman) + earlier PEF/Haverford",
        "years": "1911–12; 1928–33; renewed 1990–present (+ IAA salvage east of Hwy 38)",
        "region": "Israel/Judah",
        "location": "Israel / Sorek Valley / Tel Beth-Shemesh",
        "mgrs": "36RXA87061448",
        "verses": "Joshua 15:10; Joshua 21:16; 1 Samuel 6:9–15; 1 Kings 4:9; 2 Kings 14:11–13",
        "found": "Middle Bronze gate and fortifications; Late Bronze palace/elite architecture and destruction; Iron Age border town between Judah and Philistia; water systems; IAA salvage confirming LB remains east of the highway corridor.",
        "support": "Confirmed identification with biblical Beth-shemesh of the Sorek Valley (ark narrative; Amaziah–Joash battle). Bronze Age priority: MB gate + LB elite quarter frame the Canaanite predecessor of the Iron Age border town.",
        "sources": "https://hadashot.iaa.org.il/Report_Detail_Eng.aspx?id=25520&mag_id=127; Bunimovitz & Lederman publications (PEQ / TAU Institute); https://en-humanities.tau.ac.il/beth-shemesh",
        "notes": "Bronze Age priority. Coords: published tell location used by excavation publications / common scholarly geocode.",
        "campaigns": 1,
        "confidence": "confirmed",
        "biblical_name": "Beth-shemesh",
        "strongs_id": "H1053",
        "strongs_lang": "H",
        "strongs_url": "https://www.blueletterbible.org/lexicon/h1053/kjv/wlc/0-1/",
        "strongs_lemma": "בֵּית שֶׁמֶשׁ",
        "strongs_gloss": "house of the sun; Judah–Philistia border town",
        "creation_ministry": {
          "blurb": "No site-specific Answers in Genesis, Creation Museum, or Ark Encounter page was verified for this dig in the 2026-09-30 survey. Do not invent AiG claims—label any future hit clearly as ministry interpretation, not dig consensus.",
          "aig": [],
          "creation_museum": [],
          "ark_encounter": [],
          "coverage": "none_found",
          "researched_at": "2026-09-30"
        },
        "creation_ministry_blurb": "No site-specific Answers in Genesis, Creation Museum, or Ark Encounter page was verified for this dig in the 2026-09-30 survey. Do not invent AiG claims—label any future hit clearly as ministry interpretation, not dig consensus.",
        "creation_ministry_coverage": "none_found",
        "creation_ministry_aig": [],
        "creation_ministry_museum": [],
        "creation_ministry_ark": [],
        "dig_halt": {
          "status": "no_halt_recorded",
          "date": null,
          "halted_by": null,
          "summary": "No dig halt is recorded for this site in the sources checked. High-profile halt searches prioritized Temple Mount restrictions, City of David/Silwan court orders, West Bank permit issues, Turkish foreign-mission suspensions, Jordan TeH, COVID project statements, and conflict interruptions (Syria/Iraq); this site did not yield a verified org/government stop-work or permit-revocation event.",
          "sources": []
        },
        "site_authority": {
          "name": "Israel Antiquities Authority (IAA)",
          "type": "national_antiquities",
          "role": "Licenses excavations and oversees antiquities across Israel; regional offices handle site permits and finds.",
          "contact_name": null,
          "contact_title": "General inquiries (Mokedia)",
          "contact_email": "mokediaa@israntique.org.il",
          "contact_phone": "073-3507350",
          "contact_url": "https://www.iaa.org.il/en/page/contact-us",
          "notes": "Tel Beth-Shemesh — IAA; Tel Aviv University Bunimovitz/Lederman expedition.",
          "official_website": "https://www.iaa.org.il/en"
        },
        "dig_status": "open",
        "eras": [
          "Bronze Age",
          "Iron Age"
        ],
        "official_website": "https://www.iaa.org.il/en",
        "official_website_label": "Israel Antiquities Authority",
        "status_kind": "dig"
      }
    },
    {
      "type": "Feature",
      "geometry": {
        "type": "Point",
        "coordinates": [
          34.6065,
          31.3821
        ]
      },
      "properties": {
        "id": "HAR-01",
        "name": "Tel Haror (Tell Abu Hureira) — Gerar candidate",
        "layer": "ot_digs",
        "dig": "Ben-Gurion University Tel Haror Excavations (Oren)",
        "years": "1982–1992; additional work ~2010",
        "region": "Israel/Judah",
        "location": "Israel / western Negev / Nahal Gerar",
        "mgrs": "36RXV52767306",
        "verses": "Genesis 20:1–2; Genesis 26:1–6; Genesis 26:17–23; 2 Chronicles 14:13–14",
        "found": "Large Middle Bronze fortified Canaanite city with cultic precinct; Late Bronze occupation; later Iron Age remains. One of the strongest archaeological candidates for patriarchal Gerar on Nahal Gerar.",
        "support": "Site excavation is confirmed; biblical ID as Gerar is PROBABLE but not inscriptionally proven—honest candidate status. Bronze Age (esp. MB) urban scale fits a regional center in the patriarchal Negev corridor.",
        "sources": "Oren excavation reports / Ben-Gurion University; https://www.openbible.info/geo/modern/maaf3b2/tel-haror (modern geocode aggregation citing published site); IAA site registry context",
        "notes": "Bronze Age priority (MB fortress city). Confidence: dig confirmed; Gerar equation scholarly majority-leaning but not certain.",
        "campaigns": 1,
        "confidence": "confirmed",
        "biblical_name": "Gerar",
        "strongs_id": "H1642",
        "strongs_lang": "H",
        "strongs_url": "https://www.blueletterbible.org/lexicon/h1642/kjv/wlc/0-1/",
        "strongs_lemma": "גְּרָר",
        "strongs_gloss": "a lodging/rolling country; patriarchal Negev town (candidate)",
        "creation_ministry": {
          "blurb": "No site-specific Answers in Genesis, Creation Museum, or Ark Encounter page was verified for this dig in the 2026-09-30 survey. Do not invent AiG claims—label any future hit clearly as ministry interpretation, not dig consensus.",
          "aig": [],
          "creation_museum": [],
          "ark_encounter": [],
          "coverage": "none_found",
          "researched_at": "2026-09-30"
        },
        "creation_ministry_blurb": "No site-specific Answers in Genesis, Creation Museum, or Ark Encounter page was verified for this dig in the 2026-09-30 survey. Do not invent AiG claims—label any future hit clearly as ministry interpretation, not dig consensus.",
        "creation_ministry_coverage": "none_found",
        "creation_ministry_aig": [],
        "creation_ministry_museum": [],
        "creation_ministry_ark": [],
        "dig_halt": {
          "status": "no_halt_recorded",
          "date": null,
          "halted_by": null,
          "summary": "No dig halt is recorded for this site in the sources checked. High-profile halt searches prioritized Temple Mount restrictions, City of David/Silwan court orders, West Bank permit issues, Turkish foreign-mission suspensions, Jordan TeH, COVID project statements, and conflict interruptions (Syria/Iraq); this site did not yield a verified org/government stop-work or permit-revocation event.",
          "sources": []
        },
        "site_authority": {
          "name": "Israel Antiquities Authority (IAA)",
          "type": "national_antiquities",
          "role": "Licenses excavations and oversees antiquities across Israel; regional offices handle site permits and finds.",
          "contact_name": null,
          "contact_title": "General inquiries (Mokedia)",
          "contact_email": "mokediaa@israntique.org.il",
          "contact_phone": "073-3507350",
          "contact_url": "https://www.iaa.org.il/en/page/contact-us",
          "notes": "Tel Haror — IAA; Ben-Gurion University Oren expedition (historical).",
          "official_website": "https://www.iaa.org.il/en"
        },
        "dig_status": "open",
        "eras": [
          "Bronze Age",
          "Iron Age"
        ],
        "official_website": "https://www.iaa.org.il/en",
        "official_website_label": "Israel Antiquities Authority",
        "status_kind": "dig"
      }
    },
    {
      "type": "Feature",
      "geometry": {
        "type": "Point",
        "coordinates": [
          35.3378,
          32.2874
        ]
      },
      "properties": {
        "id": "TIR-01",
        "name": "Tell el-Farʿah North (Tirzah)",
        "layer": "ot_digs",
        "dig": "École Biblique Tell el-Farʿah Excavations (de Vaux) + renewed University of A Coruña / NOVA Lisbon / Palestinian DoA",
        "years": "1946–1960; renewed from 2017",
        "region": "Israel/Judah",
        "location": "West Bank / Samaria / NE of Nablus (Tubas district admin.)",
        "mgrs": "36SYA20157469",
        "verses": "Joshua 12:24; 1 Kings 14:17; 1 Kings 15:21; 1 Kings 15:33; 1 Kings 16:8–24; Song of Songs 6:4",
        "found": "Early Bronze urban fortifications; Middle Bronze gate and ramparts (Mallet final publication); Late Bronze occupation; Iron Age capital-period architecture matching early Northern Kingdom Tirzah before Omri’s move to Samaria.",
        "support": "Widely accepted identification with biblical Tirzah (Albright 1931; de Vaux). Bronze Age priority: EB–MB fortified city under the Iron Age capital. Equation is scholarly consensus but still lacks an on-site royal inscription.",
        "sources": "https://www.tellelfara.com/; de Vaux, Revue Biblique campaign reports 1947–1962; Mallet, Tell el-Fâr’ah II: Le Bronze Moyen; Chambon, Tell el-Far’ah I: L’Âge du Fer; Palestinian Ministry of Tourism and Antiquities partnership",
        "notes": "Bronze Age priority. Coords from project/scholarly geocode for Farʿah North tell.",
        "campaigns": 1,
        "confidence": "confirmed",
        "biblical_name": "Tirzah",
        "strongs_id": "H8656",
        "strongs_lang": "H",
        "strongs_url": "https://www.blueletterbible.org/lexicon/h8656/kjv/wlc/0-1/",
        "strongs_lemma": "תִּרְצָה",
        "strongs_gloss": "delight; early Northern Kingdom capital",
        "creation_ministry": {
          "blurb": "No site-specific Answers in Genesis, Creation Museum, or Ark Encounter page was verified for this dig in the 2026-09-30 survey. Do not invent AiG claims—label any future hit clearly as ministry interpretation, not dig consensus.",
          "aig": [],
          "creation_museum": [],
          "ark_encounter": [],
          "coverage": "none_found",
          "researched_at": "2026-09-30"
        },
        "creation_ministry_blurb": "No site-specific Answers in Genesis, Creation Museum, or Ark Encounter page was verified for this dig in the 2026-09-30 survey. Do not invent AiG claims—label any future hit clearly as ministry interpretation, not dig consensus.",
        "creation_ministry_coverage": "none_found",
        "creation_ministry_aig": [],
        "creation_ministry_museum": [],
        "creation_ministry_ark": [],
        "dig_halt": {
          "status": "no_halt_recorded",
          "date": null,
          "halted_by": null,
          "summary": "No dig halt is recorded for this site in the sources checked. High-profile halt searches prioritized Temple Mount restrictions, City of David/Silwan court orders, West Bank permit issues, Turkish foreign-mission suspensions, Jordan TeH, COVID project statements, and conflict interruptions (Syria/Iraq); this site did not yield a verified org/government stop-work or permit-revocation event.",
          "sources": []
        },
        "site_authority": {
          "name": "Palestinian Department of Antiquities and Cultural Heritage + École Biblique (historical) + Univ. A Coruña / NOVA Lisbon",
          "type": "national_antiquities",
          "role": "Palestinian DoA licenses current work; de Vaux/EBAF historical archive; finds also in Rockefeller / Louvre / Jordan Museum.",
          "contact_name": null,
          "contact_title": null,
          "contact_email": null,
          "contact_phone": null,
          "contact_url": "https://www.tellelfara.com/",
          "notes": "Do not invent emails/phones; use project site for inquiries.",
          "official_website": "https://www.tellelfara.com/"
        },
        "dig_status": "open",
        "eras": [
          "Bronze Age",
          "Iron Age"
        ],
        "official_website": "https://www.tellelfara.com/",
        "official_website_label": "Palestinian Department of Antiquities and Cultural Heritage + École Biblique (historical) + Univ. A Coruña / NOVA Lisbon",
        "status_kind": "dig"
      }
    },
    {
      "type": "Feature",
      "geometry": {
        "type": "Point",
        "coordinates": [
          35.2383,
          31.9283
        ]
      },
      "properties": {
        "id": "BET-01",
        "name": "Bethel — Beitin (traditional)",
        "layer": "ot_digs",
        "dig": "Albright / Kelso Bethel Excavations (ASOR / Pittsburgh Xenia)",
        "years": "1934; 1954; 1957; 1960",
        "region": "Israel/Judah",
        "location": "West Bank / Benjamin hill country / Beitin village tell",
        "mgrs": "36RYA11603467",
        "verses": "Genesis 12:8; Genesis 28:10–22; Genesis 35:1–7; Joshua 8:9–17; Judges 1:22–26; 1 Kings 12:28–33; Amos 7:10–13",
        "found": "Bronze and Iron Age occupation on the Beitin tell; cultic and domestic remains published by Kelso; traditional identification of patriarchal/cult-center Bethel since Robinson/Albright.",
        "support": "Traditional identification of Beitin with biblical Bethel remains the majority map convention, but alternative proposals (e.g., el-Bireh vicinity) exist and lack of an on-site name inscription means honesty tagging is required. Included as the excavated traditional dig locus—not as a closed debate.",
        "sources": "Kelso, The Excavation of Bethel (1934–1960) (ASOR); Albright preliminary reports",
        "notes": "Bronze/Iron dig at traditional Bethel. Coords: Beitin village tell scholarly geocode.",
        "campaigns": 1,
        "confidence": "confirmed",
        "biblical_name": "Bethel",
        "strongs_id": "H1008",
        "strongs_lang": "H",
        "strongs_url": "https://www.blueletterbible.org/lexicon/h1008/kjv/wlc/0-1/",
        "strongs_lemma": "בֵּית־אֵל",
        "strongs_gloss": "house of God; patriarchal and N Kingdom cult center",
        "creation_ministry": {
          "blurb": "No site-specific Answers in Genesis, Creation Museum, or Ark Encounter page was verified for this dig in the 2026-09-30 survey. Do not invent AiG claims—label any future hit clearly as ministry interpretation, not dig consensus.",
          "aig": [],
          "creation_museum": [],
          "ark_encounter": [],
          "coverage": "none_found",
          "researched_at": "2026-09-30"
        },
        "creation_ministry_blurb": "No site-specific Answers in Genesis, Creation Museum, or Ark Encounter page was verified for this dig in the 2026-09-30 survey. Do not invent AiG claims—label any future hit clearly as ministry interpretation, not dig consensus.",
        "creation_ministry_coverage": "none_found",
        "creation_ministry_aig": [],
        "creation_ministry_museum": [],
        "creation_ministry_ark": [],
        "dig_halt": {
          "status": "no_halt_recorded",
          "date": null,
          "halted_by": null,
          "summary": "No dig halt is recorded for this site in the sources checked. High-profile halt searches prioritized Temple Mount restrictions, City of David/Silwan court orders, West Bank permit issues, Turkish foreign-mission suspensions, Jordan TeH, COVID project statements, and conflict interruptions (Syria/Iraq); this site did not yield a verified org/government stop-work or permit-revocation event.",
          "sources": []
        },
        "site_authority": {
          "name": "Palestinian Department of Antiquities (territory) / historical ASOR Bethel Expedition",
          "type": "national_antiquities",
          "role": "Historical ASOR/Kelso excavation; modern antiquities under Palestinian DoA for Beitin area.",
          "contact_name": null,
          "contact_title": null,
          "contact_email": null,
          "contact_phone": null,
          "contact_url": null,
          "notes": "No invented contacts. Traditional ID honesty: majority convention, not inscriptionally sealed."
        },
        "dig_status": "open",
        "eras": [
          "Bronze Age",
          "Iron Age"
        ],
        "status_kind": "dig"
      }
    },
    {
      "type": "Feature",
      "geometry": {
        "type": "Point",
        "coordinates": [
          34.4043,
          31.4677
        ]
      },
      "properties": {
        "id": "AJJ-01",
        "name": "Tell el-ʿAjjul (Gaza) — Sharuhen candidate",
        "layer": "ot_digs",
        "dig": "Petrie Ancient Gaza Excavations + Fischer/Sadeq renewed seasons",
        "years": "1930–1934; 1938; renewed 1999–2000",
        "region": "Levant-other",
        "location": "Gaza coastal plain / south of Gaza City",
        "mgrs": "36RXV33418229",
        "verses": "Joshua 19:6",
        "found": "One of the richest Middle Bronze Canaanite centers in the southern Levant: palaces, elite cemetery, gold jewelry, Egyptian scarabs, extensive imported pottery; LB horizons; Theran pumice noted in renewed work. Long proposed as Egyptian/Canaanite Sharuhen (also debated vs Tell el-Farʿah South).",
        "support": "Major Bronze Age dig is undisputed. Biblical ID as Sharuhen is CONTESTED among candidates—pin records the excavated tell with honest candidate status, not a closed ID.",
        "sources": "Petrie, Ancient Gaza I–IV; Fischer & Sadeq renewed excavation publications; https://www.fischerarchaeology.se/?page_id=66; MoDIA chronology discussions",
        "notes": "Bronze Age priority (MB peak). Sharuhen ID debated—see notes.",
        "campaigns": 1,
        "confidence": "confirmed",
        "biblical_name": "Sharuhen (candidate)",
        "strongs_id": "H8287",
        "strongs_lang": "H",
        "strongs_url": "https://www.blueletterbible.org/lexicon/h8287/kjv/wlc/0-1/",
        "strongs_lemma": "שָׁרוּחֶן",
        "strongs_gloss": "refuge of grace; SW Canaan fortress (candidate)",
        "creation_ministry": {
          "blurb": "No site-specific Answers in Genesis, Creation Museum, or Ark Encounter page was verified for this dig in the 2026-09-30 survey. Do not invent AiG claims—label any future hit clearly as ministry interpretation, not dig consensus.",
          "aig": [],
          "creation_museum": [],
          "ark_encounter": [],
          "coverage": "none_found",
          "researched_at": "2026-09-30"
        },
        "creation_ministry_blurb": "No site-specific Answers in Genesis, Creation Museum, or Ark Encounter page was verified for this dig in the 2026-09-30 survey. Do not invent AiG claims—label any future hit clearly as ministry interpretation, not dig consensus.",
        "creation_ministry_coverage": "none_found",
        "creation_ministry_aig": [],
        "creation_ministry_museum": [],
        "creation_ministry_ark": [],
        "dig_halt": {
          "status": "no_halt_recorded",
          "date": null,
          "halted_by": null,
          "summary": "No dig halt is recorded for this site in the sources checked. High-profile halt searches prioritized Temple Mount restrictions, City of David/Silwan court orders, West Bank permit issues, Turkish foreign-mission suspensions, Jordan TeH, COVID project statements, and conflict interruptions (Syria/Iraq); this site did not yield a verified org/government stop-work or permit-revocation event.",
          "sources": []
        },
        "site_authority": {
          "name": "Ministry of Tourism and Antiquities (Gaza / Palestinian antiquities context) + historical Petrie / Fischer projects",
          "type": "national_antiquities",
          "role": "Historical British/Swedish-Palestinian excavations; modern access constrained.",
          "contact_name": null,
          "contact_title": null,
          "contact_email": null,
          "contact_phone": null,
          "contact_url": "https://www.fischerarchaeology.se/?page_id=66",
          "notes": "No invented contacts. Site endangered by modern development (excavators’ reports).",
          "official_website": "https://www.fischerarchaeology.se/?page_id=66"
        },
        "dig_status": "open",
        "eras": [
          "Bronze Age"
        ],
        "official_website": "https://www.fischerarchaeology.se/?page_id=66",
        "official_website_label": "Ministry of Tourism and Antiquities (Gaza / Palestinian antiquities context) + historical Petrie / Fischer projects",
        "status_kind": "dig"
      }
    },
    {
      "type": "Feature",
      "geometry": {
        "type": "Point",
        "coordinates": [
          34.9098,
          31.4558
        ]
      },
      "properties": {
        "id": "TBM-01",
        "name": "Tell Beit Mirsim — Debir/Kiriath-sepher candidate (historical)",
        "layer": "ot_digs",
        "dig": "Albright Tell Beit Mirsim Excavations (ASOR)",
        "years": "1926–1932",
        "region": "Israel/Judah",
        "location": "Israel / southern Shephelah / Tell Beit Mirsim",
        "mgrs": "36RXV81468169",
        "verses": "Joshua 10:38–39; Joshua 15:15–17; Judges 1:11–15",
        "found": "Classic stratigraphic sequence published by Albright: EB–MB–LB (Stratum C sparse LB) through Iron Age; type-site ceramic chronology for southern Levantine Bronze–Iron Ages.",
        "support": "Dig and ceramic sequence are foundational. Albright’s identification with biblical Debir is largely abandoned by later scholarship (many prefer Khirbet Rabud)—keep as archive-important Bronze/Iron dig with honest “former Debir candidate” status, not as proven Debir.",
        "sources": "Albright, Tell Beit Mirsim vols. I–III (AASOR); https://publications.iaa.org.il/ (IAA report materials referencing TBM tombs/strata); https://www.openbible.info/geo/modern/m6cb30d/tell-beit-mirsim",
        "notes": "Bronze Age priority for Albright’s MB–LB strata. Biblical Debir ID now weak—honesty in support field.",
        "campaigns": 1,
        "confidence": "confirmed",
        "biblical_name": "Debir (historical candidate)",
        "strongs_id": "H1688",
        "strongs_lang": "H",
        "strongs_url": "https://www.blueletterbible.org/lexicon/h1688/kjv/wlc/0-1/",
        "strongs_lemma": "דְּבִיר",
        "strongs_gloss": "sanctuary; Judahite town (Albright ID largely superseded)",
        "creation_ministry": {
          "blurb": "No site-specific Answers in Genesis, Creation Museum, or Ark Encounter page was verified for this dig in the 2026-09-30 survey. Do not invent AiG claims—label any future hit clearly as ministry interpretation, not dig consensus.",
          "aig": [],
          "creation_museum": [],
          "ark_encounter": [],
          "coverage": "none_found",
          "researched_at": "2026-09-30"
        },
        "creation_ministry_blurb": "No site-specific Answers in Genesis, Creation Museum, or Ark Encounter page was verified for this dig in the 2026-09-30 survey. Do not invent AiG claims—label any future hit clearly as ministry interpretation, not dig consensus.",
        "creation_ministry_coverage": "none_found",
        "creation_ministry_aig": [],
        "creation_ministry_museum": [],
        "creation_ministry_ark": [],
        "dig_halt": {
          "status": "no_halt_recorded",
          "date": null,
          "halted_by": null,
          "summary": "No dig halt is recorded for this site in the sources checked. High-profile halt searches prioritized Temple Mount restrictions, City of David/Silwan court orders, West Bank permit issues, Turkish foreign-mission suspensions, Jordan TeH, COVID project statements, and conflict interruptions (Syria/Iraq); this site did not yield a verified org/government stop-work or permit-revocation event.",
          "sources": []
        },
        "site_authority": {
          "name": "Israel Antiquities Authority (IAA)",
          "type": "national_antiquities",
          "role": "Licenses excavations and oversees antiquities across Israel; regional offices handle site permits and finds.",
          "contact_name": null,
          "contact_title": "General inquiries (Mokedia)",
          "contact_email": "mokediaa@israntique.org.il",
          "contact_phone": "073-3507350",
          "contact_url": "https://www.iaa.org.il/en/page/contact-us",
          "notes": "Tell Beit Mirsim — IAA oversight of tell; historical ASOR/Albright expedition.",
          "official_website": "https://www.iaa.org.il/en"
        },
        "dig_status": "open",
        "eras": [
          "Bronze Age",
          "Iron Age"
        ],
        "official_website": "https://www.iaa.org.il/en",
        "official_website_label": "Israel Antiquities Authority",
        "status_kind": "dig"
      }
    },
    {
      "type": "Feature",
      "geometry": {
        "type": "Point",
        "coordinates": [
          34.91503,
          32.61597
        ]
      },
      "properties": {
        "id": "DOR-01",
        "name": "Tel Dor (Khirbet el-Burj)",
        "layer": "ot_digs",
        "dig": "Hebrew University Dor Expedition (Stern) + Haifa/HU Gilboa & Sharon",
        "years": "1980–2000; renewed 2003–present",
        "region": "Israel/Judah",
        "location": "Israel / Carmel coast / Tel Dor",
        "mgrs": "36SXB79671033",
        "verses": "Joshua 11:2; Joshua 12:23; Joshua 17:11; Judges 1:27; 1 Kings 4:11",
        "found": "MB IIA onward coastal harbor town; Area G Late Bronze courtyard house with metallurgical activity (phases 12–11); rich Iron Age sequence; Phoenician/Persian/Hellenistic/Roman harbor city.",
        "support": "Confirmed coastal Dor of Joshua–Kings (Canaanite town not fully dispossessed in Judges). Bronze Age priority: LB Area G sequence under the better-known Iron Age harbor city.",
        "sources": "https://hadashot-esi.org.il/Report_Detail_Eng.aspx?id=12639; https://www.hadashot-esi.org.il/report_detail_eng.aspx?id=1290&mag_id=115; Gilboa, Sharon, Zorn & Matskevich, Excavations at Dor Final Report II (Qedem Reports); https://www.levantineceramics.org/sites/1097-tel-dor",
        "notes": "Bronze Age priority via LB Area G. Coords from Levantine Ceramics Project.",
        "campaigns": 1,
        "confidence": "confirmed",
        "biblical_name": "Dor",
        "strongs_id": "H1756",
        "strongs_lang": "H",
        "strongs_url": "https://www.blueletterbible.org/lexicon/h1756/kjv/wlc/0-1/",
        "strongs_lemma": "דּוֹר",
        "strongs_gloss": "dwelling; Canaanite coastal city",
        "creation_ministry": {
          "blurb": "No site-specific Answers in Genesis, Creation Museum, or Ark Encounter page was verified for this dig in the 2026-09-30 survey. Do not invent AiG claims—label any future hit clearly as ministry interpretation, not dig consensus.",
          "aig": [],
          "creation_museum": [],
          "ark_encounter": [],
          "coverage": "none_found",
          "researched_at": "2026-09-30"
        },
        "creation_ministry_blurb": "No site-specific Answers in Genesis, Creation Museum, or Ark Encounter page was verified for this dig in the 2026-09-30 survey. Do not invent AiG claims—label any future hit clearly as ministry interpretation, not dig consensus.",
        "creation_ministry_coverage": "none_found",
        "creation_ministry_aig": [],
        "creation_ministry_museum": [],
        "creation_ministry_ark": [],
        "dig_halt": {
          "status": "no_halt_recorded",
          "date": null,
          "halted_by": null,
          "summary": "No dig halt is recorded for this site in the sources checked. High-profile halt searches prioritized Temple Mount restrictions, City of David/Silwan court orders, West Bank permit issues, Turkish foreign-mission suspensions, Jordan TeH, COVID project statements, and conflict interruptions (Syria/Iraq); this site did not yield a verified org/government stop-work or permit-revocation event.",
          "sources": []
        },
        "site_authority": {
          "name": "Israel Antiquities Authority (IAA)",
          "type": "national_antiquities",
          "role": "Licenses excavations and oversees antiquities across Israel; regional offices handle site permits and finds.",
          "contact_name": null,
          "contact_title": "General inquiries (Mokedia)",
          "contact_email": "mokediaa@israntique.org.il",
          "contact_phone": "073-3507350",
          "contact_url": "https://www.iaa.org.il/en/page/contact-us",
          "notes": "Tel Dor — IAA; University of Haifa / Hebrew University Gilboa–Sharon expedition; INPA Dor park context.",
          "official_website": "https://www.iaa.org.il/en"
        },
        "dig_status": "open",
        "eras": [
          "Bronze Age",
          "Iron Age",
          "Persian / Hellenistic",
          "Roman / Byzantine"
        ],
        "official_website": "https://www.iaa.org.il/en",
        "official_website_label": "Israel Antiquities Authority",
        "status_kind": "dig"
      }
    },
    {
      "type": "Feature",
      "geometry": {
        "type": "Point",
        "coordinates": [
          35.6167,
          32.45
        ]
      },
      "properties": {
        "id": "PEL-01",
        "name": "Pella (Tabaqat Fahl) — Bronze Age temple precinct",
        "layer": "ot_digs",
        "dig": "University of Sydney Pella Project with Jordan Department of Antiquities",
        "years": "1967–present (long-term Sydney seasons)",
        "region": "Levant-other",
        "location": "Jordan / northern Jordan Valley / Tabaqat Fahl",
        "mgrs": "36SYA45989333",
        "verses": "Judges 12:1–6 (regional Gilead context); Matthew 4:25; Mark 5:20; Mark 7:31 (Decapolis); early-Christian Pella flight tradition (Eusebius—tag carefully)",
        "found": "Multi-period tell: substantial Middle/Late Bronze Fortress Temple precinct (Area XXXII; ~1500–1150 BCE phases); Iron Age continuity; Classical Decapolis city. DoA Jordan / Sydney final and interim reports.",
        "support": "Bronze Age temple city is the map priority here (Transjordan Canaanite cult center). Later Decapolis/NT geography and early-Christian flight tradition are secondary layers—tradition tagged, not overstated as dig proof of the flight.",
        "sources": "https://neaf.sydney.edu.au/our-projects/pella-project/; Bourke, Cult and Archaeology at Pella (Royal Society of NSW); ACOR Newsletter reports; https://publication.doa.gov.jo/; https://vici.org/vici/11308/",
        "notes": "Bronze Age priority. Coords from Vici.org / project geocode for Tabaqat Fahl.",
        "campaigns": 1,
        "confidence": "confirmed",
        "biblical_name": null,
        "strongs_id": null,
        "strongs_lang": null,
        "strongs_url": null,
        "strongs_lemma": null,
        "strongs_gloss": null,
        "creation_ministry": {
          "blurb": "No site-specific Answers in Genesis, Creation Museum, or Ark Encounter page was verified for this dig in the 2026-09-30 survey. Do not invent AiG claims—label any future hit clearly as ministry interpretation, not dig consensus.",
          "aig": [],
          "creation_museum": [],
          "ark_encounter": [],
          "coverage": "none_found",
          "researched_at": "2026-09-30"
        },
        "creation_ministry_blurb": "No site-specific Answers in Genesis, Creation Museum, or Ark Encounter page was verified for this dig in the 2026-09-30 survey. Do not invent AiG claims—label any future hit clearly as ministry interpretation, not dig consensus.",
        "creation_ministry_coverage": "none_found",
        "creation_ministry_aig": [],
        "creation_ministry_museum": [],
        "creation_ministry_ark": [],
        "dig_halt": {
          "status": "no_halt_recorded",
          "date": null,
          "halted_by": null,
          "summary": "No dig halt is recorded for this site in the sources checked. High-profile halt searches prioritized Temple Mount restrictions, City of David/Silwan court orders, West Bank permit issues, Turkish foreign-mission suspensions, Jordan TeH, COVID project statements, and conflict interruptions (Syria/Iraq); this site did not yield a verified org/government stop-work or permit-revocation event.",
          "sources": []
        },
        "site_authority": {
          "name": "Jordan Department of Antiquities (DoA) + University of Sydney Pella Project",
          "type": "national_antiquities",
          "role": "DoA licenses and protects; Sydney directs research excavations.",
          "contact_name": null,
          "contact_title": null,
          "contact_email": null,
          "contact_phone": null,
          "contact_url": "https://neaf.sydney.edu.au/our-projects/pella-project/",
          "notes": "No invented DoA emails. Use DoA Amman / project channels.",
          "official_website": "https://neaf.sydney.edu.au/our-projects/pella-project/"
        },
        "dig_status": "open",
        "eras": [
          "Bronze Age",
          "Iron Age",
          "Roman / Byzantine"
        ],
        "official_website": "https://neaf.sydney.edu.au/our-projects/pella-project/",
        "official_website_label": "Jordan Department of Antiquities (DoA) + University of Sydney Pella Project",
        "status_kind": "dig"
      }
    },
    {
      "type": "Feature",
      "geometry": {
        "type": "Point",
        "coordinates": [
          36.3847,
          36.2378
        ]
      },
      "properties": {
        "id": "ALA-01",
        "name": "Alalakh (Tell Atchana)",
        "layer": "ot_digs",
        "dig": "Woolley Alalakh Expedition + Yener Amuq Valley / Tell Atchana Project",
        "years": "1937–1949; renewed 2003–present",
        "region": "Anatolia",
        "location": "Turkey / Hatay / Amuq Valley / Tell Atchana",
        "mgrs": "37SBA64971349",
        "verses": "Genesis 10:18; Genesis 15:19–21 (regional Canaanite/Amorite peoples context—ANE archive parallel, not a named biblical city)",
        "found": "Middle and Late Bronze capital of Mukish: palaces, temples, fortifications, and cuneiform archives (level VII/IV) documenting Syrian kingdom diplomacy, law, and society contemporary with patriarchal–Exodus-era ANE.",
        "support": "Not a named biblical city—ANE archive site illuminating the world of Genesis–Joshua treaties, city-state politics, and Late Bronze internationalism. Included as Bronze Age comparative/officially excavated archive site adjacent to biblical geography.",
        "sources": "Woolley, Alalakh (Society of Antiquaries); Yener Tell Atchana / Amuq Valley publications; Turkish Ministry of Culture and Tourism excavation permits; ISAC/Chicago Amuq reports",
        "notes": "Bronze Age priority (MB–LB archives). Biblical link is contextual/ANE background—honestly tagged.",
        "campaigns": 1,
        "confidence": "confirmed",
        "biblical_name": null,
        "strongs_id": null,
        "strongs_lang": null,
        "strongs_url": null,
        "strongs_lemma": null,
        "strongs_gloss": null,
        "creation_ministry": {
          "blurb": "No site-specific Answers in Genesis, Creation Museum, or Ark Encounter page was verified for this dig in the 2026-09-30 survey. Do not invent AiG claims—label any future hit clearly as ministry interpretation, not dig consensus.",
          "aig": [],
          "creation_museum": [],
          "ark_encounter": [],
          "coverage": "none_found",
          "researched_at": "2026-09-30"
        },
        "creation_ministry_blurb": "No site-specific Answers in Genesis, Creation Museum, or Ark Encounter page was verified for this dig in the 2026-09-30 survey. Do not invent AiG claims—label any future hit clearly as ministry interpretation, not dig consensus.",
        "creation_ministry_coverage": "none_found",
        "creation_ministry_aig": [],
        "creation_ministry_museum": [],
        "creation_ministry_ark": [],
        "dig_halt": {
          "status": "no_halt_recorded",
          "date": null,
          "halted_by": null,
          "summary": "No dig halt is recorded for this site in the sources checked. High-profile halt searches prioritized Temple Mount restrictions, City of David/Silwan court orders, West Bank permit issues, Turkish foreign-mission suspensions, Jordan TeH, COVID project statements, and conflict interruptions (Syria/Iraq); this site did not yield a verified org/government stop-work or permit-revocation event.",
          "sources": []
        },
        "site_authority": {
          "name": "Republic of Türkiye Ministry of Culture and Tourism / Hatay museum directorate + Tell Atchana Project",
          "type": "national_antiquities",
          "role": "Turkish Ministry licenses foreign/local missions; museum directorates curate finds.",
          "contact_name": null,
          "contact_title": null,
          "contact_email": null,
          "contact_phone": null,
          "contact_url": "https://www.ktb.gov.tr/",
          "notes": "No invented contacts. Use Ministry / project official channels.",
          "official_website": "https://muze.gov.tr/"
        },
        "dig_status": "open",
        "eras": [
          "Bronze Age"
        ],
        "official_website": "https://muze.gov.tr/",
        "official_website_label": "Türkiye Museums (MoC)",
        "status_kind": "dig"
      }
    },
    {
      "type": "Feature",
      "geometry": {
        "type": "Point",
        "coordinates": [
          34.956,
          29.788
        ]
      },
      "properties": {
        "id": "TIMV-01",
        "name": "Timna Valley — Egyptian / Midianite copper district",
        "layer": "ot_digs",
        "dig": "Rothenberg Timna Expedition + Central Timna Valley Project (Ben-Yosef)",
        "years": "1959–1990 (Rothenberg); renewed CTV Project 2013–present",
        "region": "Israel/Judah",
        "location": "Israel / southern Arabah / Timna Park",
        "mgrs": "36RXT89079689",
        "verses": "Genesis 36:31–39 (Edomite kings/copper regions context); Numbers 21:4–9 (Arabah route context); Deuteronomy 8:9",
        "found": "Late Bronze Egyptian Hathor temple and mining camps; Qurayyah Painted Ware (“Midianite” pottery) spanning LB–early Iron; smelting sites. Radiocarbon revision (Ben-Yosef) shifts peak industrial copper to early Iron Age while retaining LB Egyptian presence.",
        "support": "Industrial/mining archaeology for Arabah–Midian–Edom biblical geography. Not a single named “Timna of Judah” (that is Tel Batash)—this is the Arabah copper valley. Bronze/LB Egyptian horizon + Midianite pottery are the biblical-adjacent hooks; peak production dating is debated/revised.",
        "sources": "Rothenberg Timna publications; Ben-Yosef CTV Project / BASOR radiocarbon studies; INPA Timna Park; IAA permits",
        "notes": "Bronze Age (LB Egyptian) priority with honest Iron Age peak-production revision note. Distinct from Timnah (Tel Batash) already on map.",
        "campaigns": 1,
        "confidence": "confirmed",
        "biblical_name": null,
        "strongs_id": null,
        "strongs_lang": null,
        "strongs_url": null,
        "strongs_lemma": null,
        "strongs_gloss": null,
        "creation_ministry": {
          "blurb": "No site-specific Answers in Genesis, Creation Museum, or Ark Encounter page was verified for this dig in the 2026-09-30 survey. Do not invent AiG claims—label any future hit clearly as ministry interpretation, not dig consensus.",
          "aig": [],
          "creation_museum": [],
          "ark_encounter": [],
          "coverage": "none_found",
          "researched_at": "2026-09-30"
        },
        "creation_ministry_blurb": "No site-specific Answers in Genesis, Creation Museum, or Ark Encounter page was verified for this dig in the 2026-09-30 survey. Do not invent AiG claims—label any future hit clearly as ministry interpretation, not dig consensus.",
        "creation_ministry_coverage": "none_found",
        "creation_ministry_aig": [],
        "creation_ministry_museum": [],
        "creation_ministry_ark": [],
        "dig_halt": {
          "status": "no_halt_recorded",
          "date": null,
          "halted_by": null,
          "summary": "No dig halt is recorded for this site in the sources checked. High-profile halt searches prioritized Temple Mount restrictions, City of David/Silwan court orders, West Bank permit issues, Turkish foreign-mission suspensions, Jordan TeH, COVID project statements, and conflict interruptions (Syria/Iraq); this site did not yield a verified org/government stop-work or permit-revocation event.",
          "sources": []
        },
        "site_authority": {
          "name": "IAA + INPA (Timna Park) + Tel Aviv University Central Timna Valley Project",
          "type": "mixed",
          "role": "INPA park; IAA antiquities; TAU Ben-Yosef research project.",
          "contact_name": null,
          "contact_title": "General inquiries (Mokedia)",
          "contact_email": "mokediaa@israntique.org.il",
          "contact_phone": "073-3507350",
          "contact_url": "https://www.iaa.org.il/en/page/contact-us",
          "notes": "Not Tel Batash/Timnah. Arabah copper district.",
          "official_website": "https://www.timna-park.co.il/"
        },
        "dig_status": "open",
        "eras": [
          "Bronze Age",
          "Exodus / Wilderness",
          "Iron Age"
        ],
        "official_website": "https://www.timna-park.co.il/",
        "official_website_label": "Timna Park",
        "status_kind": "dig"
      }
    },
    {
      "type": "Feature",
      "geometry": {
        "type": "Point",
        "coordinates": [
          30.3339,
          20.4364
        ]
      },
      "properties": {
        "id": "SOL-01",
        "name": "Soleb Temple — Shasu of Yhwȝ inscription",
        "layer": "ot_digs",
        "dig": "Soleb Temple documentation / Michela Schiff Giorgini excavations (historical)",
        "years": "1957–1977 (Schiff Giorgini) + epigraphic study",
        "region": "Egypt",
        "location": "Sudan (ancient Nubia) / Soleb on the Nile",
        "mgrs": "36QTH21816203",
        "verses": "Exodus 3:15; Exodus 6:3; Psalm 83:18 (divine name YHWH — epigraphic parallel, not a dig “proving” Exodus route)",
        "found": "Amenhotep III temple complex; hypostyle/column inscription naming the “Shasu [land] of Yhwȝ”—widely treated as the earliest securely dated non-Scripture inscription referring to the divine name Yahweh in an Egyptian topographical list.",
        "support": "Epigraphic findspot of high apologetic and historical interest. Does not locate Mount Sinai or prove Exodus itinerary; it shows the name Yhwȝ associated with Shasu pastoralists in New Kingdom Egyptian geography. Sudan NCAM / UNESCO tentative-list heritage context.",
        "sources": "https://whc.unesco.org/en/tentativelists/6596; Giveon / later epigraphic studies of Soleb Shasu-Yhwȝ; Schiff Giorgini Soleb publications; NCAM Sudan heritage management",
        "notes": "Bronze Age (New Kingdom LB) epigraphic priority. Coord from UNESCO Soleb tentative-list geographic description (~20°26′N, 30°20′E).",
        "campaigns": 1,
        "confidence": "confirmed",
        "biblical_name": null,
        "strongs_id": null,
        "strongs_lang": null,
        "strongs_url": null,
        "strongs_lemma": null,
        "strongs_gloss": null,
        "creation_ministry": {
          "blurb": "No site-specific Answers in Genesis, Creation Museum, or Ark Encounter page was verified for this dig in the 2026-09-30 survey. Do not invent AiG claims—label any future hit clearly as ministry interpretation, not dig consensus.",
          "aig": [],
          "creation_museum": [],
          "ark_encounter": [],
          "coverage": "none_found",
          "researched_at": "2026-09-30"
        },
        "creation_ministry_blurb": "No site-specific Answers in Genesis, Creation Museum, or Ark Encounter page was verified for this dig in the 2026-09-30 survey. Do not invent AiG claims—label any future hit clearly as ministry interpretation, not dig consensus.",
        "creation_ministry_coverage": "none_found",
        "creation_ministry_aig": [],
        "creation_ministry_museum": [],
        "creation_ministry_ark": [],
        "dig_halt": {
          "status": "no_halt_recorded",
          "date": null,
          "halted_by": null,
          "summary": "No dig halt is recorded for this site in the sources checked. High-profile halt searches prioritized Temple Mount restrictions, City of David/Silwan court orders, West Bank permit issues, Turkish foreign-mission suspensions, Jordan TeH, COVID project statements, and conflict interruptions (Syria/Iraq); this site did not yield a verified org/government stop-work or permit-revocation event.",
          "sources": []
        },
        "site_authority": {
          "name": "National Corporation for Antiquities and Museums (NCAM), Sudan",
          "type": "national_antiquities",
          "role": "Sudanese antiquities authority for Nubian temple sites including Soleb.",
          "contact_name": null,
          "contact_title": null,
          "contact_email": null,
          "contact_phone": null,
          "contact_url": "https://whc.unesco.org/en/tentativelists/6596",
          "notes": "No invented contacts. UNESCO tentative list page for site description.",
          "official_website": "https://www.mota.gov.eg/ar/"
        },
        "dig_status": "open",
        "eras": [
          "Bronze Age",
          "Exodus / Wilderness"
        ],
        "official_website": "https://www.mota.gov.eg/ar/",
        "official_website_label": "Egypt Ministry of Tourism and Antiquities",
        "status_kind": "dig"
      }
    },
    {
      "type": "Feature",
      "geometry": {
        "type": "Point",
        "coordinates": [
          34.73,
          31.547
        ]
      },
      "properties": {
        "id": "HES2-01",
        "name": "Tell el-Hesi",
        "layer": "ot_digs",
        "dig": "PEF / Bliss Tell el-Hesi Excavations + later Joint Expedition to Tell el-Hesi",
        "years": "1890–1892 (Petrie/Bliss); renewed 1970–1983 Joint Expedition",
        "region": "Israel/Judah",
        "location": "Israel / southern Shephelah / Tell el-Hesi",
        "mgrs": "36RXV64219152",
        "verses": "Joshua 10:3–5; Joshua 12:7–16 (Shephelah conquest geography context—site itself not securely named in a verse)",
        "found": "Pioneer modern stratigraphic dig in the southern Levant (Petrie/Bliss); EB–MB–LB–Iron sequence on a major SW Shephelah tell; later Joint Expedition refined Bronze–Iron ceramics and fortifications.",
        "support": "Foundational Bronze Age archaeology for biblical Shephelah studies. Exact biblical place-name equation remains uncertain—included as archive-classic BA dig illuminating conquest-era Shephelah urbanism, not as a sealed verse ID.",
        "sources": "Bliss, A Mound of Many Cities; Joint Expedition to Tell el-Hesi final reports; PEF archives; IAA site oversight",
        "notes": "Bronze Age priority (pioneer stratigraphy). Biblical name left null—honesty.",
        "campaigns": 1,
        "confidence": "confirmed",
        "biblical_name": null,
        "strongs_id": null,
        "strongs_lang": null,
        "strongs_url": null,
        "strongs_lemma": null,
        "strongs_gloss": null,
        "creation_ministry": {
          "blurb": "No site-specific Answers in Genesis, Creation Museum, or Ark Encounter page was verified for this dig in the 2026-09-30 survey. Do not invent AiG claims—label any future hit clearly as ministry interpretation, not dig consensus.",
          "aig": [],
          "creation_museum": [],
          "ark_encounter": [],
          "coverage": "none_found",
          "researched_at": "2026-09-30"
        },
        "creation_ministry_blurb": "No site-specific Answers in Genesis, Creation Museum, or Ark Encounter page was verified for this dig in the 2026-09-30 survey. Do not invent AiG claims—label any future hit clearly as ministry interpretation, not dig consensus.",
        "creation_ministry_coverage": "none_found",
        "creation_ministry_aig": [],
        "creation_ministry_museum": [],
        "creation_ministry_ark": [],
        "dig_halt": {
          "status": "no_halt_recorded",
          "date": null,
          "halted_by": null,
          "summary": "No dig halt is recorded for this site in the sources checked. High-profile halt searches prioritized Temple Mount restrictions, City of David/Silwan court orders, West Bank permit issues, Turkish foreign-mission suspensions, Jordan TeH, COVID project statements, and conflict interruptions (Syria/Iraq); this site did not yield a verified org/government stop-work or permit-revocation event.",
          "sources": []
        },
        "site_authority": {
          "name": "Israel Antiquities Authority (IAA)",
          "type": "national_antiquities",
          "role": "Licenses excavations and oversees antiquities across Israel; regional offices handle site permits and finds.",
          "contact_name": null,
          "contact_title": "General inquiries (Mokedia)",
          "contact_email": "mokediaa@israntique.org.il",
          "contact_phone": "073-3507350",
          "contact_url": "https://www.iaa.org.il/en/page/contact-us",
          "notes": "Tell el-Hesi — IAA; historical PEF/Bliss and Joint Expedition.",
          "official_website": "https://www.iaa.org.il/en"
        },
        "dig_status": "open",
        "eras": [
          "Bronze Age",
          "Iron Age"
        ],
        "official_website": "https://www.iaa.org.il/en",
        "official_website_label": "Israel Antiquities Authority",
        "status_kind": "dig"
      }
    },
    {
      "type": "Feature",
      "geometry": {
        "type": "Point",
        "coordinates": [
          35.2165,
          31.8854
        ]
      },
      "properties": {
        "id": "MIZ-01",
        "name": "Tell en-Nasbeh (Mizpah of Benjamin)",
        "layer": "ot_digs",
        "dig": "Badè Tell en-Nasbeh Excavations (Pacific School of Religion)",
        "years": "1926–1935",
        "region": "Israel/Judah",
        "location": "West Bank / Benjamin / Tell en-Nasbeh north of Jerusalem",
        "mgrs": "36RYA09642987",
        "verses": "Joshua 18:26; Judges 20:1–3; 1 Samuel 7:5–16; 1 Kings 15:22; 2 Kings 25:23–25; Jeremiah 40:6–41:18; Nehemiah 3:7",
        "found": "Large Iron Age fortified town with casemate-like defenses, gate, domestic quarters, and rich artifact assemblage; limited earlier remains. Long identified with Mizpah of Benjamin (Gedaliah narrative; Asa fortification).",
        "support": "Majority identification with biblical Mizpah of Benjamin. Iron Age priority (Babylonian-period provincial center). Some debate persists vs Nebi Samwil tradition—honesty note.",
        "sources": "Badè, Excavations at Tell en-Nasbeh I–II; https://www.levantineceramics.org/sites/3047-tell-en-nasbeh; Badè Museum collections",
        "notes": "Iron Age priority. Coords from Levantine Ceramics Project.",
        "campaigns": 1,
        "confidence": "confirmed",
        "biblical_name": "Mizpah",
        "strongs_id": "H4709",
        "strongs_lang": "H",
        "strongs_url": "https://www.blueletterbible.org/lexicon/h4709/kjv/wlc/0-1/",
        "strongs_lemma": "מִצְפָּה",
        "strongs_gloss": "watchtower; Benjaminite Mizpah (majority ID)",
        "creation_ministry": {
          "blurb": "No site-specific Answers in Genesis, Creation Museum, or Ark Encounter page was verified for this dig in the 2026-09-30 survey. Do not invent AiG claims—label any future hit clearly as ministry interpretation, not dig consensus.",
          "aig": [],
          "creation_museum": [],
          "ark_encounter": [],
          "coverage": "none_found",
          "researched_at": "2026-09-30"
        },
        "creation_ministry_blurb": "No site-specific Answers in Genesis, Creation Museum, or Ark Encounter page was verified for this dig in the 2026-09-30 survey. Do not invent AiG claims—label any future hit clearly as ministry interpretation, not dig consensus.",
        "creation_ministry_coverage": "none_found",
        "creation_ministry_aig": [],
        "creation_ministry_museum": [],
        "creation_ministry_ark": [],
        "dig_halt": {
          "status": "no_halt_recorded",
          "date": null,
          "halted_by": null,
          "summary": "No dig halt is recorded for this site in the sources checked. High-profile halt searches prioritized Temple Mount restrictions, City of David/Silwan court orders, West Bank permit issues, Turkish foreign-mission suspensions, Jordan TeH, COVID project statements, and conflict interruptions (Syria/Iraq); this site did not yield a verified org/government stop-work or permit-revocation event.",
          "sources": []
        },
        "site_authority": {
          "name": "Palestinian Department of Antiquities (territory) + historical Badè / PSR expedition",
          "type": "national_antiquities",
          "role": "Historical American excavation; modern territory under Palestinian DoA.",
          "contact_name": null,
          "contact_title": null,
          "contact_email": null,
          "contact_phone": null,
          "contact_url": null,
          "notes": "No invented contacts."
        },
        "dig_status": "open",
        "eras": [
          "Iron Age"
        ],
        "status_kind": "dig"
      }
    },
    {
      "type": "Feature",
      "geometry": {
        "type": "Point",
        "coordinates": [
          35.168,
          31.793
        ]
      },
      "properties": {
        "id": "MOT-01",
        "name": "Tel Motza (Moẓa) — Iron Age temple",
        "layer": "ot_digs",
        "dig": "IAA Motza Excavations (Kisilevitz / Greenhut / later seasons)",
        "years": "1990s salvage; major temple exposure 2012–2013; continued IAA work",
        "region": "Israel/Judah",
        "location": "Israel / west of Jerusalem / Motza",
        "mgrs": "36RYA05251953",
        "verses": "Joshua 18:26 (Mozah); temple theology parallels 1 Kings 12 / Deuteronomy centralization debates",
        "found": "Large Iron Age II temple complex near Jerusalem with cult stands, figurines, and monumental architecture—rare Judahite temple outside Jerusalem.",
        "support": "Confirmed Iron Age Judahite temple archaeology. Biblical Mozah equation is plausible (Joshua 18:26) but the find’s main value is cultic architecture challenging simplistic “only Jerusalem temple” models—interpret carefully.",
        "sources": "IAA press / HA-ESI Motza reports; Kisilevitz & Lipschits publications on the Motza temple; https://publications.iaa.org.il/ha-esi/",
        "notes": "Iron Age priority. Coords approximate published Motza temple locale west of Jerusalem.",
        "campaigns": 1,
        "confidence": "confirmed",
        "biblical_name": "Mozah (possible)",
        "strongs_id": "H4162",
        "strongs_lang": "H",
        "strongs_url": "https://www.blueletterbible.org/lexicon/h4162/kjv/wlc/0-1/",
        "strongs_lemma": "מוֹצָה",
        "strongs_gloss": "outgoing; Benjaminite town (possible Motza link)",
        "creation_ministry": {
          "blurb": "No site-specific Answers in Genesis, Creation Museum, or Ark Encounter page was verified for this dig in the 2026-09-30 survey. Do not invent AiG claims—label any future hit clearly as ministry interpretation, not dig consensus.",
          "aig": [],
          "creation_museum": [],
          "ark_encounter": [],
          "coverage": "none_found",
          "researched_at": "2026-09-30"
        },
        "creation_ministry_blurb": "No site-specific Answers in Genesis, Creation Museum, or Ark Encounter page was verified for this dig in the 2026-09-30 survey. Do not invent AiG claims—label any future hit clearly as ministry interpretation, not dig consensus.",
        "creation_ministry_coverage": "none_found",
        "creation_ministry_aig": [],
        "creation_ministry_museum": [],
        "creation_ministry_ark": [],
        "dig_halt": {
          "status": "no_halt_recorded",
          "date": null,
          "halted_by": null,
          "summary": "No dig halt is recorded for this site in the sources checked. High-profile halt searches prioritized Temple Mount restrictions, City of David/Silwan court orders, West Bank permit issues, Turkish foreign-mission suspensions, Jordan TeH, COVID project statements, and conflict interruptions (Syria/Iraq); this site did not yield a verified org/government stop-work or permit-revocation event.",
          "sources": []
        },
        "site_authority": {
          "name": "Israel Antiquities Authority (IAA)",
          "type": "national_antiquities",
          "role": "Licenses excavations and oversees antiquities across Israel; regional offices handle site permits and finds.",
          "contact_name": null,
          "contact_title": "General inquiries (Mokedia)",
          "contact_email": "mokediaa@israntique.org.il",
          "contact_phone": "073-3507350",
          "contact_url": "https://www.iaa.org.il/en/page/contact-us",
          "notes": "Tel Motza — IAA excavation/salvage authority.",
          "official_website": "https://www.iaa.org.il/en"
        },
        "dig_status": "open",
        "eras": [
          "Iron Age"
        ],
        "official_website": "https://www.iaa.org.il/en",
        "official_website_label": "Israel Antiquities Authority",
        "status_kind": "dig"
      }
    },
    {
      "type": "Feature",
      "geometry": {
        "type": "Point",
        "coordinates": [
          35.218,
          31.74
        ]
      },
      "properties": {
        "id": "RAR-01",
        "name": "Ramat Raḥel",
        "layer": "ot_digs",
        "dig": "Tel Aviv University / Heidelberg Ramat Raḥel Expedition (Lipschits) + earlier Aharoni",
        "years": "1954–62 Aharoni; renewed 2005–2010s",
        "region": "Israel/Judah",
        "location": "Israel / south of Jerusalem / Ramat Raḥel",
        "mgrs": "36RYA10111375",
        "verses": "Jeremiah 22:13–19; Nehemiah 3 (royal/administrative Judah context); 2 Kings 23–25 (late Judah administration)",
        "found": "Iron Age Judahite administrative/royal estate with ashlar architecture, garden complex, stamped jar handles; Persian-period continuity; later occupation.",
        "support": "Key Iron Age administrative center overlooking Jerusalem—illuminates late monarchic Judah bureaucracy. Exact biblical place-name uncertain; included as archive-excavated Judahite royal estate.",
        "sources": "Lipschits et al. Ramat Raḥel final/preliminary reports; Aharoni earlier seasons; IAA/INPA coordination",
        "notes": "Iron Age priority.",
        "campaigns": 1,
        "confidence": "confirmed",
        "biblical_name": null,
        "strongs_id": null,
        "strongs_lang": null,
        "strongs_url": null,
        "strongs_lemma": null,
        "strongs_gloss": null,
        "creation_ministry": {
          "blurb": "No site-specific Answers in Genesis, Creation Museum, or Ark Encounter page was verified for this dig in the 2026-09-30 survey. Do not invent AiG claims—label any future hit clearly as ministry interpretation, not dig consensus.",
          "aig": [],
          "creation_museum": [],
          "ark_encounter": [],
          "coverage": "none_found",
          "researched_at": "2026-09-30"
        },
        "creation_ministry_blurb": "No site-specific Answers in Genesis, Creation Museum, or Ark Encounter page was verified for this dig in the 2026-09-30 survey. Do not invent AiG claims—label any future hit clearly as ministry interpretation, not dig consensus.",
        "creation_ministry_coverage": "none_found",
        "creation_ministry_aig": [],
        "creation_ministry_museum": [],
        "creation_ministry_ark": [],
        "dig_halt": {
          "status": "no_halt_recorded",
          "date": null,
          "halted_by": null,
          "summary": "No dig halt is recorded for this site in the sources checked. High-profile halt searches prioritized Temple Mount restrictions, City of David/Silwan court orders, West Bank permit issues, Turkish foreign-mission suspensions, Jordan TeH, COVID project statements, and conflict interruptions (Syria/Iraq); this site did not yield a verified org/government stop-work or permit-revocation event.",
          "sources": []
        },
        "site_authority": {
          "name": "Israel Antiquities Authority (IAA)",
          "type": "national_antiquities",
          "role": "Licenses excavations and oversees antiquities across Israel; regional offices handle site permits and finds.",
          "contact_name": null,
          "contact_title": "General inquiries (Mokedia)",
          "contact_email": "mokediaa@israntique.org.il",
          "contact_phone": "073-3507350",
          "contact_url": "https://www.iaa.org.il/en/page/contact-us",
          "notes": "Ramat Raḥel — IAA; Tel Aviv University Lipschits expedition (historical renewed).",
          "official_website": "https://www.iaa.org.il/en"
        },
        "dig_status": "open",
        "eras": [
          "Iron Age",
          "Persian / Hellenistic"
        ],
        "official_website": "https://www.iaa.org.il/en",
        "official_website_label": "Israel Antiquities Authority",
        "status_kind": "dig"
      }
    },
    {
      "type": "Feature",
      "geometry": {
        "type": "Point",
        "coordinates": [
          35.605,
          30.738
        ]
      },
      "properties": {
        "id": "BUS-01",
        "name": "Busayra (Bozrah of Edom candidate)",
        "layer": "ot_digs",
        "dig": "British Institute at Amman for Archaeology and History Busayra Excavations (Bennett / Bienkowski)",
        "years": "1971–1980",
        "region": "Levant-other",
        "location": "Jordan / Edomite highlands / Busayra",
        "mgrs": "36RYV49400346",
        "verses": "Genesis 36:33; Isaiah 34:6; Isaiah 63:1; Jeremiah 49:13–22; Amos 1:12",
        "found": "Iron Age Edomite administrative/royal center with monumental buildings, fortifications, and cultic finds; published final reports by Bienkowski.",
        "support": "Leading archaeological candidate for biblical Bozrah of Edom. Iron Age priority for Edomite neighbor geography in prophets. ID is strong scholarly consensus but not inscriptionally sealed on-site.",
        "sources": "Bienkowski, Busayra Excavations; Bennett preliminary reports; Jordan Department of Antiquities permits",
        "notes": "Iron Age priority (Edom).",
        "campaigns": 1,
        "confidence": "confirmed",
        "biblical_name": "Bozrah",
        "strongs_id": "H1224",
        "strongs_lang": "H",
        "strongs_url": "https://www.blueletterbible.org/lexicon/h1224/kjv/wlc/0-1/",
        "strongs_lemma": "בָּצְרָה",
        "strongs_gloss": "fortress; Edomite city (Busayra candidate)",
        "creation_ministry": {
          "blurb": "No site-specific Answers in Genesis, Creation Museum, or Ark Encounter page was verified for this dig in the 2026-09-30 survey. Do not invent AiG claims—label any future hit clearly as ministry interpretation, not dig consensus.",
          "aig": [],
          "creation_museum": [],
          "ark_encounter": [],
          "coverage": "none_found",
          "researched_at": "2026-09-30"
        },
        "creation_ministry_blurb": "No site-specific Answers in Genesis, Creation Museum, or Ark Encounter page was verified for this dig in the 2026-09-30 survey. Do not invent AiG claims—label any future hit clearly as ministry interpretation, not dig consensus.",
        "creation_ministry_coverage": "none_found",
        "creation_ministry_aig": [],
        "creation_ministry_museum": [],
        "creation_ministry_ark": [],
        "dig_halt": {
          "status": "no_halt_recorded",
          "date": null,
          "halted_by": null,
          "summary": "No dig halt is recorded for this site in the sources checked. High-profile halt searches prioritized Temple Mount restrictions, City of David/Silwan court orders, West Bank permit issues, Turkish foreign-mission suspensions, Jordan TeH, COVID project statements, and conflict interruptions (Syria/Iraq); this site did not yield a verified org/government stop-work or permit-revocation event.",
          "sources": []
        },
        "site_authority": {
          "name": "Jordan Department of Antiquities (DoA)",
          "type": "national_antiquities",
          "role": "DoA licenses and protects Edomite highland sites including Busayra.",
          "contact_name": null,
          "contact_title": null,
          "contact_email": null,
          "contact_phone": null,
          "contact_url": "https://doa.gov.jo/",
          "notes": "No invented contacts.",
          "official_website": "https://doa.gov.jo/"
        },
        "dig_status": "open",
        "eras": [
          "Iron Age"
        ],
        "official_website": "https://doa.gov.jo/",
        "official_website_label": "Jordan Department of Antiquities (DoA)",
        "status_kind": "dig"
      }
    },
    {
      "type": "Feature",
      "geometry": {
        "type": "Point",
        "coordinates": [
          36.678,
          37.102
        ]
      },
      "properties": {
        "id": "ZIN-01",
        "name": "Zincirli (Samʾal / Ancient Zincirli)",
        "layer": "ot_digs",
        "dig": "von Luschan / Orient-Comité Zincirli Excavations + Chicago Neubauer Expedition",
        "years": "1888–1902; renewed 2006–present (University of Chicago)",
        "region": "Anatolia",
        "location": "Turkey / Gaziantep province / Zincirli Höyük",
        "mgrs": "37SBB93650871",
        "verses": "Genesis 10:18; 2 Kings 16:9; Isaiah 7:1–9 (Aramean/Neo-Hittite neighbor geography); 2 Chronicles 8:3–4 (Hamath/Zobah regional)",
        "found": "Iron Age Neo-Hittite/Aramean capital Samʾal: fortifications, palaces, orthostats, and famous Northwest Semitic inscriptions (Hadad, Panamuwa, Barrakib; later Katumuwa stele in renewed work).",
        "support": "Officially excavated Anatolian Iron Age capital illuminating Aramean–Assyrian world of Kings/Isaiah. Not a city named in the Protestant OT canon as “Zincirli,” but Samʾal is core for biblical-neighbor epigraphy.",
        "sources": "von Luschan Ausgrabungen in Sendschirli; Oriental Institute / Neubauer Expedition to Zincirli publications; Turkish Ministry of Culture and Tourism",
        "notes": "Iron Age priority (Neo-Hittite/Aramean).",
        "campaigns": 1,
        "confidence": "confirmed",
        "biblical_name": null,
        "strongs_id": null,
        "strongs_lang": null,
        "strongs_url": null,
        "strongs_lemma": null,
        "strongs_gloss": null,
        "creation_ministry": {
          "blurb": "No site-specific Answers in Genesis, Creation Museum, or Ark Encounter page was verified for this dig in the 2026-09-30 survey. Do not invent AiG claims—label any future hit clearly as ministry interpretation, not dig consensus.",
          "aig": [],
          "creation_museum": [],
          "ark_encounter": [],
          "coverage": "none_found",
          "researched_at": "2026-09-30"
        },
        "creation_ministry_blurb": "No site-specific Answers in Genesis, Creation Museum, or Ark Encounter page was verified for this dig in the 2026-09-30 survey. Do not invent AiG claims—label any future hit clearly as ministry interpretation, not dig consensus.",
        "creation_ministry_coverage": "none_found",
        "creation_ministry_aig": [],
        "creation_ministry_museum": [],
        "creation_ministry_ark": [],
        "dig_halt": {
          "status": "no_halt_recorded",
          "date": null,
          "halted_by": null,
          "summary": "No dig halt is recorded for this site in the sources checked. High-profile halt searches prioritized Temple Mount restrictions, City of David/Silwan court orders, West Bank permit issues, Turkish foreign-mission suspensions, Jordan TeH, COVID project statements, and conflict interruptions (Syria/Iraq); this site did not yield a verified org/government stop-work or permit-revocation event.",
          "sources": []
        },
        "site_authority": {
          "name": "Republic of Türkiye Ministry of Culture and Tourism + University of Chicago Zincirli Expedition",
          "type": "national_antiquities",
          "role": "Turkish Ministry licenses; Chicago directs renewed excavations.",
          "contact_name": null,
          "contact_title": null,
          "contact_email": null,
          "contact_phone": null,
          "contact_url": "https://www.ktb.gov.tr/",
          "notes": "No invented contacts.",
          "official_website": "https://muze.gov.tr/"
        },
        "dig_status": "open",
        "eras": [
          "Iron Age"
        ],
        "official_website": "https://muze.gov.tr/",
        "official_website_label": "Türkiye Museums (MoC)",
        "status_kind": "dig"
      }
    },
    {
      "type": "Feature",
      "geometry": {
        "type": "Point",
        "coordinates": [
          35.2248,
          31.7672
        ]
      },
      "properties": {
        "id": "KET-01",
        "name": "Ketef Hinnom — silver amulets findspot",
        "layer": "ot_digs",
        "dig": "Barkay Ketef Hinnom Excavations",
        "years": "1979–1980 (chambers); publication through 2000s",
        "region": "Israel/Judah",
        "location": "Israel / Jerusalem / Ketef Hinnom ridge (west of Hinnom Valley)",
        "mgrs": "36RYA10691678",
        "verses": "Numbers 6:24–26; Deuteronomy 7:9; 2 Kings 23:10; Jeremiah 7:31–32 (Hinnom Valley context)",
        "found": "Late Iron Age rock-cut burial repository; two silver amulets inscribed with a version of the priestly blessing (Numbers 6)—among the earliest biblical textual witnesses.",
        "support": "Confirmed epigraphic findspot of extraordinary importance for biblical text history. Burial context is late monarchic Judah; amulet readings have been peer-reviewed (Barkay et al.). Distinct from City of David digs (~1+ km east).",
        "sources": "Barkay et al., amulet readings in BASOR / IEJ publication stream; IAA custody; Israel Museum display context; Gabriel Barkay Ketef Hinnom excavation reports",
        "notes": "Iron Age epigraphy priority. Not a tell campaign—findspot row. Coords set on western Hinnom ridge to separate from City of David pins.",
        "campaigns": 1,
        "confidence": "confirmed",
        "biblical_name": "Hinnom",
        "strongs_id": "H2011",
        "strongs_lang": "H",
        "strongs_url": "https://www.blueletterbible.org/lexicon/h2011/kjv/wlc/0-1/",
        "strongs_lemma": "הִנֹּם",
        "strongs_gloss": "lamentation; Valley of Hinnom",
        "creation_ministry": {
          "blurb": "No site-specific Answers in Genesis, Creation Museum, or Ark Encounter page was verified for this dig in the 2026-09-30 survey. Do not invent AiG claims—label any future hit clearly as ministry interpretation, not dig consensus.",
          "aig": [],
          "creation_museum": [],
          "ark_encounter": [],
          "coverage": "none_found",
          "researched_at": "2026-09-30"
        },
        "creation_ministry_blurb": "No site-specific Answers in Genesis, Creation Museum, or Ark Encounter page was verified for this dig in the 2026-09-30 survey. Do not invent AiG claims—label any future hit clearly as ministry interpretation, not dig consensus.",
        "creation_ministry_coverage": "none_found",
        "creation_ministry_aig": [],
        "creation_ministry_museum": [],
        "creation_ministry_ark": [],
        "dig_halt": {
          "status": "no_halt_recorded",
          "date": null,
          "halted_by": null,
          "summary": "No dig halt is recorded for this site in the sources checked. High-profile halt searches prioritized Temple Mount restrictions, City of David/Silwan court orders, West Bank permit issues, Turkish foreign-mission suspensions, Jordan TeH, COVID project statements, and conflict interruptions (Syria/Iraq); this site did not yield a verified org/government stop-work or permit-revocation event.",
          "sources": []
        },
        "site_authority": {
          "name": "Israel Antiquities Authority (IAA)",
          "type": "national_antiquities",
          "role": "Licenses excavations and oversees antiquities across Israel; regional offices handle site permits and finds.",
          "contact_name": null,
          "contact_title": "General inquiries (Mokedia)",
          "contact_email": "mokediaa@israntique.org.il",
          "contact_phone": "073-3507350",
          "contact_url": "https://www.iaa.org.il/en/page/contact-us",
          "notes": "Ketef Hinnom — IAA; Gabriel Barkay historical excavation; Israel Museum holds amulets.",
          "official_website": "https://www.imj.org.il/"
        },
        "dig_status": "open",
        "eras": [
          "Iron Age"
        ],
        "official_website": "https://www.imj.org.il/",
        "official_website_label": "Israel Museum — Ketef Hinnom amulets",
        "status_kind": "dig"
      }
    },
    {
      "type": "Feature",
      "geometry": {
        "type": "Point",
        "coordinates": [
          31.253808,
          29.853765
        ]
      },
      "properties": {
        "id": "MEM-01",
        "name": "Memphis — Mit Rahina (Temple of Ptah precinct)",
        "layer": "ot_digs",
        "dig": "MoTA / SCA Memphis–Mit Rahina excavations (+ historical Petrie / University missions)",
        "years": "Petrie 1908–1913; continuous SCA/MoTA work; UNESCO WH component since 1979",
        "region": "Egypt",
        "location": "Egypt / Giza Governorate / Mit Rahina (ancient Memphis)",
        "mgrs": "36RUU31320386",
        "verses": "Isaiah 19:13; Jeremiah 2:16; Jeremiah 46:14, 19; Ezekiel 30:13, 16; Hosea 9:6",
        "found": "Capital-city ruins at Mit Rahina within the UNESCO Memphis and its Necropolis World Heritage property: Temple of Ptah precinct, colossal Ramesses II statues, Apries palace area, and multi-period urban remains from Early Dynastic/Old Kingdom through Late Period. The Memphis necropolis corridor (Giza–Saqqara–Dahshur) preserves the earliest monumental stone funerary architecture of pharaonic Egypt.",
        "support": "STRONG identification of biblical Noph/Moph (Memphis) with Mit Rahina is the scholarly consensus. Bronze Age (Early Dynastic–New Kingdom) urban capital frames every later prophetic oracle against Egypt; verses name the city—they do not require every oracle detail to be archaeologically ‘proven’ by the tell alone.",
        "sources": "https://egymonuments.gov.eg/en/world-heritage/memphis-and-its-necropolis/; https://whc.unesco.org/en/list/86/; Petrie, Memphis I–V (BSAE); MoTA/SCA site management under Antiquities Law 117/1983",
        "notes": "Coords: OSM Nominatim Mit Rahina tell/museum precinct (open map pin). Bronze Age priority: Old Kingdom capital + continuous BA urban sequence. Distinct from Giza plateau tourist core.",
        "campaigns": 1,
        "confidence": "confirmed",
        "biblical_name": "Noph (Memphis)",
        "strongs_id": "H5297",
        "strongs_lang": "H",
        "strongs_url": "https://www.blueletterbible.org/lexicon/h5297/kjv/wlc/0-1/",
        "strongs_lemma": "נֹף",
        "strongs_gloss": "Memphis; Egyptian capital in prophetic oracles",
        "creation_ministry": {
          "blurb": "No site-specific Answers in Genesis, Creation Museum, or Ark Encounter page was verified for this dig in the 2026-09-30 survey. Do not invent AiG claims—label any future hit clearly as ministry interpretation, not dig consensus.",
          "aig": [],
          "creation_museum": [],
          "ark_encounter": [],
          "coverage": "none_found",
          "researched_at": "2026-09-30"
        },
        "creation_ministry_blurb": "No site-specific Answers in Genesis, Creation Museum, or Ark Encounter page was verified for this dig in the 2026-09-30 survey. Do not invent AiG claims—label any future hit clearly as ministry interpretation, not dig consensus.",
        "creation_ministry_coverage": "none_found",
        "creation_ministry_aig": [],
        "creation_ministry_museum": [],
        "creation_ministry_ark": [],
        "dig_halt": {
          "status": "no_halt_recorded",
          "date": null,
          "halted_by": null,
          "summary": "No dig halt is recorded for this site in the sources checked. High-profile halt searches prioritized Temple Mount restrictions, City of David/Silwan court orders, West Bank permit issues, Turkish foreign-mission suspensions, Jordan TeH, COVID project statements, and conflict interruptions (Syria/Iraq); this site did not yield a verified org/government stop-work or permit-revocation event.",
          "sources": []
        },
        "site_authority": {
          "name": "Ministry of Tourism and Antiquities (Egypt) / Supreme Council of Antiquities",
          "type": "national_antiquities",
          "role": "National ministry overseeing museums, monuments, and excavation permits in Egypt.",
          "contact_name": null,
          "contact_title": "Ministry portal inquiries",
          "contact_email": "moa.portal@mota.gov.eg",
          "contact_phone": "19654",
          "contact_url": "https://www.mota.gov.eg/ar/",
          "notes": "Memphis/Mit Rahina — MoTA; UNESCO WH serial component 86.",
          "official_website": "https://www.mota.gov.eg/ar/"
        },
        "dig_status": "open",
        "official_website": "https://www.mota.gov.eg/ar/",
        "official_website_label": "Ministry of Tourism and Antiquities (Egypt) / Supreme Council of Antiquities",
        "eras": [
          "Bronze Age"
        ],
        "status_kind": "dig"
      }
    },
    {
      "type": "Feature",
      "geometry": {
        "type": "Point",
        "coordinates": [
          31.307481,
          30.129404
        ]
      },
      "properties": {
        "id": "HEL-01",
        "name": "Heliopolis — Iunu / On (Matariya)",
        "layer": "ot_digs",
        "dig": "MoTA / SCA Heliopolis Project (+ Italian 1903–1906; German-Egyptian renewed work)",
        "years": "Schiaparelli Italian Mission 1903–1906; ongoing MoTA/partner excavations at Matariya–Ain Shams",
        "region": "Egypt",
        "location": "Egypt / Cairo / Matariya–Ain Shams (ancient Iunu/Heliopolis)",
        "mgrs": "36RUU36963433",
        "verses": "Genesis 41:45, 50; Genesis 46:20; Ezekiel 30:17 (Aven); Jeremiah 43:13",
        "found": "Temple-city of the sun god Ra/Atum: open-air Matariya obelisk (Senusret I) marking the solar temple precinct; multi-period temple infrastructure, industrial quarters, and necropolis remains under modern northeast Cairo. White-Levy publication of the Italian Mission and current MoTA GIS-backed seasons document BA–Late Period cult topography of biblical On.",
        "support": "STRONG identification of biblical On with Egyptian Iunu/Heliopolis (Matariya). Genesis places Joseph’s marriage into the priestly house of On—archaeology confirms a major BA–NK solar cult capital; it does not independently prove the Joseph narrative. Ezekiel’s Aven/On oracle uses the same toponym.",
        "sources": "https://whitelevy.fas.harvard.edu/heliopolis-excavations-italian-archaeological-mission-1903-1906; Heliopolis Reports (Propylaeum/Heidelberg); MoTA Matariya excavation notices; https://www.mota.gov.eg/ar/",
        "notes": "Coords: OSM Nominatim Matariya Obelisk (مسلة المطرية) — solar temple landmark. Bronze Age priority: Middle/New Kingdom solar temple city of On.",
        "campaigns": 1,
        "confidence": "confirmed",
        "biblical_name": "On (Heliopolis)",
        "strongs_id": "H204",
        "strongs_lang": "H",
        "strongs_url": "https://www.blueletterbible.org/lexicon/h204/kjv/wlc/0-1/",
        "strongs_lemma": "אוֹן",
        "strongs_gloss": "On/Heliopolis; city of Joseph’s father-in-law Potiphera",
        "creation_ministry": {
          "blurb": "No site-specific Answers in Genesis, Creation Museum, or Ark Encounter page was verified for this dig in the 2026-09-30 survey. Do not invent AiG claims—label any future hit clearly as ministry interpretation, not dig consensus.",
          "aig": [],
          "creation_museum": [],
          "ark_encounter": [],
          "coverage": "none_found",
          "researched_at": "2026-09-30"
        },
        "creation_ministry_blurb": "No site-specific Answers in Genesis, Creation Museum, or Ark Encounter page was verified for this dig in the 2026-09-30 survey. Do not invent AiG claims—label any future hit clearly as ministry interpretation, not dig consensus.",
        "creation_ministry_coverage": "none_found",
        "creation_ministry_aig": [],
        "creation_ministry_museum": [],
        "creation_ministry_ark": [],
        "dig_halt": {
          "status": "no_halt_recorded",
          "date": null,
          "halted_by": null,
          "summary": "No dig halt is recorded for this site in the sources checked. High-profile halt searches prioritized Temple Mount restrictions, City of David/Silwan court orders, West Bank permit issues, Turkish foreign-mission suspensions, Jordan TeH, COVID project statements, and conflict interruptions (Syria/Iraq); this site did not yield a verified org/government stop-work or permit-revocation event.",
          "sources": []
        },
        "site_authority": {
          "name": "Ministry of Tourism and Antiquities (Egypt) / Supreme Council of Antiquities",
          "type": "national_antiquities",
          "role": "National ministry overseeing museums, monuments, and excavation permits in Egypt.",
          "contact_name": null,
          "contact_title": "Ministry portal inquiries",
          "contact_email": "moa.portal@mota.gov.eg",
          "contact_phone": "19654",
          "contact_url": "https://www.mota.gov.eg/ar/",
          "notes": "Heliopolis/Matariya — MoTA SCA; international partner missions.",
          "official_website": "https://www.mota.gov.eg/ar/"
        },
        "dig_status": "open",
        "official_website": "https://www.mota.gov.eg/ar/",
        "official_website_label": "Ministry of Tourism and Antiquities (Egypt) / Supreme Council of Antiquities",
        "eras": [
          "Bronze Age"
        ],
        "status_kind": "dig"
      }
    },
    {
      "type": "Feature",
      "geometry": {
        "type": "Point",
        "coordinates": [
          31.512066,
          30.572242
        ]
      },
      "properties": {
        "id": "BUB-01",
        "name": "Bubastis — Tell Basta (Per-Bastet / Pi-Beseth)",
        "layer": "ot_digs",
        "dig": "German-Egyptian Tell Basta Project (Göttingen / EES) + SCA/MoTA",
        "years": "Naville 1887–1889; Habachi; SCA/Zagazig University; Tell Basta Project 2008–present",
        "region": "Egypt",
        "location": "Egypt / Sharqia / Tell Basta near Zagazig",
        "mgrs": "36RUU57318313",
        "verses": "Ezekiel 30:17",
        "found": "Eastern Delta nome capital: Bastet temple complex (Naville), Old Kingdom ka-temple of Pepi I, Middle Kingdom palace of Amenemhat III, New Kingdom elite tombs, and Late Period settlement/storage excavated by SCA. Continuous BA–Roman occupation on the Pelusiac corridor controlling routes toward Sinai and Wadi Tumilat.",
        "support": "STRONG identification of biblical Pi-Beseth with Bubastis/Tell Basta is standard. Ezekiel pairs Pi-Beseth with On in an oracle against Egypt—site archaeology documents the named Delta city; oracle fulfillment claims are interpretive.",
        "sources": "https://egymonuments.gov.eg/en/archaeological-sites/tal-basta/; Naville, Bubastis (EEF 1891); SCA domestic-area reports (EES asset); Tell Basta Project / University of Göttingen / MoTA permits",
        "notes": "Coords: OSM Nominatim Tell-Basta. Bronze Age priority: OK–NK temple/palace city under later Bubastite capital.",
        "campaigns": 1,
        "confidence": "confirmed",
        "biblical_name": "Pi-Beseth",
        "strongs_id": "H6364",
        "strongs_lang": "H",
        "strongs_url": "https://www.blueletterbible.org/lexicon/h6364/kjv/wlc/0-1/",
        "strongs_lemma": "פִּי־בֶסֶת",
        "strongs_gloss": "Pi-Beseth/Bubastis; Delta city in Ezekiel 30",
        "creation_ministry": {
          "blurb": "No site-specific Answers in Genesis, Creation Museum, or Ark Encounter page was verified for this dig in the 2026-09-30 survey. Do not invent AiG claims—label any future hit clearly as ministry interpretation, not dig consensus.",
          "aig": [],
          "creation_museum": [],
          "ark_encounter": [],
          "coverage": "none_found",
          "researched_at": "2026-09-30"
        },
        "creation_ministry_blurb": "No site-specific Answers in Genesis, Creation Museum, or Ark Encounter page was verified for this dig in the 2026-09-30 survey. Do not invent AiG claims—label any future hit clearly as ministry interpretation, not dig consensus.",
        "creation_ministry_coverage": "none_found",
        "creation_ministry_aig": [],
        "creation_ministry_museum": [],
        "creation_ministry_ark": [],
        "dig_halt": {
          "status": "no_halt_recorded",
          "date": null,
          "halted_by": null,
          "summary": "No dig halt is recorded for this site in the sources checked. High-profile halt searches prioritized Temple Mount restrictions, City of David/Silwan court orders, West Bank permit issues, Turkish foreign-mission suspensions, Jordan TeH, COVID project statements, and conflict interruptions (Syria/Iraq); this site did not yield a verified org/government stop-work or permit-revocation event.",
          "sources": []
        },
        "site_authority": {
          "name": "Ministry of Tourism and Antiquities (Egypt) / Supreme Council of Antiquities",
          "type": "national_antiquities",
          "role": "National ministry overseeing museums, monuments, and excavation permits in Egypt.",
          "contact_name": null,
          "contact_title": "Ministry portal inquiries",
          "contact_email": "moa.portal@mota.gov.eg",
          "contact_phone": "19654",
          "contact_url": "https://www.mota.gov.eg/ar/",
          "notes": "Tell Basta/Bubastis — MoTA; German-Egyptian Tell Basta Project.",
          "official_website": "https://www.mota.gov.eg/ar/"
        },
        "dig_status": "open",
        "official_website": "https://www.mota.gov.eg/ar/",
        "official_website_label": "Ministry of Tourism and Antiquities (Egypt) / Supreme Council of Antiquities",
        "eras": [
          "Bronze Age",
          "Iron Age"
        ],
        "status_kind": "dig"
      }
    },
    {
      "type": "Feature",
      "geometry": {
        "type": "Point",
        "coordinates": [
          31.964,
          30.548
        ]
      },
      "properties": {
        "id": "RET-01",
        "name": "Tell el-Retaba (Wadi Tumilat) — Pithom candidate",
        "layer": "ot_digs",
        "dig": "Polish-Slovak Archaeological Mission / PCMA + MoTA SCA",
        "years": "Petrie 1905–06; Polish-Slovak mission 2007–present (PCMA / Aigyptos)",
        "region": "Egypt",
        "location": "Egypt / Wadi Tumilat / Tell el-Retaba",
        "mgrs": "36RVU00637996",
        "verses": "Exodus 1:11; Genesis 47:11 (Goshen/Rameses region context)",
        "found": "Multi-period tell on the Wadi Tumilat corridor: Hyksos-period settlement, New Kingdom fortress and magazine architecture, Third Intermediate/Late Period fortifications. Polish-Slovak PAM publications document Ramesside military-administrative architecture often discussed in Pithom/Exodus store-city debates.",
        "support": "MODERATE–STRONG as a leading archaeological Pithom candidate (with Tell el-Maskhuta). Identification is contested among Egyptologists—map as candidate, not closed. Bronze/New Kingdom fortress archaeology is primary; Exodus 1:11 toponym link remains debated.",
        "sources": "Rzepka, Hudec et al., Tell el-Retaba seasons in Polish Archaeology in the Mediterranean / Ägypten und Levante; https://aigyptos.sk/en/tel-el-retabi; MoTA SCA permits",
        "notes": "Coords: published site geocode ~30.548 N, 31.964 E (Ancient Locations / expedition region). Candidate honesty in support field. Distinct from Pi-Ramesses (PIR-01) and Avaris (AVA-01).",
        "campaigns": 1,
        "confidence": "probable",
        "biblical_name": "Pithom (candidate)",
        "strongs_id": "H6619",
        "strongs_lang": "H",
        "strongs_url": "https://www.blueletterbible.org/lexicon/h6619/kjv/wlc/0-1/",
        "strongs_lemma": "פִּתֹם",
        "strongs_gloss": "Pithom; Exodus store-city (candidate site)",
        "creation_ministry": {
          "blurb": "No site-specific Answers in Genesis, Creation Museum, or Ark Encounter page was verified for this dig in the 2026-09-30 survey. Do not invent AiG claims—label any future hit clearly as ministry interpretation, not dig consensus.",
          "aig": [],
          "creation_museum": [],
          "ark_encounter": [],
          "coverage": "none_found",
          "researched_at": "2026-09-30"
        },
        "creation_ministry_blurb": "No site-specific Answers in Genesis, Creation Museum, or Ark Encounter page was verified for this dig in the 2026-09-30 survey. Do not invent AiG claims—label any future hit clearly as ministry interpretation, not dig consensus.",
        "creation_ministry_coverage": "none_found",
        "creation_ministry_aig": [],
        "creation_ministry_museum": [],
        "creation_ministry_ark": [],
        "dig_halt": {
          "status": "no_halt_recorded",
          "date": null,
          "halted_by": null,
          "summary": "No dig halt is recorded for this site in the sources checked. High-profile halt searches prioritized Temple Mount restrictions, City of David/Silwan court orders, West Bank permit issues, Turkish foreign-mission suspensions, Jordan TeH, COVID project statements, and conflict interruptions (Syria/Iraq); this site did not yield a verified org/government stop-work or permit-revocation event.",
          "sources": []
        },
        "site_authority": {
          "name": "Ministry of Tourism and Antiquities (Egypt) / Supreme Council of Antiquities",
          "type": "national_antiquities",
          "role": "National ministry overseeing museums, monuments, and excavation permits in Egypt.",
          "contact_name": null,
          "contact_title": "Ministry portal inquiries",
          "contact_email": "moa.portal@mota.gov.eg",
          "contact_phone": "19654",
          "contact_url": "https://www.mota.gov.eg/ar/",
          "notes": "Tell el-Retaba — MoTA SCA; Polish Centre of Mediterranean Archaeology / Slovak Aigyptos mission.",
          "official_website": "https://www.mota.gov.eg/ar/"
        },
        "dig_status": "open",
        "official_website": "https://www.mota.gov.eg/ar/",
        "official_website_label": "Ministry of Tourism and Antiquities (Egypt) / Supreme Council of Antiquities",
        "eras": [
          "Bronze Age"
        ],
        "status_kind": "dig"
      }
    },
    {
      "type": "Feature",
      "geometry": {
        "type": "Point",
        "coordinates": [
          32.098555,
          30.552326
        ]
      },
      "properties": {
        "id": "MSK-01",
        "name": "Tell el-Maskhuta (Wadi Tumilat) — Pithom / Succoth candidate",
        "layer": "ot_digs",
        "dig": "University of Toronto Wadi Tumilat Project (Holladay) + MoTA SCA historical work",
        "years": "Naville 1883; Holladay Toronto Wadi Tumilat Project 1978–1985; later SCA work",
        "region": "Egypt",
        "location": "Egypt / Wadi Tumilat / Tell el-Maskhuta",
        "mgrs": "36RVU13548033",
        "verses": "Exodus 1:11; Exodus 12:37; Exodus 13:20; Genesis 33:17 (Succoth name-parallel caution)",
        "found": "Strategic Wadi Tumilat tell: Hyksos and New Kingdom occupation, canal-related settlement, fortifications, and later Persian/Ptolemaic material. Naville long argued Maskhuta = Pithom; Holladay project finals refine Pharaonic–Persian sequence used in Exodus geography debates (Pithom and/or Succoth).",
        "support": "MODERATE candidate for Pithom and/or the Exodus Succoth of the Delta departure—not the Transjordan Succoth. Competing Retaba/Maskhuta Pithom theories remain open; pin documents the excavated tell, not a settled ID.",
        "sources": "Holladay, Tell el-Maskhuta (ARCE Reports); Naville, The Store-City of Pithom; MoTA SCA site oversight; Wadi Tumilat Project publications",
        "notes": "Coords: OSM Nominatim Tell el-Maskhuta archaeological site. Do not confuse with wilderness-layer Succoth pins (exodus route hypotheses).",
        "campaigns": 1,
        "confidence": "probable",
        "biblical_name": "Pithom / Succoth (Delta candidate)",
        "strongs_id": "H6619",
        "strongs_lang": "H",
        "strongs_url": "https://www.blueletterbible.org/lexicon/h6619/kjv/wlc/0-1/",
        "strongs_lemma": "פִּתֹם",
        "strongs_gloss": "Pithom; also discussed as Delta Succoth candidate",
        "creation_ministry": {
          "blurb": "No site-specific Answers in Genesis, Creation Museum, or Ark Encounter page was verified for this dig in the 2026-09-30 survey. Do not invent AiG claims—label any future hit clearly as ministry interpretation, not dig consensus.",
          "aig": [],
          "creation_museum": [],
          "ark_encounter": [],
          "coverage": "none_found",
          "researched_at": "2026-09-30"
        },
        "creation_ministry_blurb": "No site-specific Answers in Genesis, Creation Museum, or Ark Encounter page was verified for this dig in the 2026-09-30 survey. Do not invent AiG claims—label any future hit clearly as ministry interpretation, not dig consensus.",
        "creation_ministry_coverage": "none_found",
        "creation_ministry_aig": [],
        "creation_ministry_museum": [],
        "creation_ministry_ark": [],
        "dig_halt": {
          "status": "no_halt_recorded",
          "date": null,
          "halted_by": null,
          "summary": "No dig halt is recorded for this site in the sources checked. High-profile halt searches prioritized Temple Mount restrictions, City of David/Silwan court orders, West Bank permit issues, Turkish foreign-mission suspensions, Jordan TeH, COVID project statements, and conflict interruptions (Syria/Iraq); this site did not yield a verified org/government stop-work or permit-revocation event.",
          "sources": []
        },
        "site_authority": {
          "name": "Ministry of Tourism and Antiquities (Egypt) / Supreme Council of Antiquities",
          "type": "national_antiquities",
          "role": "National ministry overseeing museums, monuments, and excavation permits in Egypt.",
          "contact_name": null,
          "contact_title": "Ministry portal inquiries",
          "contact_email": "moa.portal@mota.gov.eg",
          "contact_phone": "19654",
          "contact_url": "https://www.mota.gov.eg/ar/",
          "notes": "Tell el-Maskhuta — MoTA SCA; historical University of Toronto Wadi Tumilat Project.",
          "official_website": "https://www.mota.gov.eg/ar/"
        },
        "dig_status": "open",
        "official_website": "https://www.mota.gov.eg/ar/",
        "official_website_label": "Ministry of Tourism and Antiquities (Egypt) / Supreme Council of Antiquities",
        "eras": [
          "Bronze Age"
        ],
        "status_kind": "dig"
      }
    },
    {
      "type": "Feature",
      "geometry": {
        "type": "Point",
        "coordinates": [
          32.414742,
          30.923016
        ]
      },
      "properties": {
        "id": "BRG-01",
        "name": "Tell el-Borg (North Sinai) — New Kingdom fortress",
        "layer": "ot_digs",
        "dig": "North Sinai Archaeological Project (Hoffmeier) + SCA",
        "years": "Hoffmeier excavations 1999–2008 (+ SCA partnership)",
        "region": "Egypt",
        "location": "Egypt / North Sinai / Tell el-Borg",
        "mgrs": "36RVV44082121",
        "verses": "Exodus 13:17; Exodus 14:2 (Migdol-region geography caution)",
        "found": "New Kingdom military site on the Ways of Horus east of Hebua: fortresses, tombs, and Egyptian administrative finds published by Hoffmeier. Forms part of the BA/NK fortified corridor between the Delta and Canaan—background for Exodus coastal-route geography.",
        "support": "MODERATE biblical geography link via Ways of Horus archaeology. Not a secure one-to-one ID with a single biblical Migdol; supports the fortified coastal-road setting Exodus 13:17 assumes Israel avoided.",
        "sources": "Hoffmeier, Excavations in North Sinai / Tell el-Borg volumes; ASOR/Eisenbrauns publications; MoTA SCA permits",
        "notes": "Coords: OSM Nominatim Tell el-Borg. Pair with HEB-01 for Way of Horus BA military landscape.",
        "campaigns": 1,
        "confidence": "probable",
        "biblical_name": "Ways of Horus fortress (Migdol-region)",
        "strongs_id": null,
        "strongs_lang": null,
        "strongs_url": null,
        "strongs_lemma": null,
        "strongs_gloss": null,
        "creation_ministry": {
          "blurb": "No site-specific Answers in Genesis, Creation Museum, or Ark Encounter page was verified for this dig in the 2026-09-30 survey. Do not invent AiG claims—label any future hit clearly as ministry interpretation, not dig consensus.",
          "aig": [],
          "creation_museum": [],
          "ark_encounter": [],
          "coverage": "none_found",
          "researched_at": "2026-09-30"
        },
        "creation_ministry_blurb": "No site-specific Answers in Genesis, Creation Museum, or Ark Encounter page was verified for this dig in the 2026-09-30 survey. Do not invent AiG claims—label any future hit clearly as ministry interpretation, not dig consensus.",
        "creation_ministry_coverage": "none_found",
        "creation_ministry_aig": [],
        "creation_ministry_museum": [],
        "creation_ministry_ark": [],
        "dig_halt": {
          "status": "no_halt_recorded",
          "date": null,
          "halted_by": null,
          "summary": "No dig halt is recorded for this site in the sources checked. High-profile halt searches prioritized Temple Mount restrictions, City of David/Silwan court orders, West Bank permit issues, Turkish foreign-mission suspensions, Jordan TeH, COVID project statements, and conflict interruptions (Syria/Iraq); this site did not yield a verified org/government stop-work or permit-revocation event.",
          "sources": []
        },
        "site_authority": {
          "name": "Ministry of Tourism and Antiquities (Egypt) / Supreme Council of Antiquities",
          "type": "national_antiquities",
          "role": "National ministry overseeing museums, monuments, and excavation permits in Egypt.",
          "contact_name": null,
          "contact_title": "Ministry portal inquiries",
          "contact_email": "moa.portal@mota.gov.eg",
          "contact_phone": "19654",
          "contact_url": "https://www.mota.gov.eg/ar/",
          "notes": "Tell el-Borg — MoTA SCA; Hoffmeier North Sinai Archaeological Project (historical).",
          "official_website": "https://www.mota.gov.eg/ar/"
        },
        "dig_status": "open",
        "official_website": "https://www.mota.gov.eg/ar/",
        "official_website_label": "Ministry of Tourism and Antiquities (Egypt) / Supreme Council of Antiquities",
        "eras": [
          "Bronze Age"
        ],
        "status_kind": "dig"
      }
    },
    {
      "type": "Feature",
      "geometry": {
        "type": "Point",
        "coordinates": [
          44.254891,
          35.370053
        ]
      },
      "properties": {
        "id": "NUZ-01",
        "name": "Nuzi — Yorghan Tepe",
        "layer": "ot_digs",
        "dig": "American Schools / Harvard–Baghdad School excavations (Chiera, Speiser, et al.)",
        "years": "1925–1931 principal American campaigns; tablet publication ongoing",
        "region": "Mesopotamia",
        "location": "Iraq / Kirkuk Governorate / Yorghan Tepe (ancient Nuzi)",
        "mgrs": "38SME32311433",
        "verses": "Genesis 15–31 (patriarchal customs comparative; not a named biblical town)",
        "found": "Hurrian provincial town under Arrapha/Mitanni orbit: ~4,000 cuneiform tablets documenting adoption, inheritance, marriage, and property customs of the mid-2nd millennium BC. Architecture and archives form a primary Bronze Age comparative corpus for patriarchal-period social practice studies.",
        "support": "MODERATE biblical relevance as comparative archive—not a toponym in Scripture. Classic mid-20th-c. scholarship compared Nuzi customs to Genesis narratives; some parallels remain useful, others overstated. Pin documents the excavated BA archive town.",
        "sources": "Pfeiffer & Speiser Nuzi report volumes; AASOR/Harvard Semitic Museum tablet publications; SBAH site oversight; https://sbah.gov.iq/",
        "notes": "Coords: OSM Nominatim Nuzi archaeological site. Bronze Age priority: MB–LB Hurrian archives.",
        "campaigns": 1,
        "confidence": "probable",
        "biblical_name": "Nuzi (ANE patriarchal parallel)",
        "strongs_id": null,
        "strongs_lang": null,
        "strongs_url": null,
        "strongs_lemma": null,
        "strongs_gloss": null,
        "creation_ministry": {
          "blurb": "No site-specific Answers in Genesis, Creation Museum, or Ark Encounter page was verified for this dig in the 2026-09-30 survey. Do not invent AiG claims—label any future hit clearly as ministry interpretation, not dig consensus.",
          "aig": [],
          "creation_museum": [],
          "ark_encounter": [],
          "coverage": "none_found",
          "researched_at": "2026-09-30"
        },
        "creation_ministry_blurb": "No site-specific Answers in Genesis, Creation Museum, or Ark Encounter page was verified for this dig in the 2026-09-30 survey. Do not invent AiG claims—label any future hit clearly as ministry interpretation, not dig consensus.",
        "creation_ministry_coverage": "none_found",
        "creation_ministry_aig": [],
        "creation_ministry_museum": [],
        "creation_ministry_ark": [],
        "dig_halt": {
          "status": "halt_recorded",
          "date": "2014–2017+ (ISIS / regional insecurity; foreign fieldwork largely impossible in northern/central conflict zones)",
          "halted_by": "Conflict and occupation conditions; SBAH site protection constrained",
          "summary": "Conflict/occupation interrupted normal scientific excavation access across much of northern and parts of central Iraq. Post-conflict SBAH and partner missions have resumed selectively; UNESCO Danger listing and security constraints remain relevant for planning. Recorded as conflict-related interruption, not a permanent site closure.",
          "sources": [
            "https://whc.unesco.org/en/list/1130/",
            "https://sbah.gov.iq/"
          ]
        },
        "site_authority": {
          "name": "State Board of Antiquities and Heritage (SBAH), Iraq",
          "type": "national_antiquities",
          "role": "National board licensing excavations and protecting heritage sites in Iraq.",
          "contact_name": null,
          "contact_title": "Relations Department",
          "contact_email": "relations@sbah.gov.iq",
          "contact_phone": null,
          "contact_url": "https://sbah.gov.iq/",
          "notes": "Nuzi/Yorghan Tepe — SBAH; historical American Schools expeditions.",
          "official_website": "https://sbah.gov.iq/"
        },
        "dig_status": "halted",
        "official_website": "https://sbah.gov.iq/",
        "official_website_label": "State Board of Antiquities and Heritage (SBAH), Iraq",
        "eras": [
          "Bronze Age"
        ],
        "status_kind": "dig"
      }
    },
    {
      "type": "Feature",
      "geometry": {
        "type": "Point",
        "coordinates": [
          45.994869,
          30.825865
        ]
      },
      "properties": {
        "id": "ERI-01",
        "name": "Eridu — Tell Abu Shahrain",
        "layer": "ot_digs",
        "dig": "Iraqi SBAH / Fuad Safar & Seton Lloyd historical; UNESCO Ahwar component",
        "years": "Taylor 1850s; Safar/Lloyd Iraqi excavations 1940s–50s; Ahwar WH inscription 2016",
        "region": "Mesopotamia",
        "location": "Iraq / Dhi Qar / Tell Abu Shahrain (Eridu)",
        "mgrs": "38RNV95151072",
        "verses": "Genesis 1–11 (ANE creation/flood cultural backdrop); Genesis 10 Table of Nations Mesopotamian setting",
        "found": "One of the earliest southern Mesopotamian urban cult centers: multi-phase Enki/Ea temple sequence on the ‘Eridu temple sounding,’ Ubaid settlement, and ziggurat remains. UNESCO Ahwar serial property with Ur and Uruk as relict marsh-edge Sumerian cities.",
        "support": "MODERATE direct biblical toponym link (not named in OT) but STRONG ANE backdrop for Genesis primeval history and early urban Mesopotamia adjacent to Ur (UR-01). Honesty: cultural-historical context, not a verse pin.",
        "sources": "https://whc.unesco.org/en/list/1481/; Safar, Mustafa & Lloyd, Eridu; SBAH; https://sbah.gov.iq/",
        "notes": "Coords: OSM Nominatim مدينة أريدو / Abu Shahrain. Ahwar WH with Uruk and Ur.",
        "campaigns": 1,
        "confidence": "probable",
        "biblical_name": "Eridu (Sumerian cult city)",
        "strongs_id": null,
        "strongs_lang": null,
        "strongs_url": null,
        "strongs_lemma": null,
        "strongs_gloss": null,
        "creation_ministry": {
          "blurb": "No site-specific Answers in Genesis, Creation Museum, or Ark Encounter page was verified for this dig in the 2026-09-30 survey. Do not invent AiG claims—label any future hit clearly as ministry interpretation, not dig consensus.",
          "aig": [],
          "creation_museum": [],
          "ark_encounter": [],
          "coverage": "none_found",
          "researched_at": "2026-09-30"
        },
        "creation_ministry_blurb": "No site-specific Answers in Genesis, Creation Museum, or Ark Encounter page was verified for this dig in the 2026-09-30 survey. Do not invent AiG claims—label any future hit clearly as ministry interpretation, not dig consensus.",
        "creation_ministry_coverage": "none_found",
        "creation_ministry_aig": [],
        "creation_ministry_museum": [],
        "creation_ministry_ark": [],
        "dig_halt": {
          "status": "no_halt_recorded",
          "date": null,
          "halted_by": null,
          "summary": "No dig halt is recorded for this site in the sources checked. High-profile halt searches prioritized Temple Mount restrictions, City of David/Silwan court orders, West Bank permit issues, Turkish foreign-mission suspensions, Jordan TeH, COVID project statements, and conflict interruptions (Syria/Iraq); this site did not yield a verified org/government stop-work or permit-revocation event.",
          "sources": []
        },
        "site_authority": {
          "name": "State Board of Antiquities and Heritage (SBAH), Iraq",
          "type": "national_antiquities",
          "role": "National board licensing excavations and protecting heritage sites in Iraq.",
          "contact_name": null,
          "contact_title": "Relations Department",
          "contact_email": "relations@sbah.gov.iq",
          "contact_phone": null,
          "contact_url": "https://sbah.gov.iq/",
          "notes": "Eridu — SBAH; UNESCO Ahwar component 1481.",
          "official_website": "https://sbah.gov.iq/"
        },
        "dig_status": "open",
        "official_website": "https://sbah.gov.iq/",
        "official_website_label": "State Board of Antiquities and Heritage (SBAH), Iraq",
        "eras": [
          "Bronze Age"
        ],
        "status_kind": "dig"
      }
    },
    {
      "type": "Feature",
      "geometry": {
        "type": "Point",
        "coordinates": [
          45.640192,
          31.324359
        ]
      },
      "properties": {
        "id": "URK-01",
        "name": "Uruk — Warka (Erech)",
        "layer": "ot_digs",
        "dig": "German Archaeological Institute / Orient-Abteilung historical; SBAH; UNESCO Ahwar",
        "years": "Koldewey/Andrae beginnings; LENZEN/UVB campaigns; DAI continuing studies; Ahwar WH 2016",
        "region": "Mesopotamia",
        "location": "Iraq / Muthanna / Warka (ancient Uruk)",
        "mgrs": "38RNV60906572",
        "verses": "Genesis 10:10",
        "found": "Premier Early Bronze urban center of southern Mesopotamia: Eanna and Anu precincts, Late Uruk monumental architecture, cylinder-seal administration, and the earliest substantial writing contexts. Ziggurat and city wall remains dominate the desiccated plain. UNESCO Ahwar cultural component.",
        "support": "STRONG classical identification of biblical Erech (Genesis 10:10 kingdom of Nimrod) with Uruk/Warka is the scholarly majority view. Documents early Mesopotamian urbanization named in the Table of Nations—not a narrative excavation of Genesis 10 as chronicle.",
        "sources": "https://whc.unesco.org/en/list/1481/; UVB / DAI Uruk-Warka publications; SBAH; https://sbah.gov.iq/",
        "notes": "Coords: OSM Nominatim زقورة أوروك area ~31.324 N, 45.640 E. Distinct from Ur (UR-01).",
        "campaigns": 1,
        "confidence": "confirmed",
        "biblical_name": "Erech",
        "strongs_id": "H751",
        "strongs_lang": "H",
        "strongs_url": "https://www.blueletterbible.org/lexicon/h751/kjv/wlc/0-1/",
        "strongs_lemma": "אֶרֶךְ",
        "strongs_gloss": "Erech; Mesopotamian city in Genesis 10:10",
        "creation_ministry": {
          "blurb": "No site-specific Answers in Genesis, Creation Museum, or Ark Encounter page was verified for this dig in the 2026-09-30 survey. Do not invent AiG claims—label any future hit clearly as ministry interpretation, not dig consensus.",
          "aig": [],
          "creation_museum": [],
          "ark_encounter": [],
          "coverage": "none_found",
          "researched_at": "2026-09-30"
        },
        "creation_ministry_blurb": "No site-specific Answers in Genesis, Creation Museum, or Ark Encounter page was verified for this dig in the 2026-09-30 survey. Do not invent AiG claims—label any future hit clearly as ministry interpretation, not dig consensus.",
        "creation_ministry_coverage": "none_found",
        "creation_ministry_aig": [],
        "creation_ministry_museum": [],
        "creation_ministry_ark": [],
        "dig_halt": {
          "status": "no_halt_recorded",
          "date": null,
          "halted_by": null,
          "summary": "No dig halt is recorded for this site in the sources checked. High-profile halt searches prioritized Temple Mount restrictions, City of David/Silwan court orders, West Bank permit issues, Turkish foreign-mission suspensions, Jordan TeH, COVID project statements, and conflict interruptions (Syria/Iraq); this site did not yield a verified org/government stop-work or permit-revocation event.",
          "sources": []
        },
        "site_authority": {
          "name": "State Board of Antiquities and Heritage (SBAH), Iraq",
          "type": "national_antiquities",
          "role": "National board licensing excavations and protecting heritage sites in Iraq.",
          "contact_name": null,
          "contact_title": "Relations Department",
          "contact_email": "relations@sbah.gov.iq",
          "contact_phone": null,
          "contact_url": "https://sbah.gov.iq/",
          "notes": "Uruk/Warka — SBAH; DAI historical; UNESCO Ahwar 1481.",
          "official_website": "https://sbah.gov.iq/"
        },
        "dig_status": "open",
        "official_website": "https://sbah.gov.iq/",
        "official_website_label": "State Board of Antiquities and Heritage (SBAH), Iraq",
        "eras": [
          "Bronze Age"
        ],
        "status_kind": "dig"
      }
    },
    {
      "type": "Feature",
      "geometry": {
        "type": "Point",
        "coordinates": [
          46.177115,
          31.563563
        ]
      },
      "properties": {
        "id": "GIR-01",
        "name": "Girsu — Tello (Lagash state)",
        "layer": "ot_digs",
        "dig": "de Sarzec / French missions historical; British Museum–SBAH Girsu Project (recent)",
        "years": "de Sarzec 1877–1900; Cros/Genouillac; BM–SBAH Girsu Project 2016–present",
        "region": "Mesopotamia",
        "location": "Iraq / Dhi Qar / Tello (ancient Girsu)",
        "mgrs": "38RPV11719266",
        "verses": "Genesis 10–11 (Sumerian urban backdrop); Genesis 14 (Elam–Mesopotamia war geography backdrop)",
        "found": "Cult and administrative capital of the Lagash city-state: Early Dynastic temples of Ningirsu, Gudea-period sculpture findspot, and extensive cuneiform archives. Renewed BM–SBAH work clarifies BA temple topography and post-conflict site condition.",
        "support": "MODERATE biblical relevance as Early Dynastic Sumerian archive city illuminating the urban world behind Genesis 10–11; not an OT toponym. Include for BA Mesopotamia archive depth beside Ur/Uruk/Eridu.",
        "sources": "de Sarzec Découvertes en Chaldée; British Museum Girsu Project reports; SBAH permits; https://sbah.gov.iq/",
        "notes": "Coords: OSM Nominatim كرسو/Girsu. Bronze Age priority: ED–Neo-Sumerian Lagash.",
        "campaigns": 1,
        "confidence": "probable",
        "biblical_name": "Girsu / Lagash (Sumerian)",
        "strongs_id": null,
        "strongs_lang": null,
        "strongs_url": null,
        "strongs_lemma": null,
        "strongs_gloss": null,
        "creation_ministry": {
          "blurb": "No site-specific Answers in Genesis, Creation Museum, or Ark Encounter page was verified for this dig in the 2026-09-30 survey. Do not invent AiG claims—label any future hit clearly as ministry interpretation, not dig consensus.",
          "aig": [],
          "creation_museum": [],
          "ark_encounter": [],
          "coverage": "none_found",
          "researched_at": "2026-09-30"
        },
        "creation_ministry_blurb": "No site-specific Answers in Genesis, Creation Museum, or Ark Encounter page was verified for this dig in the 2026-09-30 survey. Do not invent AiG claims—label any future hit clearly as ministry interpretation, not dig consensus.",
        "creation_ministry_coverage": "none_found",
        "creation_ministry_aig": [],
        "creation_ministry_museum": [],
        "creation_ministry_ark": [],
        "dig_halt": {
          "status": "no_halt_recorded",
          "date": null,
          "halted_by": null,
          "summary": "No dig halt is recorded for this site in the sources checked. High-profile halt searches prioritized Temple Mount restrictions, City of David/Silwan court orders, West Bank permit issues, Turkish foreign-mission suspensions, Jordan TeH, COVID project statements, and conflict interruptions (Syria/Iraq); this site did not yield a verified org/government stop-work or permit-revocation event.",
          "sources": []
        },
        "site_authority": {
          "name": "State Board of Antiquities and Heritage (SBAH), Iraq",
          "type": "national_antiquities",
          "role": "National board licensing excavations and protecting heritage sites in Iraq.",
          "contact_name": null,
          "contact_title": "Relations Department",
          "contact_email": "relations@sbah.gov.iq",
          "contact_phone": null,
          "contact_url": "https://sbah.gov.iq/",
          "notes": "Girsu/Tello — SBAH; British Museum Girsu Project partnership.",
          "official_website": "https://sbah.gov.iq/"
        },
        "dig_status": "open",
        "official_website": "https://sbah.gov.iq/",
        "official_website_label": "State Board of Antiquities and Heritage (SBAH), Iraq",
        "eras": [
          "Bronze Age"
        ],
        "status_kind": "dig"
      }
    },
    {
      "type": "Feature",
      "geometry": {
        "type": "Point",
        "coordinates": [
          45.854629,
          31.282649
        ]
      },
      "properties": {
        "id": "LAR-01",
        "name": "Larsa — Tell Senkereh",
        "layer": "ot_digs",
        "dig": "Parrot / French missions; Iraqi and later international work under SBAH",
        "years": "Loftus 1850s; Parrot 1930s; later SBAH and partner campaigns",
        "region": "Mesopotamia",
        "location": "Iraq / Dhi Qar / Tell Senkereh (Larsa)",
        "mgrs": "38RNV81346124",
        "verses": "Genesis 10–14 (southern Mesopotamian city-state geography backdrop)",
        "found": "Amorite-period rival of Isin and Babylon: Shamash temple/ziggurat, palace remains, and Old Babylonian archives. Major Middle Bronze political center in the era often compared to patriarchal chronologies.",
        "support": "MODERATE ANE backdrop (not OT toponym). Documents MB southern Mesopotamian urbanism contemporary with widely proposed patriarchal-period frameworks.",
        "sources": "Parrot Larsa preliminary reports; SBAH; southern Mesopotamia survey literature; https://sbah.gov.iq/",
        "notes": "Coords: OSM Nominatim مملكة لارسا. Bronze Age / Old Babylonian priority.",
        "campaigns": 1,
        "confidence": "probable",
        "biblical_name": "Larsa (Old Babylonian)",
        "strongs_id": null,
        "strongs_lang": null,
        "strongs_url": null,
        "strongs_lemma": null,
        "strongs_gloss": null,
        "creation_ministry": {
          "blurb": "No site-specific Answers in Genesis, Creation Museum, or Ark Encounter page was verified for this dig in the 2026-09-30 survey. Do not invent AiG claims—label any future hit clearly as ministry interpretation, not dig consensus.",
          "aig": [],
          "creation_museum": [],
          "ark_encounter": [],
          "coverage": "none_found",
          "researched_at": "2026-09-30"
        },
        "creation_ministry_blurb": "No site-specific Answers in Genesis, Creation Museum, or Ark Encounter page was verified for this dig in the 2026-09-30 survey. Do not invent AiG claims—label any future hit clearly as ministry interpretation, not dig consensus.",
        "creation_ministry_coverage": "none_found",
        "creation_ministry_aig": [],
        "creation_ministry_museum": [],
        "creation_ministry_ark": [],
        "dig_halt": {
          "status": "no_halt_recorded",
          "date": null,
          "halted_by": null,
          "summary": "No dig halt is recorded for this site in the sources checked. High-profile halt searches prioritized Temple Mount restrictions, City of David/Silwan court orders, West Bank permit issues, Turkish foreign-mission suspensions, Jordan TeH, COVID project statements, and conflict interruptions (Syria/Iraq); this site did not yield a verified org/government stop-work or permit-revocation event.",
          "sources": []
        },
        "site_authority": {
          "name": "State Board of Antiquities and Heritage (SBAH), Iraq",
          "type": "national_antiquities",
          "role": "National board licensing excavations and protecting heritage sites in Iraq.",
          "contact_name": null,
          "contact_title": "Relations Department",
          "contact_email": "relations@sbah.gov.iq",
          "contact_phone": null,
          "contact_url": "https://sbah.gov.iq/",
          "notes": "Larsa/Senkereh — SBAH.",
          "official_website": "https://sbah.gov.iq/"
        },
        "dig_status": "open",
        "official_website": "https://sbah.gov.iq/",
        "official_website_label": "State Board of Antiquities and Heritage (SBAH), Iraq",
        "eras": [
          "Bronze Age"
        ],
        "status_kind": "dig"
      }
    },
    {
      "type": "Feature",
      "geometry": {
        "type": "Point",
        "coordinates": [
          44.253693,
          33.05926
        ]
      },
      "properties": {
        "id": "SIP-01",
        "name": "Sippar — Tell Abu Habbah",
        "layer": "ot_digs",
        "dig": "Rassam / British Museum historical; Belgian and Iraqi missions; SBAH",
        "years": "Rassam 1880s; Belgian Tell ed-Der/Sippar projects; SBAH oversight",
        "region": "Mesopotamia",
        "location": "Iraq / Baghdad Governorate / Tell Abu Habbah (Sippar)",
        "mgrs": "38SMB30325810",
        "verses": "2 Kings 17:24, 31 (Babylonian resettlement geography); Ezekiel 1:1–3 (Chebar/Babylonian exile setting)",
        "found": "Northern Babylonian Shamash cult city: Ebabbar temple, massive cuneiform library/archive finds (including early flood-narrative witnesses in Mesopotamian tradition), and continuous BA–Neo-Babylonian occupation. Key for understanding Babylonian urban religion surrounding the exile.",
        "support": "MODERATE–STRONG as named Babylonian urban sphere (Sippar appears in cuneiform parallel geography for exile-period Babylonia). Not always explicit in English Bible place lists—included for Neo-Babylonian archive depth beside Babylon (BAB-01).",
        "sources": "Rassam BM excavations; Sippar tablet publications (BM / Leuven); SBAH; https://www.britishmuseum.org/; https://sbah.gov.iq/",
        "notes": "Coords: OSM Nominatim سيبار hill / Abu Habba Iraq locality. Distinct from Babylon.",
        "campaigns": 1,
        "confidence": "probable",
        "biblical_name": "Sippar (Babylonian)",
        "strongs_id": null,
        "strongs_lang": null,
        "strongs_url": null,
        "strongs_lemma": null,
        "strongs_gloss": null,
        "creation_ministry": {
          "blurb": "No site-specific Answers in Genesis, Creation Museum, or Ark Encounter page was verified for this dig in the 2026-09-30 survey. Do not invent AiG claims—label any future hit clearly as ministry interpretation, not dig consensus.",
          "aig": [],
          "creation_museum": [],
          "ark_encounter": [],
          "coverage": "none_found",
          "researched_at": "2026-09-30"
        },
        "creation_ministry_blurb": "No site-specific Answers in Genesis, Creation Museum, or Ark Encounter page was verified for this dig in the 2026-09-30 survey. Do not invent AiG claims—label any future hit clearly as ministry interpretation, not dig consensus.",
        "creation_ministry_coverage": "none_found",
        "creation_ministry_aig": [],
        "creation_ministry_museum": [],
        "creation_ministry_ark": [],
        "dig_halt": {
          "status": "no_halt_recorded",
          "date": null,
          "halted_by": null,
          "summary": "No dig halt is recorded for this site in the sources checked. High-profile halt searches prioritized Temple Mount restrictions, City of David/Silwan court orders, West Bank permit issues, Turkish foreign-mission suspensions, Jordan TeH, COVID project statements, and conflict interruptions (Syria/Iraq); this site did not yield a verified org/government stop-work or permit-revocation event.",
          "sources": []
        },
        "site_authority": {
          "name": "State Board of Antiquities and Heritage (SBAH), Iraq",
          "type": "national_antiquities",
          "role": "National board licensing excavations and protecting heritage sites in Iraq.",
          "contact_name": null,
          "contact_title": "Relations Department",
          "contact_email": "relations@sbah.gov.iq",
          "contact_phone": null,
          "contact_url": "https://sbah.gov.iq/",
          "notes": "Sippar/Abu Habbah — SBAH; historical BM/Belgian work.",
          "official_website": "https://sbah.gov.iq/"
        },
        "dig_status": "open",
        "official_website": "https://sbah.gov.iq/",
        "official_website_label": "State Board of Antiquities and Heritage (SBAH), Iraq",
        "eras": [
          "Bronze Age"
        ],
        "status_kind": "dig"
      }
    },
    {
      "type": "Feature",
      "geometry": {
        "type": "Point",
        "coordinates": [
          44.582505,
          32.553007
        ]
      },
      "properties": {
        "id": "KSH-01",
        "name": "Kish — Tell Uhaimir / Tell Ingharra",
        "layer": "ot_digs",
        "dig": "Oxford–Field Museum Kish Expedition (Langdon, Mackay, Watelin)",
        "years": "1923–1933 principal Anglo-American campaigns; later SBAH work",
        "region": "Mesopotamia",
        "location": "Iraq / Babil / Tell Uhaimir–Ingharra (Kish)",
        "mgrs": "38SMB60800181",
        "verses": "Genesis 10:8–10 (Nimrod/kingdom geography); Genesis 11 (early Mesopotamian urban setting)",
        "found": "Early Dynastic twin-city complex: ziggurat at Uhaimir, palace and cemetery areas at Ingharra, flood-deposit debates in early excavation literature, and city-state archives. Major BA urban peer of Uruk/Ur in the alluvial plain.",
        "support": "MODERATE biblical link via Genesis Mesopotamian royal geography rather than a secure OT toponym match. Documents early dynastic urbanism of the Nimrod-table world.",
        "sources": "Langdon / Mackay / Watelin Kish excavation reports (Field Museum / Oxford); SBAH; https://sbah.gov.iq/",
        "notes": "Coords: OSM Nominatim Tell Uhaimir (Kish).",
        "campaigns": 1,
        "confidence": "probable",
        "biblical_name": "Kish (Sumerian)",
        "strongs_id": null,
        "strongs_lang": null,
        "strongs_url": null,
        "strongs_lemma": null,
        "strongs_gloss": null,
        "creation_ministry": {
          "blurb": "No site-specific Answers in Genesis, Creation Museum, or Ark Encounter page was verified for this dig in the 2026-09-30 survey. Do not invent AiG claims—label any future hit clearly as ministry interpretation, not dig consensus.",
          "aig": [],
          "creation_museum": [],
          "ark_encounter": [],
          "coverage": "none_found",
          "researched_at": "2026-09-30"
        },
        "creation_ministry_blurb": "No site-specific Answers in Genesis, Creation Museum, or Ark Encounter page was verified for this dig in the 2026-09-30 survey. Do not invent AiG claims—label any future hit clearly as ministry interpretation, not dig consensus.",
        "creation_ministry_coverage": "none_found",
        "creation_ministry_aig": [],
        "creation_ministry_museum": [],
        "creation_ministry_ark": [],
        "dig_halt": {
          "status": "no_halt_recorded",
          "date": null,
          "halted_by": null,
          "summary": "No dig halt is recorded for this site in the sources checked. High-profile halt searches prioritized Temple Mount restrictions, City of David/Silwan court orders, West Bank permit issues, Turkish foreign-mission suspensions, Jordan TeH, COVID project statements, and conflict interruptions (Syria/Iraq); this site did not yield a verified org/government stop-work or permit-revocation event.",
          "sources": []
        },
        "site_authority": {
          "name": "State Board of Antiquities and Heritage (SBAH), Iraq",
          "type": "national_antiquities",
          "role": "National board licensing excavations and protecting heritage sites in Iraq.",
          "contact_name": null,
          "contact_title": "Relations Department",
          "contact_email": "relations@sbah.gov.iq",
          "contact_phone": null,
          "contact_url": "https://sbah.gov.iq/",
          "notes": "Kish — SBAH; historical Oxford–Field Museum Expedition.",
          "official_website": "https://sbah.gov.iq/"
        },
        "dig_status": "open",
        "official_website": "https://sbah.gov.iq/",
        "official_website_label": "State Board of Antiquities and Heritage (SBAH), Iraq",
        "eras": [
          "Bronze Age"
        ],
        "status_kind": "dig"
      }
    },
    {
      "type": "Feature",
      "geometry": {
        "type": "Point",
        "coordinates": [
          44.202,
          33.353
        ]
      },
      "properties": {
        "id": "DKZ-01",
        "name": "Dur-Kurigalzu — Aqar Quf",
        "layer": "ot_digs",
        "dig": "Iraqi SBAH excavations (Baqir et al.); standing Kassite ziggurat conservation",
        "years": "Iraqi excavations 1940s onward; ongoing SBAH conservation",
        "region": "Mesopotamia",
        "location": "Iraq / Baghdad / Aqar Quf (Dur-Kurigalzu)",
        "mgrs": "38SMB25759070",
        "verses": "Genesis 10; 2 Kings 24–25; Daniel 1 (Babylonian imperial setting of Kassite→Neo-Babylonian succession)",
        "found": "Kassite royal foundation west of Baghdad: monumental baked-brick ziggurat still standing, palace levels, and Late Bronze administrative city layout. Bridges Bronze Age Kassite Babylonia toward the first-millennium empires of Kings–Daniel.",
        "support": "MODERATE biblical relevance as Late Bronze Babylonian capital illustrating imperial urbanism before Neo-Babylonian exile narratives. Not an OT place-name match.",
        "sources": "Taha Baqir Dur-Kurigalzu reports; SBAH conservation; https://sbah.gov.iq/",
        "notes": "Coords: near OSM Aqar Quf ziggurat turn (~33.35 N, 44.20 E). Late BA priority.",
        "campaigns": 1,
        "confidence": "probable",
        "biblical_name": "Dur-Kurigalzu (Kassite Babylon)",
        "strongs_id": null,
        "strongs_lang": null,
        "strongs_url": null,
        "strongs_lemma": null,
        "strongs_gloss": null,
        "creation_ministry": {
          "blurb": "No site-specific Answers in Genesis, Creation Museum, or Ark Encounter page was verified for this dig in the 2026-09-30 survey. Do not invent AiG claims—label any future hit clearly as ministry interpretation, not dig consensus.",
          "aig": [],
          "creation_museum": [],
          "ark_encounter": [],
          "coverage": "none_found",
          "researched_at": "2026-09-30"
        },
        "creation_ministry_blurb": "No site-specific Answers in Genesis, Creation Museum, or Ark Encounter page was verified for this dig in the 2026-09-30 survey. Do not invent AiG claims—label any future hit clearly as ministry interpretation, not dig consensus.",
        "creation_ministry_coverage": "none_found",
        "creation_ministry_aig": [],
        "creation_ministry_museum": [],
        "creation_ministry_ark": [],
        "dig_halt": {
          "status": "no_halt_recorded",
          "date": null,
          "halted_by": null,
          "summary": "No dig halt is recorded for this site in the sources checked. High-profile halt searches prioritized Temple Mount restrictions, City of David/Silwan court orders, West Bank permit issues, Turkish foreign-mission suspensions, Jordan TeH, COVID project statements, and conflict interruptions (Syria/Iraq); this site did not yield a verified org/government stop-work or permit-revocation event.",
          "sources": []
        },
        "site_authority": {
          "name": "State Board of Antiquities and Heritage (SBAH), Iraq",
          "type": "national_antiquities",
          "role": "National board licensing excavations and protecting heritage sites in Iraq.",
          "contact_name": null,
          "contact_title": "Relations Department",
          "contact_email": "relations@sbah.gov.iq",
          "contact_phone": null,
          "contact_url": "https://sbah.gov.iq/",
          "notes": "Dur-Kurigalzu/Aqar Quf — SBAH.",
          "official_website": "https://sbah.gov.iq/"
        },
        "dig_status": "open",
        "official_website": "https://sbah.gov.iq/",
        "official_website_label": "State Board of Antiquities and Heritage (SBAH), Iraq",
        "eras": [
          "Bronze Age"
        ],
        "status_kind": "dig"
      }
    },
    {
      "type": "Feature",
      "geometry": {
        "type": "Point",
        "coordinates": [
          52.408723,
          30.011398
        ]
      },
      "properties": {
        "id": "ANS-01",
        "name": "Anshan — Tal-e Malyan",
        "layer": "ot_digs",
        "dig": "University of Pennsylvania Museum / Iranian Center Malyan Project (Sumner, Carter)",
        "years": "1971–1978 principal seasons; later Iranian work; ICHTO oversight",
        "region": "Persia",
        "location": "Iran / Fars / Tal-e Malyan (ancient Anshan)",
        "mgrs": "39RXP35852088",
        "verses": "Genesis 14:1, 9 (Elam); Isaiah 21:2; Jeremiah 49:34–39; Ezra 4:9 (Elamites); Cyrus ‘Anshan’ royal title in Babylonian sources",
        "found": "Highland Elamite capital in the Kur River basin: Banesh/Kaftari period urban levels, administrative tablets, and craft quarters establishing Anshan as the Iranian plateau counterpart to lowland Susa. Key for Elam geography behind Genesis 14 and later prophetic Elam oracles; Cyrus the Great’s title ‘King of Anshan’ ties the site to early Achaemenid origins.",
        "support": "STRONG archaeological ID of Anshan with Tal-e Malyan is the specialist consensus. Biblical Elam links are regional (Genesis 14 Chedorlaomer of Elam)—not a claim that Malyan is named in the Hebrew text. Complements Susa (SUS-01).",
        "sources": "Sumner / Carter Malyan excavation publications (Penn Museum); ICHTO; Persepolis Fortification / Elamite studies context; https://www.mcth.ir/",
        "notes": "Coords: OSM Nominatim انشان / Tall-e Malyan archaeological site. Bronze Age Elam priority.",
        "campaigns": 1,
        "confidence": "probable",
        "biblical_name": "Anshan (Elam)",
        "strongs_id": "H5867",
        "strongs_lang": "H",
        "strongs_url": "https://www.blueletterbible.org/lexicon/h5867/kjv/wlc/0-1/",
        "strongs_lemma": "עֵילָם",
        "strongs_gloss": "Elam; plateau capital Anshan complementary to Susa",
        "creation_ministry": {
          "blurb": "No site-specific Answers in Genesis, Creation Museum, or Ark Encounter page was verified for this dig in the 2026-09-30 survey. Do not invent AiG claims—label any future hit clearly as ministry interpretation, not dig consensus.",
          "aig": [],
          "creation_museum": [],
          "ark_encounter": [],
          "coverage": "none_found",
          "researched_at": "2026-09-30"
        },
        "creation_ministry_blurb": "No site-specific Answers in Genesis, Creation Museum, or Ark Encounter page was verified for this dig in the 2026-09-30 survey. Do not invent AiG claims—label any future hit clearly as ministry interpretation, not dig consensus.",
        "creation_ministry_coverage": "none_found",
        "creation_ministry_aig": [],
        "creation_ministry_museum": [],
        "creation_ministry_ark": [],
        "dig_halt": {
          "status": "no_halt_recorded",
          "date": null,
          "halted_by": null,
          "summary": "No dig halt is recorded for this site in the sources checked. High-profile halt searches prioritized Temple Mount restrictions, City of David/Silwan court orders, West Bank permit issues, Turkish foreign-mission suspensions, Jordan TeH, COVID project statements, and conflict interruptions (Syria/Iraq); this site did not yield a verified org/government stop-work or permit-revocation event.",
          "sources": []
        },
        "site_authority": {
          "name": "Ministry of Cultural Heritage, Tourism and Handicrafts (Iran)",
          "type": "national_antiquities",
          "role": "National ministry overseeing cultural heritage sites in Iran.",
          "contact_name": null,
          "contact_title": null,
          "contact_email": null,
          "contact_phone": "+98-21-33953000",
          "contact_url": "https://www.mcth.ir/",
          "notes": "Tal-e Malyan/Anshan — ICHTO; historical Penn Museum Malyan Project.",
          "official_website": "https://www.mcth.ir/"
        },
        "dig_status": "open",
        "official_website": "https://www.mcth.ir/",
        "official_website_label": "Ministry of Cultural Heritage, Tourism and Handicrafts (Iran)",
        "eras": [
          "Bronze Age"
        ],
        "status_kind": "dig"
      }
    },
    {
      "type": "Feature",
      "geometry": {
        "type": "Point",
        "coordinates": [
          48.522118,
          32.00857
        ]
      },
      "properties": {
        "id": "CHO-01",
        "name": "Chogha Zanbil — Dur-Untash (Elamite ziggurat)",
        "layer": "ot_digs",
        "dig": "Ghirshman French Mission historical; ICHTO World Heritage Base",
        "years": "Ghirshman 1951–1962; ICHTO conservation; UNESCO WH 1979",
        "region": "Persia",
        "location": "Iran / Khuzestan / Chogha Zanbil (Dur-Untash)",
        "mgrs": "39STR65944406",
        "verses": "Genesis 10:22; Genesis 14:1, 9; Isaiah 11:11; Jeremiah 49:34–39; Acts 2:9 (Elamites)",
        "found": "Best-preserved Elamite ziggurat complex: mid-2nd millennium sacred city of Untash-Napirisha with concentric temenos walls, temples, and royal quarter. Destroyed in the Assyrian campaigns of Ashurbanipal (~640 BC). UNESCO WH under ICHTO.",
        "support": "MODERATE–STRONG as flagship Middle Elamite monument of the biblical land of Elam (complement to Susa). Does not appear as a Hebrew toponym; documents Elamite cult monumentalism behind Genesis/prophetic Elam references.",
        "sources": "https://whc.unesco.org/en/list/113/; Ghirshman Tchoga Zanbil volumes; ICHTO; https://www.mcth.ir/",
        "notes": "Coords: UNESCO N32 0 30.852 E48 31 19.625. Distinct from Susa (SUS-01, ~38 km NW).",
        "campaigns": 1,
        "confidence": "confirmed",
        "biblical_name": "Elam (Dur-Untash)",
        "strongs_id": "H5867",
        "strongs_lang": "H",
        "strongs_url": "https://www.blueletterbible.org/lexicon/h5867/kjv/wlc/0-1/",
        "strongs_lemma": "עֵילָם",
        "strongs_gloss": "Elam; Middle Elamite religious capital",
        "creation_ministry": {
          "blurb": "No site-specific Answers in Genesis, Creation Museum, or Ark Encounter page was verified for this dig in the 2026-09-30 survey. Do not invent AiG claims—label any future hit clearly as ministry interpretation, not dig consensus.",
          "aig": [],
          "creation_museum": [],
          "ark_encounter": [],
          "coverage": "none_found",
          "researched_at": "2026-09-30"
        },
        "creation_ministry_blurb": "No site-specific Answers in Genesis, Creation Museum, or Ark Encounter page was verified for this dig in the 2026-09-30 survey. Do not invent AiG claims—label any future hit clearly as ministry interpretation, not dig consensus.",
        "creation_ministry_coverage": "none_found",
        "creation_ministry_aig": [],
        "creation_ministry_museum": [],
        "creation_ministry_ark": [],
        "dig_halt": {
          "status": "no_halt_recorded",
          "date": null,
          "halted_by": null,
          "summary": "No dig halt is recorded for this site in the sources checked. High-profile halt searches prioritized Temple Mount restrictions, City of David/Silwan court orders, West Bank permit issues, Turkish foreign-mission suspensions, Jordan TeH, COVID project statements, and conflict interruptions (Syria/Iraq); this site did not yield a verified org/government stop-work or permit-revocation event.",
          "sources": []
        },
        "site_authority": {
          "name": "Ministry of Cultural Heritage, Tourism and Handicrafts (Iran)",
          "type": "national_antiquities",
          "role": "National ministry overseeing cultural heritage sites in Iran.",
          "contact_name": null,
          "contact_title": null,
          "contact_email": null,
          "contact_phone": "+98-21-33953000",
          "contact_url": "https://www.mcth.ir/",
          "notes": "Chogha Zanbil — ICHTO World Heritage Base; UNESCO 113.",
          "official_website": "https://www.mcth.ir/"
        },
        "dig_status": "open",
        "official_website": "https://www.mcth.ir/",
        "official_website_label": "Ministry of Cultural Heritage, Tourism and Handicrafts (Iran)",
        "eras": [
          "Bronze Age"
        ],
        "status_kind": "dig"
      }
    },
    {
      "type": "Feature",
      "geometry": {
        "type": "Point",
        "coordinates": [
          31.88,
          30.97694
        ]
      },
      "properties": {
        "id": "TAN-01",
        "name": "Tanis — San el-Hagar (Zoan)",
        "layer": "ot_digs",
        "dig": "Mission française des fouilles de Tanis (MFFT) / EPHE + IFAO + MoTA",
        "years": "Mariette; Petrie 1883–86; Montet 1929–1956; MFFT 1965–present",
        "region": "Egypt",
        "location": "Egypt / Sharqia / San el-Hagar (ancient Tanis)",
        "mgrs": "36RUV93042758",
        "verses": "Numbers 13:22; Psalm 78:12, 43; Isaiah 19:11, 13; Isaiah 30:4; Ezekiel 30:14",
        "found": "Third Intermediate Period royal capital of the Delta: Amun temple temenos built largely of reused Ramesside monuments from Pi-Ramesses, Montet’s 21st–22nd Dynasty royal tombs (Psusennes I silver coffin assemblage), and continuous urban survey by MFFT/IFAO. Iron Age/TIP peak after BA Pi-Ramesses decline.",
        "support": "STRONG identification of biblical Zoan with Tanis/San el-Hagar for first-millennium texts. Numbers 13:22’s ‘built before Zoan’ reflects the Hebrew memory of Zoan as the Delta yardstick—archaeology shows Tanis’s foundation is TIP, reusing BA monuments; do not equate Tanis with New Kingdom Pi-Ramesses (already PIR-01).",
        "sources": "https://www.ifao.egnet.net/recherche/archeologie/tanis/; https://www.ephe.fr/en/research-innovation/network-research/french-mission-excavations-tanis-mfft; Montet Tanis publications; MoTA",
        "notes": "Coords: published San el-Hagar ~30.97694 N, 31.88000 E (IFAO/MFFT site). Iron Age priority.",
        "campaigns": 1,
        "confidence": "confirmed",
        "biblical_name": "Zoan",
        "strongs_id": "H6814",
        "strongs_lang": "H",
        "strongs_url": "https://www.blueletterbible.org/lexicon/h6814/kjv/wlc/0-1/",
        "strongs_lemma": "צֹעַן",
        "strongs_gloss": "Zoan/Tanis; Delta royal city in Psalms/Prophets",
        "creation_ministry": {
          "blurb": "No site-specific Answers in Genesis, Creation Museum, or Ark Encounter page was verified for this dig in the 2026-09-30 survey. Do not invent AiG claims—label any future hit clearly as ministry interpretation, not dig consensus.",
          "aig": [],
          "creation_museum": [],
          "ark_encounter": [],
          "coverage": "none_found",
          "researched_at": "2026-09-30"
        },
        "creation_ministry_blurb": "No site-specific Answers in Genesis, Creation Museum, or Ark Encounter page was verified for this dig in the 2026-09-30 survey. Do not invent AiG claims—label any future hit clearly as ministry interpretation, not dig consensus.",
        "creation_ministry_coverage": "none_found",
        "creation_ministry_aig": [],
        "creation_ministry_museum": [],
        "creation_ministry_ark": [],
        "dig_halt": {
          "status": "no_halt_recorded",
          "date": null,
          "halted_by": null,
          "summary": "No dig halt is recorded for this site in the sources checked. High-profile halt searches prioritized Temple Mount restrictions, City of David/Silwan court orders, West Bank permit issues, Turkish foreign-mission suspensions, Jordan TeH, COVID project statements, and conflict interruptions (Syria/Iraq); this site did not yield a verified org/government stop-work or permit-revocation event.",
          "sources": []
        },
        "site_authority": {
          "name": "Ministry of Tourism and Antiquities (Egypt) / Supreme Council of Antiquities",
          "type": "national_antiquities",
          "role": "National ministry overseeing museums, monuments, and excavation permits in Egypt.",
          "contact_name": null,
          "contact_title": "Ministry portal inquiries",
          "contact_email": "moa.portal@mota.gov.eg",
          "contact_phone": "19654",
          "contact_url": "https://www.mota.gov.eg/ar/",
          "notes": "Tanis/San el-Hagar — MoTA; Mission française des fouilles de Tanis (EPHE/IFAO).",
          "official_website": "https://www.mota.gov.eg/ar/"
        },
        "dig_status": "open",
        "official_website": "https://www.mota.gov.eg/ar/",
        "official_website_label": "Ministry of Tourism and Antiquities (Egypt) / Supreme Council of Antiquities",
        "eras": [
          "Iron Age",
          "Persian / Hellenistic"
        ],
        "status_kind": "dig"
      }
    },
    {
      "type": "Feature",
      "geometry": {
        "type": "Point",
        "coordinates": [
          30.766667,
          30.964722
        ]
      },
      "properties": {
        "id": "SAI-01",
        "name": "Sais — Sa el-Hagar",
        "layer": "ot_digs",
        "dig": "EES / University of Durham Sais Project + MoTA SCA",
        "years": "Historical probes; EES/Durham Sais Project 1997–present",
        "region": "Egypt",
        "location": "Egypt / Gharbia / Sa el-Hagar (ancient Sais)",
        "mgrs": "36RTV86682783",
        "verses": "Isaiah 19; Jeremiah 43–44; Ezekiel 30 (Saite-period Egypt of the exile oracles)",
        "found": "Western Delta capital of the 26th (Saite) Dynasty: temple of Neith precinct under modern village/agriculture, surveyed and selectively excavated by EES/Durham. Political center of Egypt when Judah’s refugees fled to Egypt (Jeremiah 43–44) and when prophetic oracles addressed Late Period Egypt.",
        "support": "MODERATE biblical link via Saite-period historical setting rather than a frequent Hebrew toponym. Documents the Iron Age/Late Period capital contemporary with Jeremiah’s Egypt sojourn.",
        "sources": "EES/Durham Sais Project reports; MoTA SCA; Wilson Sais publications",
        "notes": "Coords: OSM Nominatim صا الحجر. Iron Age / Saite priority.",
        "campaigns": 1,
        "confidence": "probable",
        "biblical_name": "Sais (Saite Egypt)",
        "strongs_id": null,
        "strongs_lang": null,
        "strongs_url": null,
        "strongs_lemma": null,
        "strongs_gloss": null,
        "creation_ministry": {
          "blurb": "No site-specific Answers in Genesis, Creation Museum, or Ark Encounter page was verified for this dig in the 2026-09-30 survey. Do not invent AiG claims—label any future hit clearly as ministry interpretation, not dig consensus.",
          "aig": [],
          "creation_museum": [],
          "ark_encounter": [],
          "coverage": "none_found",
          "researched_at": "2026-09-30"
        },
        "creation_ministry_blurb": "No site-specific Answers in Genesis, Creation Museum, or Ark Encounter page was verified for this dig in the 2026-09-30 survey. Do not invent AiG claims—label any future hit clearly as ministry interpretation, not dig consensus.",
        "creation_ministry_coverage": "none_found",
        "creation_ministry_aig": [],
        "creation_ministry_museum": [],
        "creation_ministry_ark": [],
        "dig_halt": {
          "status": "no_halt_recorded",
          "date": null,
          "halted_by": null,
          "summary": "No dig halt is recorded for this site in the sources checked. High-profile halt searches prioritized Temple Mount restrictions, City of David/Silwan court orders, West Bank permit issues, Turkish foreign-mission suspensions, Jordan TeH, COVID project statements, and conflict interruptions (Syria/Iraq); this site did not yield a verified org/government stop-work or permit-revocation event.",
          "sources": []
        },
        "site_authority": {
          "name": "Ministry of Tourism and Antiquities (Egypt) / Supreme Council of Antiquities",
          "type": "national_antiquities",
          "role": "National ministry overseeing museums, monuments, and excavation permits in Egypt.",
          "contact_name": null,
          "contact_title": "Ministry portal inquiries",
          "contact_email": "moa.portal@mota.gov.eg",
          "contact_phone": "19654",
          "contact_url": "https://www.mota.gov.eg/ar/",
          "notes": "Sais/Sa el-Hagar — MoTA; EES/Durham Sais Project.",
          "official_website": "https://www.mota.gov.eg/ar/"
        },
        "dig_status": "open",
        "official_website": "https://www.mota.gov.eg/ar/",
        "official_website_label": "Ministry of Tourism and Antiquities (Egypt) / Supreme Council of Antiquities",
        "eras": [
          "Iron Age",
          "Persian / Hellenistic"
        ],
        "status_kind": "dig"
      }
    },
    {
      "type": "Feature",
      "geometry": {
        "type": "Point",
        "coordinates": [
          48.519832,
          34.806152
        ]
      },
      "properties": {
        "id": "ECB-01",
        "name": "Ecbatana — Hegmataneh (Hamadan)",
        "layer": "ot_digs",
        "dig": "ICHTO Hegmataneh Base / Iranian excavations; UNESCO WH 2024",
        "years": "Fossey 1913; Iranian excavations decades; UNESCO Hegmataneh inscription 2024",
        "region": "Persia",
        "location": "Iran / Hamadan / Tepe Hegmataneh (ancient Ecbatana)",
        "mgrs": "39STU73125435",
        "verses": "Ezra 6:2; Judith 1:1–4 (deuterocanonical); Daniel Median/Persian court geography",
        "found": "Median–Achaemenid–Parthian urban mound in Hamadan: mudbrick fortification, grid-plan architecture, and museum-site excavations under ICHTO. Ezra 6:2 names Ecbatana/Achmetha as the findspot of Cyrus’s decree scroll in Darius’s archive search—key Persian administrative geography beside Susa and Persepolis.",
        "support": "STRONG classical ID of biblical Ecbatana/Achmetha with Hamadan/Hegmataneh. Archaeology confirms a major Median/Achaemenid center; the specific scroll-find of Ezra 6 is a textual claim not independently excavated as a labeled archive room.",
        "sources": "https://whc.unesco.org/en/list/1716/; ICHTO Hegmataneh nomination / management; https://www.mcth.ir/",
        "notes": "Coords: OSM Nominatim Hegmataneh / UNESCO central point ~34.80 N, 48.52 E. Complements SUS-01 / PER-01 / PAS-01.",
        "campaigns": 1,
        "confidence": "confirmed",
        "biblical_name": "Ecbatana (Achmetha)",
        "strongs_id": "H307",
        "strongs_lang": "H",
        "strongs_url": "https://www.blueletterbible.org/lexicon/h307/kjv/wlc/0-1/",
        "strongs_lemma": "אַחְמְתָא",
        "strongs_gloss": "Ecbatana/Achmetha; Median-Persian capital in Ezra 6:2",
        "creation_ministry": {
          "blurb": "No site-specific Answers in Genesis, Creation Museum, or Ark Encounter page was verified for this dig in the 2026-09-30 survey. Do not invent AiG claims—label any future hit clearly as ministry interpretation, not dig consensus.",
          "aig": [],
          "creation_museum": [],
          "ark_encounter": [],
          "coverage": "none_found",
          "researched_at": "2026-09-30"
        },
        "creation_ministry_blurb": "No site-specific Answers in Genesis, Creation Museum, or Ark Encounter page was verified for this dig in the 2026-09-30 survey. Do not invent AiG claims—label any future hit clearly as ministry interpretation, not dig consensus.",
        "creation_ministry_coverage": "none_found",
        "creation_ministry_aig": [],
        "creation_ministry_museum": [],
        "creation_ministry_ark": [],
        "dig_halt": {
          "status": "no_halt_recorded",
          "date": null,
          "halted_by": null,
          "summary": "No dig halt is recorded for this site in the sources checked. High-profile halt searches prioritized Temple Mount restrictions, City of David/Silwan court orders, West Bank permit issues, Turkish foreign-mission suspensions, Jordan TeH, COVID project statements, and conflict interruptions (Syria/Iraq); this site did not yield a verified org/government stop-work or permit-revocation event.",
          "sources": []
        },
        "site_authority": {
          "name": "Ministry of Cultural Heritage, Tourism and Handicrafts (Iran)",
          "type": "national_antiquities",
          "role": "National ministry overseeing cultural heritage sites in Iran.",
          "contact_name": null,
          "contact_title": null,
          "contact_email": null,
          "contact_phone": "+98-21-33953000",
          "contact_url": "https://www.mcth.ir/",
          "notes": "Hegmataneh/Ecbatana — ICHTO; UNESCO WH 1716 (2024).",
          "official_website": "https://www.mcth.ir/"
        },
        "dig_status": "open",
        "official_website": "https://www.mcth.ir/",
        "official_website_label": "Ministry of Cultural Heritage, Tourism and Handicrafts (Iran)",
        "eras": [
          "Iron Age",
          "Persian / Hellenistic"
        ],
        "status_kind": "dig"
      }
    },
    {
      "type": "Feature",
      "geometry": {
        "type": "Point",
        "coordinates": [
          47.436667,
          34.388333
        ]
      },
      "properties": {
        "id": "BIS-01",
        "name": "Bisotun — Behistun inscription of Darius I",
        "layer": "ot_digs",
        "dig": "ICHTO Bisotun World Heritage Base (+ historical Rawlinson copy work)",
        "years": "Rawlinson 1835–1847 decipherment copies; Iranian conservation; UNESCO WH 2006",
        "region": "Persia",
        "location": "Iran / Kermanshah / Bisotun cliff",
        "mgrs": "38SQD24010790",
        "verses": "Ezra 4–6; Daniel 6; Esther (Achaemenid imperial setting under Darius I)",
        "found": "Monumental trilingual (Old Persian, Elamite, Babylonian) cliff inscription and relief of Darius I (521 BC) on the Khorasan Road—primary Achaemenid royal narrative used to decipher cuneiform. UNESCO WH site with Median through Sasanian remains along the Mesopotamia–Iran highland route.",
        "support": "STRONG as the premier Darius I primary source illuminating the imperial setting of Ezra’s temple-rebuild correspondence and Daniel’s Persian-court narratives. Not a Hebrew toponym; documentary archaeology for Achaemenid kings named in Scripture.",
        "sources": "https://whc.unesco.org/en/list/1222/; Rawlinson / later epigraphic editions; ICHTO Bisotun Base; https://www.mcth.ir/",
        "notes": "Coords: UNESCO N34 23 18 E47 26 12. Iron Age / early Achaemenid priority.",
        "campaigns": 1,
        "confidence": "confirmed",
        "biblical_name": "Behistun (Darius I inscription)",
        "strongs_id": null,
        "strongs_lang": null,
        "strongs_url": null,
        "strongs_lemma": null,
        "strongs_gloss": null,
        "creation_ministry": {
          "blurb": "No site-specific Answers in Genesis, Creation Museum, or Ark Encounter page was verified for this dig in the 2026-09-30 survey. Do not invent AiG claims—label any future hit clearly as ministry interpretation, not dig consensus.",
          "aig": [],
          "creation_museum": [],
          "ark_encounter": [],
          "coverage": "none_found",
          "researched_at": "2026-09-30"
        },
        "creation_ministry_blurb": "No site-specific Answers in Genesis, Creation Museum, or Ark Encounter page was verified for this dig in the 2026-09-30 survey. Do not invent AiG claims—label any future hit clearly as ministry interpretation, not dig consensus.",
        "creation_ministry_coverage": "none_found",
        "creation_ministry_aig": [],
        "creation_ministry_museum": [],
        "creation_ministry_ark": [],
        "dig_halt": {
          "status": "no_halt_recorded",
          "date": null,
          "halted_by": null,
          "summary": "No dig halt is recorded for this site in the sources checked. High-profile halt searches prioritized Temple Mount restrictions, City of David/Silwan court orders, West Bank permit issues, Turkish foreign-mission suspensions, Jordan TeH, COVID project statements, and conflict interruptions (Syria/Iraq); this site did not yield a verified org/government stop-work or permit-revocation event.",
          "sources": []
        },
        "site_authority": {
          "name": "Ministry of Cultural Heritage, Tourism and Handicrafts (Iran)",
          "type": "national_antiquities",
          "role": "National ministry overseeing cultural heritage sites in Iran.",
          "contact_name": null,
          "contact_title": null,
          "contact_email": null,
          "contact_phone": "+98-21-33953000",
          "contact_url": "https://www.mcth.ir/",
          "notes": "Bisotun — ICHTO World Heritage Base; UNESCO 1222.",
          "official_website": "https://whc.unesco.org/en/list/1222/"
        },
        "dig_status": "open",
        "official_website": "https://whc.unesco.org/en/list/1222/",
        "official_website_label": "UNESCO — Bisotun",
        "eras": [
          "Iron Age",
          "Persian / Hellenistic"
        ],
        "status_kind": "dig"
      }
    },
    {
      "type": "Feature",
      "geometry": {
        "type": "Point",
        "coordinates": [
          32.367,
          30.935
        ]
      },
      "properties": {
        "id": "TJR-01",
        "name": "Tell Hebua I (Tjaru / Sile) — Way of Horus fortress",
        "layer": "ot_digs",
        "dig": "SCA North Sinai Inspectorate excavations (Abd el-Maksoud et al.)",
        "years": "Egyptian North Sinai excavations from 1980s; major SCA exposure of New Kingdom fortress",
        "region": "Egypt",
        "location": "Egypt / North Sinai / Tell Hebua I near Qantara East",
        "mgrs": "36RVV39522257",
        "verses": "Exodus 13:17 (Way of the Philistines / coastal road avoidance context); Ezekiel 29:10; Ezekiel 30:6 (Syene-to-Migdol span)",
        "found": "Largest New Kingdom fortress complex on the Ways of Horus: fortifications, magazines, temples, and administrative architecture identifying ancient Tjaru/Sile—the eastern Delta–Sinai military gateway. SCA publications establish Hebua I as the key BA/NK fortified node controlling the coastal road toward Canaan.",
        "support": "STRONG archaeological ID of Tjaru/Sile with Tell Hebua I is now widely accepted among Egyptologists. Biblical relevance is geographic (Exodus coastal-road avoidance; Migdol-region oracles), not a claim that Hebua is the wilderness-layer Migdol pin.",
        "sources": "Abd el-Maksoud / SCA North Sinai publications on Tell Hebua; MoTA SCA; Hoffmeier North Sinai Survey synthesis citing Hebua as Tjaru",
        "notes": "Coords: published ~30.935 N, 32.367 E (Hebua I). Distinct from EW Migdol wilderness landmark pins. ID TJR-01 (HEB-01 already = Hebron).",
        "campaigns": 1,
        "confidence": "confirmed",
        "biblical_name": "Tjaru / Sile (Ways of Horus)",
        "strongs_id": null,
        "strongs_lang": null,
        "strongs_url": null,
        "strongs_lemma": null,
        "strongs_gloss": null,
        "creation_ministry": {
          "blurb": "No site-specific Answers in Genesis, Creation Museum, or Ark Encounter page was verified for this dig in the 2026-09-30 survey. Do not invent AiG claims—label any future hit clearly as ministry interpretation, not dig consensus.",
          "aig": [],
          "creation_museum": [],
          "ark_encounter": [],
          "coverage": "none_found",
          "researched_at": "2026-09-30"
        },
        "creation_ministry_blurb": "No site-specific Answers in Genesis, Creation Museum, or Ark Encounter page was verified for this dig in the 2026-09-30 survey. Do not invent AiG claims—label any future hit clearly as ministry interpretation, not dig consensus.",
        "creation_ministry_coverage": "none_found",
        "creation_ministry_aig": [],
        "creation_ministry_museum": [],
        "creation_ministry_ark": [],
        "dig_halt": {
          "status": "no_halt_recorded",
          "date": null,
          "halted_by": null,
          "summary": "No dig halt is recorded for this site in the sources checked. High-profile halt searches prioritized Temple Mount restrictions, City of David/Silwan court orders, West Bank permit issues, Turkish foreign-mission suspensions, Jordan TeH, COVID project statements, and conflict interruptions (Syria/Iraq); this site did not yield a verified org/government stop-work or permit-revocation event.",
          "sources": []
        },
        "site_authority": {
          "name": "Ministry of Tourism and Antiquities (Egypt) / Supreme Council of Antiquities",
          "type": "national_antiquities",
          "role": "National ministry overseeing museums, monuments, and excavation permits in Egypt.",
          "contact_name": null,
          "contact_title": "Ministry portal inquiries",
          "contact_email": "moa.portal@mota.gov.eg",
          "contact_phone": "19654",
          "contact_url": "https://www.mota.gov.eg/ar/",
          "notes": "Tell Hebua I — MoTA SCA North Sinai Inspectorate.",
          "official_website": "https://www.mota.gov.eg/ar/"
        },
        "dig_status": "open",
        "official_website": "https://www.mota.gov.eg/ar/",
        "official_website_label": "Ministry of Tourism and Antiquities (Egypt) / Supreme Council of Antiquities",
        "eras": [
          "Bronze Age"
        ],
        "status_kind": "dig"
      }
    },
    {
      "type": "Feature",
      "geometry": {
        "type": "Point",
        "coordinates": [
          43.26144,
          35.455027
        ]
      },
      "properties": {
        "id": "ASR-01",
        "name": "Assur — Qalʿat Sherqat",
        "layer": "ot_digs",
        "dig": "Deutsche Orient-Gesellschaft (Andrae) historical; SBAH Iraqi expeditions; UNESCO WH",
        "years": "Andrae DOG 1903–1914; SBAH campaigns from late 1970s; UNESCO inscribed 2003 (Danger List)",
        "region": "Mesopotamia",
        "location": "Iraq / Salah ad-Din / Qalʿat Sherqat on the Tigris",
        "mgrs": "38SLE42222489",
        "verses": "Genesis 2:14; Genesis 10:11–12, 22; Numbers 24:22, 24; Ezekiel 27:23; Hosea 14:3; Nahum (Assyria context)",
        "found": "First capital and enduring religious center of Assyria: Ashur temple and ziggurat, Anu-Adad temple, Old Palace with royal burials, city walls, and dense Middle/Neo-Assyrian domestic quarters. Third-millennium origins through Neo-Assyrian empire; Parthian revival. UNESCO WH (Danger) under SBAH.",
        "support": "STRONG identification of biblical Asshur/Assyria’s namesake city with Qalʿat Sherqat. Bronze Age urban cult center precedes and grounds the Iron Age empire named throughout the prophets; site ID is strong—individual oracle details are not automatic archaeological proofs.",
        "sources": "https://whc.unesco.org/en/list/1130/; Andrae, Das wiedererstandene Assur; SBAH State of Conservation reports; https://sbah.gov.iq/",
        "notes": "Coords: OSM Nominatim قلعة آشور / UNESCO N35 27 24 E43 15 40. Conflict-era fieldwork interruption recorded. ID ASR-01 (ASH-01 already = Ashkelon).",
        "campaigns": 1,
        "confidence": "confirmed",
        "biblical_name": "Asshur",
        "strongs_id": "H804",
        "strongs_lang": "H",
        "strongs_url": "https://www.blueletterbible.org/lexicon/h804/kjv/wlc/0-1/",
        "strongs_lemma": "אַשּׁוּר",
        "strongs_gloss": "Asshur/Assyria; eponymous capital city",
        "creation_ministry": {
          "blurb": "No site-specific Answers in Genesis, Creation Museum, or Ark Encounter page was verified for this dig in the 2026-09-30 survey. Do not invent AiG claims—label any future hit clearly as ministry interpretation, not dig consensus.",
          "aig": [],
          "creation_museum": [],
          "ark_encounter": [],
          "coverage": "none_found",
          "researched_at": "2026-09-30"
        },
        "creation_ministry_blurb": "No site-specific Answers in Genesis, Creation Museum, or Ark Encounter page was verified for this dig in the 2026-09-30 survey. Do not invent AiG claims—label any future hit clearly as ministry interpretation, not dig consensus.",
        "creation_ministry_coverage": "none_found",
        "creation_ministry_aig": [],
        "creation_ministry_museum": [],
        "creation_ministry_ark": [],
        "dig_halt": {
          "status": "halt_recorded",
          "date": "2014–2017+ (ISIS / regional insecurity; foreign fieldwork largely impossible in northern/central conflict zones)",
          "halted_by": "Conflict and occupation conditions; SBAH site protection constrained",
          "summary": "Conflict/occupation interrupted normal scientific excavation access across much of northern and parts of central Iraq. Post-conflict SBAH and partner missions have resumed selectively; UNESCO Danger listing and security constraints remain relevant for planning. Recorded as conflict-related interruption, not a permanent site closure.",
          "sources": [
            "https://whc.unesco.org/en/list/1130/",
            "https://sbah.gov.iq/"
          ]
        },
        "site_authority": {
          "name": "State Board of Antiquities and Heritage (SBAH), Iraq",
          "type": "national_antiquities",
          "role": "National board licensing excavations and protecting heritage sites in Iraq.",
          "contact_name": null,
          "contact_title": "Relations Department",
          "contact_email": "relations@sbah.gov.iq",
          "contact_phone": null,
          "contact_url": "https://sbah.gov.iq/",
          "notes": "Assur/Qalʿat Sherqat — SBAH; UNESCO WH 1130 (Danger List).",
          "official_website": "https://whc.unesco.org/en/list/1130/"
        },
        "dig_status": "halted",
        "official_website": "https://whc.unesco.org/en/list/1130/",
        "official_website_label": "UNESCO — Ashur (Qal'at Sherqat)",
        "eras": [
          "Bronze Age",
          "Iron Age"
        ],
        "status_kind": "dig"
      }
    },
    {
      "type": "Feature",
      "geometry": {
        "type": "Point",
        "coordinates": [
          32.601,
          25.718
        ]
      },
      "properties": {
        "id": "MER-01",
        "name": "Merneptah Stele findspot — Merneptah mortuary temple (West Thebes)",
        "layer": "ot_digs",
        "dig": "Petrie clearance of Merneptah mortuary temple (West Thebes / Qurna)",
        "years": "1896 (find); stele carved ~1209/1208 BCE",
        "region": "Egypt",
        "location": "Egypt / West Thebes / Merneptah mortuary temple (Qurna area); object now Egyptian Museum Cairo JE 31408",
        "mgrs": "36RVP5997344515",
        "verses": "Exodus 1:1–14; Joshua 1–12 (Israel already in the land as people-group backdrop — not a verse-for-verse match)",
        "found": "Gray granite victory stele of Pharaoh Merneptah (reused Amenhotep III stele face), discovered by Flinders Petrie in Merneptah’s mortuary temple on the Theban west bank. Line naming Israel (Ysrỉꜣr) is the earliest widely accepted extrabiblical ethnonym for Israel (~1209 BCE). Object inventory JE 31408, Egyptian Museum Cairo.",
        "support": "STRONG for an Egyptian record of an Israel people already in Canaan by the late 13th c. BCE. Distinct from KAR-01 (Karnak / Shoshenq reliefs). Does NOT identify the Exodus pharaoh, prove conquest narratives, or narrate Moses. Critical archaeologists (e.g. Finkelstein & Silberman) still treat the ethnonym as historical people-group evidence while debating later monarchy models.",
        "sources": "https://www.globalegyptianmuseum.org/record.aspx?id=15349 ; https://egymonuments.gov.eg/en/museums/egyptian-museum/ ; Petrie, Six Temples at Thebes (1897); Spiegelberg translation notes; Egyptian Museum Cairo JE 31408",
        "notes": "Linguist: Egyptian names often end with a small sign that marks what kind of thing the name is. On Merneptah, Israel carries the people/group marker (not the usual city or foreign-land marker). So Egyptians listed Israel as a people in Canaan, not as a city or territory named Israel. Caveat: the stele is victory propaganda; it shows Egyptians knew an Israel people by the ~1200s BC, not the full biblical story by itself. Berlin pedestal ‘Israel’ (~1400 BCE) readings are debated and must not replace Merneptah as the secure first mention. Coords approximate West Thebes / Qurna Merneptah temple area — distinct from Karnak east-bank KAR-01.",
        "campaigns": 1,
        "confidence": "confirmed",
        "dig_status": "open",
        "status": "museum object + historic findspot",
        "eras": [
          "Bronze Age",
          "Iron Age"
        ],
        "official_website": "https://egymonuments.gov.eg/en/museums/egyptian-museum/",
        "official_website_label": "Egyptian Museum (MoTA) — Cairo",
        "strongs_null_reason": "inscriptional ethnonym findspot (Egypt); not a biblical place-name pin",
        "creation_ministry_blurb": "No site-specific Answers in Genesis, Creation Museum, or Ark Encounter page was verified for this dig in the 2026-09-30 secular-scrub survey. Do not invent AiG claims—label any future hit clearly as ministry interpretation, not dig consensus.",
        "creation_ministry_coverage": "none_found",
        "creation_ministry_aig": [],
        "creation_ministry_museum": [],
        "creation_ministry_ark": [],
        "status_kind": "dig"
      }
    }
  ]
}
