{
  "type": "FeatureCollection",
  "features": [
    {
      "type": "Feature",
      "geometry": {
        "type": "Point",
        "coordinates": [
          35.45912508737196,
          31.74109813257868
        ]
      },
      "properties": {
        "id": "SPN-alberino-01",
        "layer": "sponsor:alberino",
        "name": "Qumran (Khirbet Qumran)",
        "sponsor_id": "alberino",
        "sponsor_label": "Expedition: Alberino (sponsor)",
        "attached_map_pin_id": "QUM-01",
        "attached_primary_id": "QUM-01",
        "found": "Channel presents the 1947 Judean-desert cliff-cave discovery and treats the Book of Giants (and related Watchers/Nephilim narrative) as Dead Sea Scrolls material from the Qumran/Judean desert caves.",
        "support": "Archive notes + transcript for zEW1k0qU8Sg (Book of Giants) and Er507MsGp0M (Book of Enoch) name DSS/Qumran cave discovery; both video ids verified in timothy-alberino-archive all-videos.tsv. Core OT pin QUM-01 already embeds both videos with contested-framing disclosure.",
        "notes": "Alberino’s Nephilim/Watchers/catastrophe framing of Dead Sea Scrolls and related texts (Book of Giants, 1 Enoch) is contested versus mainstream archaeology and Second Temple scholarship. DSS discovery locus and presence of Giants/Enoch fragments among the Judean desert finds are channel-presented against a real manuscript background, but interpretive packaging is not dig consensus. Embed as sponsor/channel presentation only. Core QUM pins already carry these embeds with contested-framing disclosure — sponsor chip LINKS those finds; does not pretend excavation consensus. Holy Bible remains canon.",
        "surveyor_solidity": "mixed",
        "surveyor_caveat": "Alberino’s Nephilim/Watchers/catastrophe framing of Dead Sea Scrolls and related texts (Book of Giants, 1 Enoch) is contested versus mainstream archaeology and Second Temple scholarship. DSS discovery locus and presence of Giants/Enoch fragments among the Judean desert finds are channel-presented against a real manuscript background, but interpretive packaging is not dig consensus. Embed as sponsor/channel presentation only. Core QUM pins already carry these embeds with contested-framing disclosure — sponsor chip LINKS those finds; does not pretend excavation consensus. Holy Bible remains canon.",
        "gospel_hook": "",
        "related_videos": [
          {
            "embed": "https://www.youtube.com/embed/zEW1k0qU8Sg",
            "provider": "youtube",
            "title": "The Alberino Analysis - The Book of Giants",
            "source": "https://www.youtube.com/watch?v=zEW1k0qU8Sg",
            "label": "Sponsor video (Alberino Analysis)",
            "disclosure": "Sponsor expedition layer. Pins and videos are Timothy Alberino / Alberino Analysis / Nephcon presentation — not DigIntoScripture dig consensus. Nephilim/Watchers/catastrophe framing is contested versus mainstream archaeology and Second Temple scholarship. Core OT/NT layers stay free and separate (Qumran already carries Alberino embeds with contested-framing disclosure). Sales / book / members / conference links do not raise dig-consensus confidence."
          },
          {
            "embed": "https://www.youtube.com/embed/Er507MsGp0M",
            "provider": "youtube",
            "title": "The Alberino Analysis - The Book of Enoch",
            "source": "https://www.youtube.com/watch?v=Er507MsGp0M",
            "label": "Sponsor video (Alberino Analysis)",
            "disclosure": "Sponsor expedition layer. Pins and videos are Timothy Alberino / Alberino Analysis / Nephcon presentation — not DigIntoScripture dig consensus. Nephilim/Watchers/catastrophe framing is contested versus mainstream archaeology and Second Temple scholarship. Core OT/NT layers stay free and separate (Qumran already carries Alberino embeds with contested-framing disclosure). Sales / book / members / conference links do not raise dig-consensus confidence."
          }
        ],
        "sponsor_cta_label": "Their content (paywall)",
        "sponsor_cta_url": "https://thealberinoanalysis.com/",
        "sponsor_cta_host": "thealberinoanalysis.com",
        "sponsor_cta_alt_url": "https://timothyalberino.com/",
        "sponsor_cta_alt_label": "Timothy Alberino (site)",
        "sponsor_book_cta_label": "Buy their book",
        "sponsor_book_cta_url": "https://www.amazon.com/Birthright-Posthuman-Apocalypse-Usurpation-Dominion/dp/B08M83XF8W",
        "sponsor_book_cta_host": "amazon.com",
        "affiliate_disclosed": true,
        "affiliate_note": "Sponsor / affiliate disclosure — outbound Amazon product link only; DigIntoScripture affiliate not negotiated yet.",
        "disclosure": "Sponsor expedition layer. Pins and videos are Timothy Alberino / Alberino Analysis / Nephcon presentation — not DigIntoScripture dig consensus. Nephilim/Watchers/catastrophe framing is contested versus mainstream archaeology and Second Temple scholarship. Core OT/NT layers stay free and separate (Qumran already carries Alberino embeds with contested-framing disclosure). Sales / book / members / conference links do not raise dig-consensus confidence.",
        "ministry_label": "Timothy Alberino is an author/explorer/lecturer (Birthright; Book of Enoch commentary) whose Alberino Analysis members community and NephCon conference package alternative history, megaliths, Nephilim/Watchers theology, and UFO/disclosure topics. Channel presentation ≠ peer-reviewed dig consensus. Chip off-by-default. Thin biblical-map overlap expected after Kramer pack.",
        "eras": [
          "Iron Age",
          "Persian / Hellenistic",
          "Roman / Byzantine"
        ],
        "sources": "Alberino Analysis YouTube (embed); timothyalberino.com / thealberinoanalysis.com (outbound). Links Qumran finds already on core with contested-framing disclosure.",
        "status_kind": "visitor"
      }
    },
    {
      "type": "Feature",
      "geometry": {
        "type": "Point",
        "coordinates": [
          35.459259367651136,
          31.74092192855833
        ]
      },
      "properties": {
        "id": "SPN-alberino-02",
        "layer": "sponsor:alberino",
        "name": "Qumran",
        "sponsor_id": "alberino",
        "sponsor_label": "Expedition: Alberino (sponsor)",
        "attached_map_pin_id": "QUM-NT-01",
        "attached_primary_id": "QUM-NT-01",
        "found": "Same DSS cave-discovery / Book of Giants + Book of Enoch manuscript angle attached to the NT-context Qumran pointer (same complex as QUM-01).",
        "support": "Same verified videos zEW1k0qU8Sg and Er507MsGp0M; core NT pin QUM-NT-01 already embeds both with contested-framing disclosure.",
        "notes": "Alberino’s Nephilim/Watchers/catastrophe framing of Dead Sea Scrolls and related texts (Book of Giants, 1 Enoch) is contested versus mainstream archaeology and Second Temple scholarship. DSS discovery locus and presence of Giants/Enoch fragments among the Judean desert finds are channel-presented against a real manuscript background, but interpretive packaging is not dig consensus. Embed as sponsor/channel presentation only. Core QUM pins already carry these embeds with contested-framing disclosure — sponsor chip LINKS those finds; does not pretend excavation consensus. Holy Bible remains canon.",
        "surveyor_solidity": "mixed",
        "surveyor_caveat": "Alberino’s Nephilim/Watchers/catastrophe framing of Dead Sea Scrolls and related texts (Book of Giants, 1 Enoch) is contested versus mainstream archaeology and Second Temple scholarship. DSS discovery locus and presence of Giants/Enoch fragments among the Judean desert finds are channel-presented against a real manuscript background, but interpretive packaging is not dig consensus. Embed as sponsor/channel presentation only. Core QUM pins already carry these embeds with contested-framing disclosure — sponsor chip LINKS those finds; does not pretend excavation consensus. Holy Bible remains canon.",
        "gospel_hook": "",
        "related_videos": [
          {
            "embed": "https://www.youtube.com/embed/zEW1k0qU8Sg",
            "provider": "youtube",
            "title": "The Alberino Analysis - The Book of Giants",
            "source": "https://www.youtube.com/watch?v=zEW1k0qU8Sg",
            "label": "Sponsor video (Alberino Analysis)",
            "disclosure": "Sponsor expedition layer. Pins and videos are Timothy Alberino / Alberino Analysis / Nephcon presentation — not DigIntoScripture dig consensus. Nephilim/Watchers/catastrophe framing is contested versus mainstream archaeology and Second Temple scholarship. Core OT/NT layers stay free and separate (Qumran already carries Alberino embeds with contested-framing disclosure). Sales / book / members / conference links do not raise dig-consensus confidence."
          },
          {
            "embed": "https://www.youtube.com/embed/Er507MsGp0M",
            "provider": "youtube",
            "title": "The Alberino Analysis - The Book of Enoch",
            "source": "https://www.youtube.com/watch?v=Er507MsGp0M",
            "label": "Sponsor video (Alberino Analysis)",
            "disclosure": "Sponsor expedition layer. Pins and videos are Timothy Alberino / Alberino Analysis / Nephcon presentation — not DigIntoScripture dig consensus. Nephilim/Watchers/catastrophe framing is contested versus mainstream archaeology and Second Temple scholarship. Core OT/NT layers stay free and separate (Qumran already carries Alberino embeds with contested-framing disclosure). Sales / book / members / conference links do not raise dig-consensus confidence."
          }
        ],
        "sponsor_cta_label": "Their content (paywall)",
        "sponsor_cta_url": "https://thealberinoanalysis.com/",
        "sponsor_cta_host": "thealberinoanalysis.com",
        "sponsor_cta_alt_url": "https://timothyalberino.com/",
        "sponsor_cta_alt_label": "Timothy Alberino (site)",
        "sponsor_book_cta_label": "Buy their book",
        "sponsor_book_cta_url": "https://www.amazon.com/Birthright-Posthuman-Apocalypse-Usurpation-Dominion/dp/B08M83XF8W",
        "sponsor_book_cta_host": "amazon.com",
        "affiliate_disclosed": true,
        "affiliate_note": "Sponsor / affiliate disclosure — outbound Amazon product link only; DigIntoScripture affiliate not negotiated yet.",
        "disclosure": "Sponsor expedition layer. Pins and videos are Timothy Alberino / Alberino Analysis / Nephcon presentation — not DigIntoScripture dig consensus. Nephilim/Watchers/catastrophe framing is contested versus mainstream archaeology and Second Temple scholarship. Core OT/NT layers stay free and separate (Qumran already carries Alberino embeds with contested-framing disclosure). Sales / book / members / conference links do not raise dig-consensus confidence.",
        "ministry_label": "Timothy Alberino is an author/explorer/lecturer (Birthright; Book of Enoch commentary) whose Alberino Analysis members community and NephCon conference package alternative history, megaliths, Nephilim/Watchers theology, and UFO/disclosure topics. Channel presentation ≠ peer-reviewed dig consensus. Chip off-by-default. Thin biblical-map overlap expected after Kramer pack.",
        "eras": [
          "Persian / Hellenistic",
          "Roman / Byzantine",
          "New Testament era"
        ],
        "sources": "Alberino Analysis YouTube (embed); timothyalberino.com / thealberinoanalysis.com (outbound). Links Qumran finds already on core with contested-framing disclosure.",
        "status_kind": "visitor"
      }
    },
    {
      "type": "Feature",
      "geometry": {
        "type": "Point",
        "coordinates": [
          -71.9818,
          -13.5094
        ]
      },
      "properties": {
        "id": "SPN-alberino-03",
        "layer": "sponsor:alberino",
        "name": "Sacsayhuamán (Cusco)",
        "sponsor_id": "alberino",
        "sponsor_label": "Expedition: Alberino (sponsor)",
        "found": "True Legends Cusco expedition films Alberino walking the cyclopean polygonal walls of Sacsayhuamán live with Steve Quayle, L.A. Marzulli, and Anselm Pi Rambla; he also says he has examined the wall extensively and led tours there.",
        "support": "Archive video hfpu18_q9Rk (June 13, 2017) opens on-site: “we're here live in Cusco Peru at the walls of Sakai… walking around looking at the incredible cyclopian masonry.” YKHfr5_TeYU repeats that he and Marzulli examined Sacsayhuamán extensively and led tours. Chinkana underground lore tied to Cusco/Andes in wiaFRAWlnQ8.",
        "notes": "Channel frames the big fitted stones as pre-Inca / pre-flood cyclopean work and links them to Nephilim-builder ideas. Mainstream Andean archaeology treats Sacsayhuamán as an Inca ceremonial complex with known polygonal masonry. Contested framing. Pin is a visitor/expedition pin, not a DigIntoScripture dig claim.",
        "surveyor_solidity": "mixed",
        "surveyor_caveat": "Alberino’s Nephilim/Watchers/catastrophe framing is contested versus mainstream archaeology and dig consensus. Channel / expedition presentation only — not DigIntoScripture dig consensus. Holy Bible remains canon. Andean megalithic walls are real; pre-flood Nephilim-builder framing is contested vs mainstream Andean archaeology.",
        "gospel_hook": "",
        "related_videos": [
          {
            "embed": "https://www.youtube.com/embed/hfpu18_q9Rk",
            "provider": "youtube",
            "title": "Cusco Expedition & Seminar, June 13, 2017",
            "source": "https://www.youtube.com/watch?v=hfpu18_q9Rk",
            "label": "Sponsor video (Alberino Analysis)",
            "disclosure": "Sponsor expedition layer. Pins and videos are Timothy Alberino / Alberino Analysis / Nephcon presentation — not DigIntoScripture dig consensus. Nephilim/Watchers/catastrophe framing is contested versus mainstream archaeology and Second Temple scholarship. Core OT/NT layers stay free and separate (Qumran already carries Alberino embeds with contested-framing disclosure). Sales / book / members / conference links do not raise dig-consensus confidence."
          },
          {
            "embed": "https://www.youtube.com/embed/wiaFRAWlnQ8",
            "provider": "youtube",
            "title": "Chinkana: The Secret World Beneath the Andes Mountains | Fade to Black with Jimmy Church",
            "source": "https://www.youtube.com/watch?v=wiaFRAWlnQ8",
            "label": "Sponsor video (Alberino Analysis)",
            "disclosure": "Sponsor expedition layer. Pins and videos are Timothy Alberino / Alberino Analysis / Nephcon presentation — not DigIntoScripture dig consensus. Nephilim/Watchers/catastrophe framing is contested versus mainstream archaeology and Second Temple scholarship. Core OT/NT layers stay free and separate (Qumran already carries Alberino embeds with contested-framing disclosure). Sales / book / members / conference links do not raise dig-consensus confidence."
          },
          {
            "embed": "https://www.youtube.com/embed/kS03eU3riOs",
            "provider": "youtube",
            "title": "The Days of Noah, Megaliths, and the Interdimensional Hypothesis | Mystery Bible On Podcast",
            "source": "https://www.youtube.com/watch?v=kS03eU3riOs",
            "label": "Sponsor video (Alberino Analysis)",
            "disclosure": "Sponsor expedition layer. Pins and videos are Timothy Alberino / Alberino Analysis / Nephcon presentation — not DigIntoScripture dig consensus. Nephilim/Watchers/catastrophe framing is contested versus mainstream archaeology and Second Temple scholarship. Core OT/NT layers stay free and separate (Qumran already carries Alberino embeds with contested-framing disclosure). Sales / book / members / conference links do not raise dig-consensus confidence."
          },
          {
            "embed": "https://www.youtube.com/embed/YKHfr5_TeYU",
            "provider": "youtube",
            "title": "Montana Megaliths | Investigating Sage Wall With L.A. Marzulli",
            "source": "https://www.youtube.com/watch?v=YKHfr5_TeYU",
            "label": "Sponsor video (Alberino Analysis)",
            "disclosure": "Sponsor expedition layer. Pins and videos are Timothy Alberino / Alberino Analysis / Nephcon presentation — not DigIntoScripture dig consensus. Nephilim/Watchers/catastrophe framing is contested versus mainstream archaeology and Second Temple scholarship. Core OT/NT layers stay free and separate (Qumran already carries Alberino embeds with contested-framing disclosure). Sales / book / members / conference links do not raise dig-consensus confidence."
          }
        ],
        "sponsor_cta_label": "Their content (paywall)",
        "sponsor_cta_url": "https://thealberinoanalysis.com/",
        "sponsor_cta_host": "thealberinoanalysis.com",
        "sponsor_cta_alt_url": "https://timothyalberino.com/",
        "sponsor_cta_alt_label": "Timothy Alberino (site)",
        "sponsor_book_cta_label": "Buy their book",
        "sponsor_book_cta_url": "https://www.amazon.com/Birthright-Posthuman-Apocalypse-Usurpation-Dominion/dp/B08M83XF8W",
        "sponsor_book_cta_host": "amazon.com",
        "affiliate_disclosed": true,
        "affiliate_note": "Sponsor / affiliate disclosure — outbound Amazon product link only; DigIntoScripture affiliate not negotiated yet.",
        "disclosure": "Sponsor expedition layer. Pins and videos are Timothy Alberino / Alberino Analysis / Nephcon presentation — not DigIntoScripture dig consensus. Nephilim/Watchers/catastrophe framing is contested versus mainstream archaeology and Second Temple scholarship. Core OT/NT layers stay free and separate (Qumran already carries Alberino embeds with contested-framing disclosure). Sales / book / members / conference links do not raise dig-consensus confidence.",
        "ministry_label": "Timothy Alberino is an author/explorer/lecturer (Birthright; Book of Enoch commentary) whose Alberino Analysis members community and NephCon conference package alternative history, megaliths, Nephilim/Watchers theology, and UFO/disclosure topics. Channel presentation ≠ peer-reviewed dig consensus. Chip off-by-default.",
        "eras": [
          "Inca / Late Horizon",
          "Pre-Columbian Andean",
          "Modern visit / expedition"
        ],
        "sources": "Alberino Analysis YouTube embeds (Cusco Expedition June 13, 2017; Sage Wall comparison; Days of Noah megaliths talk; Chinkana interview). Official site timothyalberino.com. GenSix True Legends Cusco expedition context.",
        "status_kind": "visitor",
        "mgrs": "19LAF7719104566",
        "region_bucket": "SA",
        "visit_confirmed": true,
        "what_he_shows": "On-site walking of cyclopean / polygonal megalith walls; talks excavation for underground tunnels (Chinkana lore).",
        "coord_precision": "exact site",
        "country": "Peru"
      }
    },
    {
      "type": "Feature",
      "geometry": {
        "type": "Point",
        "coordinates": [
          -71.978779,
          -13.516767
        ]
      },
      "properties": {
        "id": "SPN-alberino-04",
        "layer": "sponsor:alberino",
        "name": "Cusco — Plaza de Armas",
        "sponsor_id": "alberino",
        "sponsor_label": "Expedition: Alberino (sponsor)",
        "found": "Expedition team walks through Cusco’s Plaza de Armas during Andean megalith tours; city hub for Sacsayhuamán / Qorikancha / Sacred Valley fieldwork.",
        "support": "timothyalberino.com/pics: ‘Timothy Alberino and his expedition team walking through the Plaza de Armas in Cusco, Peru’; related Cusco Expedition clips hfpu18_q9Rk / Z4QIGFu6d9A.",
        "notes": "Andean / megalithic stonework at this locus is a real visitor-visible ruin; Alberino’s pre-flood Nephilim-builder / catastrophe / cyclopean-lost-civilization framing is contested versus mainstream Andean archaeology. Embed as sponsor/channel on-site presentation only — not dig consensus. Holy Bible remains canon.",
        "surveyor_solidity": "mixed",
        "surveyor_caveat": "Andean / megalithic stonework at this locus is a real visitor-visible ruin; Alberino’s pre-flood Nephilim-builder / catastrophe / cyclopean-lost-civilization framing is contested versus mainstream Andean archaeology. Embed as sponsor/channel on-site presentation only — not dig consensus. Holy Bible remains canon.",
        "gospel_hook": "",
        "related_videos": [
          {
            "embed": "https://www.youtube.com/embed/hfpu18_q9Rk",
            "provider": "youtube",
            "title": "Cusco Expedition & Seminar, June 13, 2017",
            "source": "https://www.youtube.com/watch?v=hfpu18_q9Rk",
            "label": "Sponsor video (Alberino Analysis)",
            "disclosure": "Sponsor expedition layer. Pins and videos are Timothy Alberino / Alberino Analysis / Nephcon presentation — not DigIntoScripture dig consensus. Nephilim/Watchers/catastrophe framing is contested versus mainstream archaeology and Second Temple scholarship. Core OT/NT layers stay free and separate (Qumran already carries Alberino embeds with contested-framing disclosure). Sales / book / members / conference links do not raise dig-consensus confidence."
          },
          {
            "embed": "https://www.youtube.com/embed/wiaFRAWlnQ8",
            "provider": "youtube",
            "title": "Chinkana: The Secret World Beneath the Andes Mountains | Fade to Black with Jimmy Church",
            "source": "https://www.youtube.com/watch?v=wiaFRAWlnQ8",
            "label": "Sponsor video (Alberino Analysis)",
            "disclosure": "Sponsor expedition layer. Pins and videos are Timothy Alberino / Alberino Analysis / Nephcon presentation — not DigIntoScripture dig consensus. Nephilim/Watchers/catastrophe framing is contested versus mainstream archaeology and Second Temple scholarship. Core OT/NT layers stay free and separate (Qumran already carries Alberino embeds with contested-framing disclosure). Sales / book / members / conference links do not raise dig-consensus confidence."
          }
        ],
        "sponsor_cta_label": "Their content (paywall)",
        "sponsor_cta_url": "https://thealberinoanalysis.com/",
        "sponsor_cta_host": "thealberinoanalysis.com",
        "sponsor_cta_alt_url": "https://timothyalberino.com/",
        "sponsor_cta_alt_label": "Timothy Alberino (site)",
        "sponsor_book_cta_label": "Buy their book",
        "sponsor_book_cta_url": "https://www.amazon.com/Birthright-Posthuman-Apocalypse-Usurpation-Dominion/dp/B08M83XF8W",
        "sponsor_book_cta_host": "amazon.com",
        "affiliate_disclosed": true,
        "affiliate_note": "Sponsor / affiliate disclosure — outbound Amazon product link only; DigIntoScripture affiliate not negotiated yet.",
        "disclosure": "Sponsor expedition layer. Pins and videos are Timothy Alberino / Alberino Analysis / Nephcon presentation — not DigIntoScripture dig consensus. Nephilim/Watchers/catastrophe framing is contested versus mainstream archaeology and Second Temple scholarship. Core OT/NT layers stay free and separate (Qumran already carries Alberino embeds with contested-framing disclosure). Sales / book / members / conference links do not raise dig-consensus confidence.",
        "ministry_label": "Timothy Alberino is an author/explorer/lecturer (Birthright; Book of Enoch commentary) whose Alberino Analysis members community and NephCon conference package alternative history, megaliths, Nephilim/Watchers theology, and UFO/disclosure topics. Channel presentation ≠ peer-reviewed dig consensus. Chip off-by-default.",
        "eras": [
          "Inca period",
          "Colonial"
        ],
        "sources": "Alberino Analysis YouTube (embed); timothyalberino.com/pics (outbound).",
        "status_kind": "visitor",
        "mgrs": "19LAF7752803755",
        "region_bucket": "SA"
      }
    },
    {
      "type": "Feature",
      "geometry": {
        "type": "Point",
        "coordinates": [
          -71.97514,
          -13.520262
        ]
      },
      "properties": {
        "id": "SPN-alberino-05",
        "layer": "sponsor:alberino",
        "name": "Coricancha / Qorikancha (Cusco)",
        "sponsor_id": "alberino",
        "sponsor_label": "Expedition: Alberino (sponsor)",
        "found": "Cusco is the hub of Alberino’s Andean megalith work: True Legends seminar base, repeated walks of city cyclopean walls, and Chinkana underground lore tied to Cusco tourist vs local specialist stories.",
        "support": "Expedition clips and interviews repeatedly place him “live in Cusco Peru,” exploring megalith streets and contrasting tourist-shaman stories with deeper Chinkana traditions (wiaFRAWlnQ8). Lived ~10 years in Peru; led Cusco-area tours (YKHfr5_TeYU / related).",
        "notes": "Pin sits on the Qoricancha / historic-center centroid as a town-level visitor marker for Cusco street megaliths and seminar base — not a claim that DigIntoScripture excavated Qoricancha. Contested Nephilim/catastrophe packaging.",
        "surveyor_solidity": "mixed",
        "surveyor_caveat": "Alberino’s Nephilim/Watchers/catastrophe framing is contested versus mainstream archaeology and dig consensus. Channel / expedition presentation only — not DigIntoScripture dig consensus. Holy Bible remains canon. Cusco’s Inca stonework is real; underground-city / Nephilim packaging is contested folklore vs dig consensus.",
        "gospel_hook": "",
        "related_videos": [
          {
            "embed": "https://www.youtube.com/embed/hfpu18_q9Rk",
            "provider": "youtube",
            "title": "Cusco Expedition & Seminar, June 13, 2017",
            "source": "https://www.youtube.com/watch?v=hfpu18_q9Rk",
            "label": "Sponsor video (Alberino Analysis)",
            "disclosure": "Sponsor expedition layer. Pins and videos are Timothy Alberino / Alberino Analysis / Nephcon presentation — not DigIntoScripture dig consensus. Nephilim/Watchers/catastrophe framing is contested versus mainstream archaeology and Second Temple scholarship. Core OT/NT layers stay free and separate (Qumran already carries Alberino embeds with contested-framing disclosure). Sales / book / members / conference links do not raise dig-consensus confidence."
          },
          {
            "embed": "https://www.youtube.com/embed/wiaFRAWlnQ8",
            "provider": "youtube",
            "title": "Chinkana: The Secret World Beneath the Andes Mountains | Fade to Black with Jimmy Church",
            "source": "https://www.youtube.com/watch?v=wiaFRAWlnQ8",
            "label": "Sponsor video (Alberino Analysis)",
            "disclosure": "Sponsor expedition layer. Pins and videos are Timothy Alberino / Alberino Analysis / Nephcon presentation — not DigIntoScripture dig consensus. Nephilim/Watchers/catastrophe framing is contested versus mainstream archaeology and Second Temple scholarship. Core OT/NT layers stay free and separate (Qumran already carries Alberino embeds with contested-framing disclosure). Sales / book / members / conference links do not raise dig-consensus confidence."
          },
          {
            "embed": "https://www.youtube.com/embed/oiInK7P0fXc",
            "provider": "youtube",
            "title": "Fallen Angels Under the Andes? | Blurry Creatures Podcast",
            "source": "https://www.youtube.com/watch?v=oiInK7P0fXc",
            "label": "Sponsor video (Alberino Analysis)",
            "disclosure": "Sponsor expedition layer. Pins and videos are Timothy Alberino / Alberino Analysis / Nephcon presentation — not DigIntoScripture dig consensus. Nephilim/Watchers/catastrophe framing is contested versus mainstream archaeology and Second Temple scholarship. Core OT/NT layers stay free and separate (Qumran already carries Alberino embeds with contested-framing disclosure). Sales / book / members / conference links do not raise dig-consensus confidence."
          },
          {
            "embed": "https://www.youtube.com/embed/NvHaB1yYwYs",
            "provider": "youtube",
            "title": "Did the Nephilim Build the Megaliths? | Angelegend",
            "source": "https://www.youtube.com/watch?v=NvHaB1yYwYs",
            "label": "Sponsor video (Alberino Analysis)",
            "disclosure": "Sponsor expedition layer. Pins and videos are Timothy Alberino / Alberino Analysis / Nephcon presentation — not DigIntoScripture dig consensus. Nephilim/Watchers/catastrophe framing is contested versus mainstream archaeology and Second Temple scholarship. Core OT/NT layers stay free and separate (Qumran already carries Alberino embeds with contested-framing disclosure). Sales / book / members / conference links do not raise dig-consensus confidence."
          }
        ],
        "sponsor_cta_label": "Their content (paywall)",
        "sponsor_cta_url": "https://thealberinoanalysis.com/",
        "sponsor_cta_host": "thealberinoanalysis.com",
        "sponsor_cta_alt_url": "https://timothyalberino.com/",
        "sponsor_cta_alt_label": "Timothy Alberino (site)",
        "sponsor_book_cta_label": "Buy their book",
        "sponsor_book_cta_url": "https://www.amazon.com/Birthright-Posthuman-Apocalypse-Usurpation-Dominion/dp/B08M83XF8W",
        "sponsor_book_cta_host": "amazon.com",
        "affiliate_disclosed": true,
        "affiliate_note": "Sponsor / affiliate disclosure — outbound Amazon product link only; DigIntoScripture affiliate not negotiated yet.",
        "disclosure": "Sponsor expedition layer. Pins and videos are Timothy Alberino / Alberino Analysis / Nephcon presentation — not DigIntoScripture dig consensus. Nephilim/Watchers/catastrophe framing is contested versus mainstream archaeology and Second Temple scholarship. Core OT/NT layers stay free and separate (Qumran already carries Alberino embeds with contested-framing disclosure). Sales / book / members / conference links do not raise dig-consensus confidence.",
        "ministry_label": "Timothy Alberino is an author/explorer/lecturer (Birthright; Book of Enoch commentary) whose Alberino Analysis members community and NephCon conference package alternative history, megaliths, Nephilim/Watchers theology, and UFO/disclosure topics. Channel presentation ≠ peer-reviewed dig consensus. Chip off-by-default.",
        "eras": [
          "Inca / Late Horizon",
          "Colonial overlay",
          "Modern visit / expedition"
        ],
        "sources": "Alberino Analysis YouTube embeds (Cusco expedition; Chinkana / Fade to Black; Andes interviews). Official site timothyalberino.com.",
        "status_kind": "visitor",
        "mgrs": "19LAF7792703373",
        "region_bucket": "SA",
        "visit_confirmed": true,
        "what_he_shows": "City megalith walls / Inca–pre-Inca stonework walks; Chinkana underground lore discussions based in Cusco.",
        "coord_precision": "town",
        "country": "Peru"
      }
    },
    {
      "type": "Feature",
      "geometry": {
        "type": "Point",
        "coordinates": [
          -72.545009,
          -13.164341
        ]
      },
      "properties": {
        "id": "SPN-alberino-06",
        "layer": "sponsor:alberino",
        "name": "Machu Picchu",
        "sponsor_id": "alberino",
        "sponsor_label": "Expedition: Alberino (sponsor)",
        "found": "June 15, 2017 Cusco expedition clip films Alberino and Steve Quayle on-site at Machu Picchu comparing “pre-flood cyclopian architecture” with later Inca work.",
        "support": "Archive 6Ae3DJ6ybJY: “we're at Machu picu and it is the 15th of June… no better representation of pre flood cyclopian architecture against the Incan architecture of Machu picu.” YouTube description confirms live report from Machu Picchu during True Legends Expedition.",
        "notes": "Channel packages Machu Picchu as a wonder that still shows older cyclopean work beneath later Inca building, and ties giants into the story. Dig consensus credits Inca construction in the 15th century. Contested framing. Visitor pin only.",
        "surveyor_solidity": "mixed",
        "surveyor_caveat": "Alberino’s Nephilim/Watchers/catastrophe framing is contested versus mainstream archaeology and dig consensus. Channel / expedition presentation only — not DigIntoScripture dig consensus. Holy Bible remains canon. Machu Picchu is a real UNESCO site; pre-flood/Nephilim packaging is contested vs mainstream Inca archaeology.",
        "gospel_hook": "",
        "related_videos": [
          {
            "embed": "https://www.youtube.com/embed/6Ae3DJ6ybJY",
            "provider": "youtube",
            "title": "Cusco Expedition & Seminar, June 15, 2017",
            "source": "https://www.youtube.com/watch?v=6Ae3DJ6ybJY",
            "label": "Sponsor video (Alberino Analysis)",
            "disclosure": "Sponsor expedition layer. Pins and videos are Timothy Alberino / Alberino Analysis / Nephcon presentation — not DigIntoScripture dig consensus. Nephilim/Watchers/catastrophe framing is contested versus mainstream archaeology and Second Temple scholarship. Core OT/NT layers stay free and separate (Qumran already carries Alberino embeds with contested-framing disclosure). Sales / book / members / conference links do not raise dig-consensus confidence."
          },
          {
            "embed": "https://www.youtube.com/embed/NvHaB1yYwYs",
            "provider": "youtube",
            "title": "Did the Nephilim Build the Megaliths? | Angelegend",
            "source": "https://www.youtube.com/watch?v=NvHaB1yYwYs",
            "label": "Sponsor video (Alberino Analysis)",
            "disclosure": "Sponsor expedition layer. Pins and videos are Timothy Alberino / Alberino Analysis / Nephcon presentation — not DigIntoScripture dig consensus. Nephilim/Watchers/catastrophe framing is contested versus mainstream archaeology and Second Temple scholarship. Core OT/NT layers stay free and separate (Qumran already carries Alberino embeds with contested-framing disclosure). Sales / book / members / conference links do not raise dig-consensus confidence."
          },
          {
            "embed": "https://www.youtube.com/embed/oiInK7P0fXc",
            "provider": "youtube",
            "title": "Fallen Angels Under the Andes? | Blurry Creatures Podcast",
            "source": "https://www.youtube.com/watch?v=oiInK7P0fXc",
            "label": "Sponsor video (Alberino Analysis)",
            "disclosure": "Sponsor expedition layer. Pins and videos are Timothy Alberino / Alberino Analysis / Nephcon presentation — not DigIntoScripture dig consensus. Nephilim/Watchers/catastrophe framing is contested versus mainstream archaeology and Second Temple scholarship. Core OT/NT layers stay free and separate (Qumran already carries Alberino embeds with contested-framing disclosure). Sales / book / members / conference links do not raise dig-consensus confidence."
          }
        ],
        "sponsor_cta_label": "Their content (paywall)",
        "sponsor_cta_url": "https://thealberinoanalysis.com/",
        "sponsor_cta_host": "thealberinoanalysis.com",
        "sponsor_cta_alt_url": "https://timothyalberino.com/",
        "sponsor_cta_alt_label": "Timothy Alberino (site)",
        "sponsor_book_cta_label": "Buy their book",
        "sponsor_book_cta_url": "https://www.amazon.com/Birthright-Posthuman-Apocalypse-Usurpation-Dominion/dp/B08M83XF8W",
        "sponsor_book_cta_host": "amazon.com",
        "affiliate_disclosed": true,
        "affiliate_note": "Sponsor / affiliate disclosure — outbound Amazon product link only; DigIntoScripture affiliate not negotiated yet.",
        "disclosure": "Sponsor expedition layer. Pins and videos are Timothy Alberino / Alberino Analysis / Nephcon presentation — not DigIntoScripture dig consensus. Nephilim/Watchers/catastrophe framing is contested versus mainstream archaeology and Second Temple scholarship. Core OT/NT layers stay free and separate (Qumran already carries Alberino embeds with contested-framing disclosure). Sales / book / members / conference links do not raise dig-consensus confidence.",
        "ministry_label": "Timothy Alberino is an author/explorer/lecturer (Birthright; Book of Enoch commentary) whose Alberino Analysis members community and NephCon conference package alternative history, megaliths, Nephilim/Watchers theology, and UFO/disclosure topics. Channel presentation ≠ peer-reviewed dig consensus. Chip off-by-default.",
        "eras": [
          "Inca / Late Horizon",
          "Modern visit / expedition"
        ],
        "sources": "Alberino Analysis YouTube embed (Cusco Expedition June 15, 2017). Official site timothyalberino.com.",
        "status_kind": "visitor",
        "mgrs": "18LYL6611943391",
        "region_bucket": "SA",
        "visit_confirmed": true,
        "what_he_shows": "On-site walking / filming of Machu Picchu terraces and stonework framed as cyclopean vs Inca.",
        "coord_precision": "exact site",
        "country": "Peru"
      }
    },
    {
      "type": "Feature",
      "geometry": {
        "type": "Point",
        "coordinates": [
          -72.525646,
          -13.154284
        ]
      },
      "properties": {
        "id": "SPN-alberino-07",
        "layer": "sponsor:alberino",
        "name": "Aguas Calientes (Machu Picchu Pueblo)",
        "sponsor_id": "alberino",
        "sponsor_label": "Expedition: Alberino (sponsor)",
        "found": "Expedition staging / birthday celebration with team in Aguas Calientes while filming Machu Picchu megalith content; Hiram Bingham train approach documented on pics page.",
        "support": "timothyalberino.com/pics: birthday with expedition team in Aguas Calientes; Hiram Bingham train stills with Gary Heavin; paired with Machu Picchu on-site clip 6Ae3DJ6ybJY.",
        "notes": "Visitor/staging town for Machu Picchu visits — not an excavation claim. Cyclopean framing belongs to the citadel pin.",
        "surveyor_solidity": "mixed",
        "surveyor_caveat": "Visitor/staging town for Machu Picchu visits — not an excavation claim. Cyclopean framing belongs to the citadel pin.",
        "gospel_hook": "",
        "related_videos": [
          {
            "embed": "https://www.youtube.com/embed/6Ae3DJ6ybJY",
            "provider": "youtube",
            "title": "Cusco Expedition & Seminar, June 15, 2017",
            "source": "https://www.youtube.com/watch?v=6Ae3DJ6ybJY",
            "label": "Sponsor video (Alberino Analysis)",
            "disclosure": "Sponsor expedition layer. Pins and videos are Timothy Alberino / Alberino Analysis / Nephcon presentation — not DigIntoScripture dig consensus. Nephilim/Watchers/catastrophe framing is contested versus mainstream archaeology and Second Temple scholarship. Core OT/NT layers stay free and separate (Qumran already carries Alberino embeds with contested-framing disclosure). Sales / book / members / conference links do not raise dig-consensus confidence."
          }
        ],
        "sponsor_cta_label": "Their content (paywall)",
        "sponsor_cta_url": "https://thealberinoanalysis.com/",
        "sponsor_cta_host": "thealberinoanalysis.com",
        "sponsor_cta_alt_url": "https://timothyalberino.com/",
        "sponsor_cta_alt_label": "Timothy Alberino (site)",
        "sponsor_book_cta_label": "Buy their book",
        "sponsor_book_cta_url": "https://www.amazon.com/Birthright-Posthuman-Apocalypse-Usurpation-Dominion/dp/B08M83XF8W",
        "sponsor_book_cta_host": "amazon.com",
        "affiliate_disclosed": true,
        "affiliate_note": "Sponsor / affiliate disclosure — outbound Amazon product link only; DigIntoScripture affiliate not negotiated yet.",
        "disclosure": "Sponsor expedition layer. Pins and videos are Timothy Alberino / Alberino Analysis / Nephcon presentation — not DigIntoScripture dig consensus. Nephilim/Watchers/catastrophe framing is contested versus mainstream archaeology and Second Temple scholarship. Core OT/NT layers stay free and separate (Qumran already carries Alberino embeds with contested-framing disclosure). Sales / book / members / conference links do not raise dig-consensus confidence.",
        "ministry_label": "Timothy Alberino is an author/explorer/lecturer (Birthright; Book of Enoch commentary) whose Alberino Analysis members community and NephCon conference package alternative history, megaliths, Nephilim/Watchers theology, and UFO/disclosure topics. Channel presentation ≠ peer-reviewed dig consensus. Chip off-by-default.",
        "eras": [
          "Modern / visitor"
        ],
        "sources": "Alberino Analysis YouTube (embed); timothyalberino.com/pics (outbound).",
        "status_kind": "visitor",
        "mgrs": "18LYL6823044483",
        "region_bucket": "SA"
      }
    },
    {
      "type": "Feature",
      "geometry": {
        "type": "Point",
        "coordinates": [
          -72.263601,
          -13.258646
        ]
      },
      "properties": {
        "id": "SPN-alberino-08",
        "layer": "sponsor:alberino",
        "name": "Ollantaytambo",
        "sponsor_id": "alberino",
        "sponsor_label": "Expedition: Alberino (sponsor)",
        "found": "True Legends expedition films Alberino at Ollantaytambo (with Quayle and separately with Marzulli) walking upper cyclopean walls with curved corner blocks.",
        "support": "Z4QIGFu6d9A: “we're here at ojanai Tambo… True Legends Expedition.” JgomdsVZZM4: “we're here at ojan Tomo… finest cyclopian megalithic architecture on Earth… stones… curved into the corners.” kS03eU3riOs names Ollantaytambo as an hour-and-a-half drive from Cusco rivaling Sacsayhuamán.",
        "notes": "Channel treats the upper fortress walls as some of Earth’s finest cyclopean work and contrasts them with later Inca stone. Mainstream archaeology credits Inca builders at Ollantaytambo. Contested framing. Visitor pin.",
        "surveyor_solidity": "mixed",
        "surveyor_caveat": "Alberino’s Nephilim/Watchers/catastrophe framing is contested versus mainstream archaeology and dig consensus. Channel / expedition presentation only — not DigIntoScripture dig consensus. Holy Bible remains canon. Ollantaytambo’s megalithic walls are real; Nephilim/pre-flood builder claims are contested vs mainstream Andean archaeology.",
        "gospel_hook": "",
        "related_videos": [
          {
            "embed": "https://www.youtube.com/embed/Z4QIGFu6d9A",
            "provider": "youtube",
            "title": "Cusco Expedition & Seminar, June 17, 2017",
            "source": "https://www.youtube.com/watch?v=Z4QIGFu6d9A",
            "label": "Sponsor video (Alberino Analysis)",
            "disclosure": "Sponsor expedition layer. Pins and videos are Timothy Alberino / Alberino Analysis / Nephcon presentation — not DigIntoScripture dig consensus. Nephilim/Watchers/catastrophe framing is contested versus mainstream archaeology and Second Temple scholarship. Core OT/NT layers stay free and separate (Qumran already carries Alberino embeds with contested-framing disclosure). Sales / book / members / conference links do not raise dig-consensus confidence."
          },
          {
            "embed": "https://www.youtube.com/embed/JgomdsVZZM4",
            "provider": "youtube",
            "title": "Timothy Alberino with L.A. Marzulli at Ollantaytambo, Peru",
            "source": "https://www.youtube.com/watch?v=JgomdsVZZM4",
            "label": "Sponsor video (Alberino Analysis)",
            "disclosure": "Sponsor expedition layer. Pins and videos are Timothy Alberino / Alberino Analysis / Nephcon presentation — not DigIntoScripture dig consensus. Nephilim/Watchers/catastrophe framing is contested versus mainstream archaeology and Second Temple scholarship. Core OT/NT layers stay free and separate (Qumran already carries Alberino embeds with contested-framing disclosure). Sales / book / members / conference links do not raise dig-consensus confidence."
          },
          {
            "embed": "https://www.youtube.com/embed/kS03eU3riOs",
            "provider": "youtube",
            "title": "The Days of Noah, Megaliths, and the Interdimensional Hypothesis | Mystery Bible On Podcast",
            "source": "https://www.youtube.com/watch?v=kS03eU3riOs",
            "label": "Sponsor video (Alberino Analysis)",
            "disclosure": "Sponsor expedition layer. Pins and videos are Timothy Alberino / Alberino Analysis / Nephcon presentation — not DigIntoScripture dig consensus. Nephilim/Watchers/catastrophe framing is contested versus mainstream archaeology and Second Temple scholarship. Core OT/NT layers stay free and separate (Qumran already carries Alberino embeds with contested-framing disclosure). Sales / book / members / conference links do not raise dig-consensus confidence."
          }
        ],
        "sponsor_cta_label": "Their content (paywall)",
        "sponsor_cta_url": "https://thealberinoanalysis.com/",
        "sponsor_cta_host": "thealberinoanalysis.com",
        "sponsor_cta_alt_url": "https://timothyalberino.com/",
        "sponsor_cta_alt_label": "Timothy Alberino (site)",
        "sponsor_book_cta_label": "Buy their book",
        "sponsor_book_cta_url": "https://www.amazon.com/Birthright-Posthuman-Apocalypse-Usurpation-Dominion/dp/B08M83XF8W",
        "sponsor_book_cta_host": "amazon.com",
        "affiliate_disclosed": true,
        "affiliate_note": "Sponsor / affiliate disclosure — outbound Amazon product link only; DigIntoScripture affiliate not negotiated yet.",
        "disclosure": "Sponsor expedition layer. Pins and videos are Timothy Alberino / Alberino Analysis / Nephcon presentation — not DigIntoScripture dig consensus. Nephilim/Watchers/catastrophe framing is contested versus mainstream archaeology and Second Temple scholarship. Core OT/NT layers stay free and separate (Qumran already carries Alberino embeds with contested-framing disclosure). Sales / book / members / conference links do not raise dig-consensus confidence.",
        "ministry_label": "Timothy Alberino is an author/explorer/lecturer (Birthright; Book of Enoch commentary) whose Alberino Analysis members community and NephCon conference package alternative history, megaliths, Nephilim/Watchers theology, and UFO/disclosure topics. Channel presentation ≠ peer-reviewed dig consensus. Chip off-by-default.",
        "eras": [
          "Inca / Late Horizon",
          "Modern visit / expedition"
        ],
        "sources": "Alberino Analysis YouTube embeds (Cusco Expedition June 17, 2017; Marzulli at Ollantaytambo). Official site timothyalberino.com.",
        "status_kind": "visitor",
        "mgrs": "18LYL9653032636",
        "region_bucket": "SA",
        "visit_confirmed": true,
        "what_he_shows": "On-site walking of upper cyclopean megalith walls; curved interlocking corner stones.",
        "coord_precision": "exact site",
        "country": "Peru"
      }
    },
    {
      "type": "Feature",
      "geometry": {
        "type": "Point",
        "coordinates": [
          -72.229716,
          -13.289376
        ]
      },
      "properties": {
        "id": "SPN-alberino-09",
        "layer": "sponsor:alberino",
        "name": "Ñaupa Iglesia (Sacred Valley)",
        "sponsor_id": "alberino",
        "sponsor_label": "Expedition: Alberino (sponsor)",
        "found": "Pics page places Alberino at the mysterious carved rock shrine of Ñaupa Iglesia in Peru’s Sacred Valley during Andean expedition work.",
        "support": "timothyalberino.com/pics alt: ‘Timothy Alberino at the mysterious ruins of Ñaupa Iglesia, Peru.’ Paired with Sacred Valley / Cusco expedition videos (Ollantaytambo cluster).",
        "notes": "Andean / megalithic stonework at this locus is a real visitor-visible ruin; Alberino’s pre-flood Nephilim-builder / catastrophe / cyclopean-lost-civilization framing is contested versus mainstream Andean archaeology. Embed as sponsor/channel on-site presentation only — not dig consensus. Holy Bible remains canon. Exact interpretive claims about Ñaupa Iglesia vary widely; pin marks on-site visit evidence from pics captions.",
        "surveyor_solidity": "mixed",
        "surveyor_caveat": "Andean / megalithic stonework at this locus is a real visitor-visible ruin; Alberino’s pre-flood Nephilim-builder / catastrophe / cyclopean-lost-civilization framing is contested versus mainstream Andean archaeology. Embed as sponsor/channel on-site presentation only — not dig consensus. Holy Bible remains canon. Exact interpretive claims about Ñaupa Iglesia vary widely; pin marks on-site visit evidence from pics captions.",
        "gospel_hook": "",
        "related_videos": [
          {
            "embed": "https://www.youtube.com/embed/Z4QIGFu6d9A",
            "provider": "youtube",
            "title": "Cusco Expedition & Seminar, June 17, 2017",
            "source": "https://www.youtube.com/watch?v=Z4QIGFu6d9A",
            "label": "Sponsor video (Alberino Analysis)",
            "disclosure": "Sponsor expedition layer. Pins and videos are Timothy Alberino / Alberino Analysis / Nephcon presentation — not DigIntoScripture dig consensus. Nephilim/Watchers/catastrophe framing is contested versus mainstream archaeology and Second Temple scholarship. Core OT/NT layers stay free and separate (Qumran already carries Alberino embeds with contested-framing disclosure). Sales / book / members / conference links do not raise dig-consensus confidence."
          },
          {
            "embed": "https://www.youtube.com/embed/JgomdsVZZM4",
            "provider": "youtube",
            "title": "Timothy Alberino with L.A. Marzulli at Ollantaytambo, Peru",
            "source": "https://www.youtube.com/watch?v=JgomdsVZZM4",
            "label": "Sponsor video (Alberino Analysis)",
            "disclosure": "Sponsor expedition layer. Pins and videos are Timothy Alberino / Alberino Analysis / Nephcon presentation — not DigIntoScripture dig consensus. Nephilim/Watchers/catastrophe framing is contested versus mainstream archaeology and Second Temple scholarship. Core OT/NT layers stay free and separate (Qumran already carries Alberino embeds with contested-framing disclosure). Sales / book / members / conference links do not raise dig-consensus confidence."
          }
        ],
        "sponsor_cta_label": "Their content (paywall)",
        "sponsor_cta_url": "https://thealberinoanalysis.com/",
        "sponsor_cta_host": "thealberinoanalysis.com",
        "sponsor_cta_alt_url": "https://timothyalberino.com/",
        "sponsor_cta_alt_label": "Timothy Alberino (site)",
        "sponsor_book_cta_label": "Buy their book",
        "sponsor_book_cta_url": "https://www.amazon.com/Birthright-Posthuman-Apocalypse-Usurpation-Dominion/dp/B08M83XF8W",
        "sponsor_book_cta_host": "amazon.com",
        "affiliate_disclosed": true,
        "affiliate_note": "Sponsor / affiliate disclosure — outbound Amazon product link only; DigIntoScripture affiliate not negotiated yet.",
        "disclosure": "Sponsor expedition layer. Pins and videos are Timothy Alberino / Alberino Analysis / Nephcon presentation — not DigIntoScripture dig consensus. Nephilim/Watchers/catastrophe framing is contested versus mainstream archaeology and Second Temple scholarship. Core OT/NT layers stay free and separate (Qumran already carries Alberino embeds with contested-framing disclosure). Sales / book / members / conference links do not raise dig-consensus confidence.",
        "ministry_label": "Timothy Alberino is an author/explorer/lecturer (Birthright; Book of Enoch commentary) whose Alberino Analysis members community and NephCon conference package alternative history, megaliths, Nephilim/Watchers theology, and UFO/disclosure topics. Channel presentation ≠ peer-reviewed dig consensus. Chip off-by-default.",
        "eras": [
          "Pre-classical / Andean",
          "Inca period"
        ],
        "sources": "timothyalberino.com/pics (outbound); related Cusco Expedition YouTube embeds.",
        "status_kind": "visitor",
        "mgrs": "18LZL0016629193",
        "region_bucket": "SA"
      }
    },
    {
      "type": "Feature",
      "geometry": {
        "type": "Point",
        "coordinates": [
          -76.25,
          -13.8667
        ]
      },
      "properties": {
        "id": "SPN-alberino-10",
        "layer": "sponsor:alberino",
        "name": "Paracas desert / Bay of Paracas",
        "sponsor_id": "alberino",
        "sponsor_label": "Expedition: Alberino (sponsor)",
        "found": "Alberino and collaborators did Paracas fieldwork: desert reserve exploration with drones, subterranean longhouse-like architecture walks, and elongated-skull dental DNA sampling with L.A. Marzulli’s team.",
        "support": "ZjF0snXa-BM describes going into the Paracas desert reserve and Chongos complex with drones; zW-f_4lWn0c recalls being “down there in 2019” deep in the reserve; Analysis episodes 93SmUuKAdcw / 8YJorJ7qMsY center on Paracas elongated skulls.",
        "notes": "Paracas culture and intentional cranial modification are real Andean archaeology. Channel claims that some skulls show non-local / non-human genetics and Nephilim links are contested/fringe vs mainstream bioarchaeology. Visitor pin for fieldwork, not dig consensus.",
        "surveyor_solidity": "weak",
        "surveyor_caveat": "Alberino’s Nephilim/Watchers/catastrophe framing is contested versus mainstream archaeology and dig consensus. Channel / expedition presentation only — not DigIntoScripture dig consensus. Holy Bible remains canon. Cranial modification is documented; Nephilim/hybrid DNA framing is contested vs mainstream bioarchaeology.",
        "gospel_hook": "",
        "related_videos": [
          {
            "embed": "https://www.youtube.com/embed/ZjF0snXa-BM",
            "provider": "youtube",
            "title": "Amazing Discoveries in Paracas, Peru | Mondo Gonzales",
            "source": "https://www.youtube.com/watch?v=ZjF0snXa-BM",
            "label": "Sponsor video (Alberino Analysis)",
            "disclosure": "Sponsor expedition layer. Pins and videos are Timothy Alberino / Alberino Analysis / Nephcon presentation — not DigIntoScripture dig consensus. Nephilim/Watchers/catastrophe framing is contested versus mainstream archaeology and Second Temple scholarship. Core OT/NT layers stay free and separate (Qumran already carries Alberino embeds with contested-framing disclosure). Sales / book / members / conference links do not raise dig-consensus confidence."
          },
          {
            "embed": "https://www.youtube.com/embed/93SmUuKAdcw",
            "provider": "youtube",
            "title": "The Alberino Analysis - Elongated Skulls: Episode I",
            "source": "https://www.youtube.com/watch?v=93SmUuKAdcw",
            "label": "Sponsor video (Alberino Analysis)",
            "disclosure": "Sponsor expedition layer. Pins and videos are Timothy Alberino / Alberino Analysis / Nephcon presentation — not DigIntoScripture dig consensus. Nephilim/Watchers/catastrophe framing is contested versus mainstream archaeology and Second Temple scholarship. Core OT/NT layers stay free and separate (Qumran already carries Alberino embeds with contested-framing disclosure). Sales / book / members / conference links do not raise dig-consensus confidence."
          },
          {
            "embed": "https://www.youtube.com/embed/zW-f_4lWn0c",
            "provider": "youtube",
            "title": "Paracas Skulls DNA, Nephilim, and Phoenicians | Timothy Alberino talks with L.A. Marzulli",
            "source": "https://www.youtube.com/watch?v=zW-f_4lWn0c",
            "label": "Sponsor video (Alberino Analysis)",
            "disclosure": "Sponsor expedition layer. Pins and videos are Timothy Alberino / Alberino Analysis / Nephcon presentation — not DigIntoScripture dig consensus. Nephilim/Watchers/catastrophe framing is contested versus mainstream archaeology and Second Temple scholarship. Core OT/NT layers stay free and separate (Qumran already carries Alberino embeds with contested-framing disclosure). Sales / book / members / conference links do not raise dig-consensus confidence."
          },
          {
            "embed": "https://www.youtube.com/embed/8YJorJ7qMsY",
            "provider": "youtube",
            "title": "The Alberino Analysis - Elongated Skulls: Episode 2",
            "source": "https://www.youtube.com/watch?v=8YJorJ7qMsY",
            "label": "Sponsor video (Alberino Analysis)",
            "disclosure": "Sponsor expedition layer. Pins and videos are Timothy Alberino / Alberino Analysis / Nephcon presentation — not DigIntoScripture dig consensus. Nephilim/Watchers/catastrophe framing is contested versus mainstream archaeology and Second Temple scholarship. Core OT/NT layers stay free and separate (Qumran already carries Alberino embeds with contested-framing disclosure). Sales / book / members / conference links do not raise dig-consensus confidence."
          }
        ],
        "sponsor_cta_label": "Their content (paywall)",
        "sponsor_cta_url": "https://thealberinoanalysis.com/",
        "sponsor_cta_host": "thealberinoanalysis.com",
        "sponsor_cta_alt_url": "https://timothyalberino.com/",
        "sponsor_cta_alt_label": "Timothy Alberino (site)",
        "sponsor_book_cta_label": "Buy their book",
        "sponsor_book_cta_url": "https://www.amazon.com/Birthright-Posthuman-Apocalypse-Usurpation-Dominion/dp/B08M83XF8W",
        "sponsor_book_cta_host": "amazon.com",
        "affiliate_disclosed": true,
        "affiliate_note": "Sponsor / affiliate disclosure — outbound Amazon product link only; DigIntoScripture affiliate not negotiated yet.",
        "disclosure": "Sponsor expedition layer. Pins and videos are Timothy Alberino / Alberino Analysis / Nephcon presentation — not DigIntoScripture dig consensus. Nephilim/Watchers/catastrophe framing is contested versus mainstream archaeology and Second Temple scholarship. Core OT/NT layers stay free and separate (Qumran already carries Alberino embeds with contested-framing disclosure). Sales / book / members / conference links do not raise dig-consensus confidence.",
        "ministry_label": "Timothy Alberino is an author/explorer/lecturer (Birthright; Book of Enoch commentary) whose Alberino Analysis members community and NephCon conference package alternative history, megaliths, Nephilim/Watchers theology, and UFO/disclosure topics. Channel presentation ≠ peer-reviewed dig consensus. Chip off-by-default.",
        "eras": [
          "Paracas culture (Early Horizon / Early Intermediate)",
          "Modern visit / expedition"
        ],
        "sources": "Alberino Analysis YouTube embeds (Elongated Skulls Episodes I–II; Paracas Marzulli talk; Mondo Gonzales Paracas update). Official site timothyalberino.com.",
        "status_kind": "visitor",
        "mgrs": "18LUK6492466662",
        "region_bucket": "SA",
        "visit_confirmed": true,
        "what_he_shows": "Coastal desert walks, subterranean structures, elongated-skull museum/field samples, drone survey.",
        "coord_precision": "town",
        "country": "Peru"
      }
    },
    {
      "type": "Feature",
      "geometry": {
        "type": "Point",
        "coordinates": [
          -76.103928,
          -13.703829
        ]
      },
      "properties": {
        "id": "SPN-alberino-11",
        "layer": "sponsor:alberino",
        "name": "Chongos necropolis (Paracas)",
        "sponsor_id": "alberino",
        "sponsor_label": "Expedition: Alberino (sponsor)",
        "found": "In Paracas fieldwork updates Alberino describes going out to the Chongos pyramid / necropolis complex and flying a drone over an adobe pyramid.",
        "support": "ZjF0snXa-BM transcript: team goes out to the Chongos pyramid / Chongos necropolis complex and drones the adobe pyramid. Tied to the same Paracas elongated-skull research trip.",
        "notes": "Coords are a Pisco-valley town-region estimate, not a surveyed dig point — marked uncertain. Adobe platform mounds exist in the Paracas/Pisco hinterland; channel’s giant/Nephilim packaging is contested. Visitor pin.",
        "surveyor_solidity": "weak",
        "surveyor_caveat": "Alberino’s Nephilim/Watchers/catastrophe framing is contested versus mainstream archaeology and dig consensus. Channel / expedition presentation only — not DigIntoScripture dig consensus. Holy Bible remains canon. Uncertain exact coordinates. Contested Nephilim framing; not dig consensus.",
        "gospel_hook": "",
        "related_videos": [
          {
            "embed": "https://www.youtube.com/embed/ZjF0snXa-BM",
            "provider": "youtube",
            "title": "Amazing Discoveries in Paracas, Peru | Mondo Gonzales",
            "source": "https://www.youtube.com/watch?v=ZjF0snXa-BM",
            "label": "Sponsor video (Alberino Analysis)",
            "disclosure": "Sponsor expedition layer. Pins and videos are Timothy Alberino / Alberino Analysis / Nephcon presentation — not DigIntoScripture dig consensus. Nephilim/Watchers/catastrophe framing is contested versus mainstream archaeology and Second Temple scholarship. Core OT/NT layers stay free and separate (Qumran already carries Alberino embeds with contested-framing disclosure). Sales / book / members / conference links do not raise dig-consensus confidence."
          },
          {
            "embed": "https://www.youtube.com/embed/zW-f_4lWn0c",
            "provider": "youtube",
            "title": "Paracas Skulls DNA, Nephilim, and Phoenicians | Timothy Alberino talks with L.A. Marzulli",
            "source": "https://www.youtube.com/watch?v=zW-f_4lWn0c",
            "label": "Sponsor video (Alberino Analysis)",
            "disclosure": "Sponsor expedition layer. Pins and videos are Timothy Alberino / Alberino Analysis / Nephcon presentation — not DigIntoScripture dig consensus. Nephilim/Watchers/catastrophe framing is contested versus mainstream archaeology and Second Temple scholarship. Core OT/NT layers stay free and separate (Qumran already carries Alberino embeds with contested-framing disclosure). Sales / book / members / conference links do not raise dig-consensus confidence."
          }
        ],
        "sponsor_cta_label": "Their content (paywall)",
        "sponsor_cta_url": "https://thealberinoanalysis.com/",
        "sponsor_cta_host": "thealberinoanalysis.com",
        "sponsor_cta_alt_url": "https://timothyalberino.com/",
        "sponsor_cta_alt_label": "Timothy Alberino (site)",
        "sponsor_book_cta_label": "Buy their book",
        "sponsor_book_cta_url": "https://www.amazon.com/Birthright-Posthuman-Apocalypse-Usurpation-Dominion/dp/B08M83XF8W",
        "sponsor_book_cta_host": "amazon.com",
        "affiliate_disclosed": true,
        "affiliate_note": "Sponsor / affiliate disclosure — outbound Amazon product link only; DigIntoScripture affiliate not negotiated yet.",
        "disclosure": "Sponsor expedition layer. Pins and videos are Timothy Alberino / Alberino Analysis / Nephcon presentation — not DigIntoScripture dig consensus. Nephilim/Watchers/catastrophe framing is contested versus mainstream archaeology and Second Temple scholarship. Core OT/NT layers stay free and separate (Qumran already carries Alberino embeds with contested-framing disclosure). Sales / book / members / conference links do not raise dig-consensus confidence.",
        "ministry_label": "Timothy Alberino is an author/explorer/lecturer (Birthright; Book of Enoch commentary) whose Alberino Analysis members community and NephCon conference package alternative history, megaliths, Nephilim/Watchers theology, and UFO/disclosure topics. Channel presentation ≠ peer-reviewed dig consensus. Chip off-by-default.",
        "eras": [
          "Paracas / Topará hinterland",
          "Modern visit / expedition"
        ],
        "sources": "Alberino Analysis YouTube embeds (Paracas Mondo Gonzales interview; Paracas Marzulli talk). Official site timothyalberino.com.",
        "status_kind": "visitor",
        "mgrs": "18LUK8062884755",
        "region_bucket": "SA",
        "visit_confirmed": true,
        "what_he_shows": "Drone / on-site look at adobe pyramid–necropolis complex in Paracas hinterland.",
        "coord_precision": "uncertain",
        "country": "Peru"
      }
    },
    {
      "type": "Feature",
      "geometry": {
        "type": "Point",
        "coordinates": [
          -76.316432,
          -13.801532
        ]
      },
      "properties": {
        "id": "SPN-alberino-12",
        "layer": "sponsor:alberino",
        "name": "Paracas Candelabra geoglyph",
        "sponsor_id": "alberino",
        "sponsor_label": "Expedition: Alberino (sponsor)",
        "found": "On-site investigation of the Candelabra (Candelabro) geoglyph overlooking the Bay of Paracas with Anselm Pi Rambla and Gary Heavin.",
        "support": "timothyalberino.com/pics: ‘investigating the enigmatic Candelabro’ / ‘Candelabra geoglyph in the Bay of Paracas’ with Pi Rambla and Heavin.",
        "notes": "Geoglyph itself is a real, visitor-known coastal landmark; Alberino’s treasure/lost-civilization packaging around Paracas fieldwork is contested versus mainstream interpretations.",
        "surveyor_solidity": "mixed",
        "surveyor_caveat": "Geoglyph itself is a real, visitor-known coastal landmark; Alberino’s treasure/lost-civilization packaging around Paracas fieldwork is contested versus mainstream interpretations.",
        "gospel_hook": "",
        "related_videos": [
          {
            "embed": "https://www.youtube.com/embed/ZjF0snXa-BM",
            "provider": "youtube",
            "title": "Amazing Discoveries in Paracas, Peru | Mondo Gonzales",
            "source": "https://www.youtube.com/watch?v=ZjF0snXa-BM",
            "label": "Sponsor video (Alberino Analysis)",
            "disclosure": "Sponsor expedition layer. Pins and videos are Timothy Alberino / Alberino Analysis / Nephcon presentation — not DigIntoScripture dig consensus. Nephilim/Watchers/catastrophe framing is contested versus mainstream archaeology and Second Temple scholarship. Core OT/NT layers stay free and separate (Qumran already carries Alberino embeds with contested-framing disclosure). Sales / book / members / conference links do not raise dig-consensus confidence."
          }
        ],
        "sponsor_cta_label": "Their content (paywall)",
        "sponsor_cta_url": "https://thealberinoanalysis.com/",
        "sponsor_cta_host": "thealberinoanalysis.com",
        "sponsor_cta_alt_url": "https://timothyalberino.com/",
        "sponsor_cta_alt_label": "Timothy Alberino (site)",
        "sponsor_book_cta_label": "Buy their book",
        "sponsor_book_cta_url": "https://www.amazon.com/Birthright-Posthuman-Apocalypse-Usurpation-Dominion/dp/B08M83XF8W",
        "sponsor_book_cta_host": "amazon.com",
        "affiliate_disclosed": true,
        "affiliate_note": "Sponsor / affiliate disclosure — outbound Amazon product link only; DigIntoScripture affiliate not negotiated yet.",
        "disclosure": "Sponsor expedition layer. Pins and videos are Timothy Alberino / Alberino Analysis / Nephcon presentation — not DigIntoScripture dig consensus. Nephilim/Watchers/catastrophe framing is contested versus mainstream archaeology and Second Temple scholarship. Core OT/NT layers stay free and separate (Qumran already carries Alberino embeds with contested-framing disclosure). Sales / book / members / conference links do not raise dig-consensus confidence.",
        "ministry_label": "Timothy Alberino is an author/explorer/lecturer (Birthright; Book of Enoch commentary) whose Alberino Analysis members community and NephCon conference package alternative history, megaliths, Nephilim/Watchers theology, and UFO/disclosure topics. Channel presentation ≠ peer-reviewed dig consensus. Chip off-by-default.",
        "eras": [
          "Paracas culture",
          "Early Horizon / Andean"
        ],
        "sources": "timothyalberino.com/pics (outbound); related Paracas YouTube embeds.",
        "status_kind": "visitor",
        "mgrs": "18LUK5770573833",
        "region_bucket": "SA"
      }
    },
    {
      "type": "Feature",
      "geometry": {
        "type": "Point",
        "coordinates": [
          -76.449702,
          -13.839547
        ]
      },
      "properties": {
        "id": "SPN-alberino-13",
        "layer": "sponsor:alberino",
        "name": "San Gallán Island (Paracas)",
        "sponsor_id": "alberino",
        "sponsor_label": "Expedition: Alberino (sponsor)",
        "found": "Pics page documents Alberino filming seals on San Gallán Island during Paracas-bay expedition work.",
        "support": "timothyalberino.com/pics: ‘Timothy Alberino filming seals on the island of San Gallán, Peru.’ Part of Bay of Paracas expedition cluster.",
        "notes": "Wildlife/filming stop tied to Paracas expedition — not an excavation dig. Included as documented on-water expedition locus.",
        "surveyor_solidity": "mixed",
        "surveyor_caveat": "Wildlife/filming stop tied to Paracas expedition — not an excavation dig. Included as documented on-water expedition locus.",
        "gospel_hook": "",
        "related_videos": [
          {
            "embed": "https://www.youtube.com/embed/ZjF0snXa-BM",
            "provider": "youtube",
            "title": "Amazing Discoveries in Paracas, Peru | Mondo Gonzales",
            "source": "https://www.youtube.com/watch?v=ZjF0snXa-BM",
            "label": "Sponsor video (Alberino Analysis)",
            "disclosure": "Sponsor expedition layer. Pins and videos are Timothy Alberino / Alberino Analysis / Nephcon presentation — not DigIntoScripture dig consensus. Nephilim/Watchers/catastrophe framing is contested versus mainstream archaeology and Second Temple scholarship. Core OT/NT layers stay free and separate (Qumran already carries Alberino embeds with contested-framing disclosure). Sales / book / members / conference links do not raise dig-consensus confidence."
          }
        ],
        "sponsor_cta_label": "Their content (paywall)",
        "sponsor_cta_url": "https://thealberinoanalysis.com/",
        "sponsor_cta_host": "thealberinoanalysis.com",
        "sponsor_cta_alt_url": "https://timothyalberino.com/",
        "sponsor_cta_alt_label": "Timothy Alberino (site)",
        "sponsor_book_cta_label": "Buy their book",
        "sponsor_book_cta_url": "https://www.amazon.com/Birthright-Posthuman-Apocalypse-Usurpation-Dominion/dp/B08M83XF8W",
        "sponsor_book_cta_host": "amazon.com",
        "affiliate_disclosed": true,
        "affiliate_note": "Sponsor / affiliate disclosure — outbound Amazon product link only; DigIntoScripture affiliate not negotiated yet.",
        "disclosure": "Sponsor expedition layer. Pins and videos are Timothy Alberino / Alberino Analysis / Nephcon presentation — not DigIntoScripture dig consensus. Nephilim/Watchers/catastrophe framing is contested versus mainstream archaeology and Second Temple scholarship. Core OT/NT layers stay free and separate (Qumran already carries Alberino embeds with contested-framing disclosure). Sales / book / members / conference links do not raise dig-consensus confidence.",
        "ministry_label": "Timothy Alberino is an author/explorer/lecturer (Birthright; Book of Enoch commentary) whose Alberino Analysis members community and NephCon conference package alternative history, megaliths, Nephilim/Watchers theology, and UFO/disclosure topics. Channel presentation ≠ peer-reviewed dig consensus. Chip off-by-default.",
        "eras": [
          "Modern / visitor"
        ],
        "sources": "timothyalberino.com/pics (outbound).",
        "status_kind": "visitor",
        "mgrs": "18LUK4332269544",
        "region_bucket": "SA"
      }
    },
    {
      "type": "Feature",
      "geometry": {
        "type": "Point",
        "coordinates": [
          -77.0709,
          -12.072785
        ]
      },
      "properties": {
        "id": "SPN-alberino-14",
        "layer": "sponsor:alberino",
        "name": "Lima — elongated skull / artifact examination",
        "sponsor_id": "alberino",
        "sponsor_label": "Expedition: Alberino (sponsor)",
        "found": "In Lima examining elongated-skull mummy material and Moche pottery with L.A. Marzulli, Chase Kloetzke, and Gary Heavin (pics page).",
        "support": "timothyalberino.com/pics: elongated skull mummy in Lima; Moche pottery artifacts in Lima with Marzulli/Heavin. Pin near Larco Museum district as approximate Lima research stop (exact private collection locus not published).",
        "notes": "Paracas culture, necropolis remains, and coastal geoglyphs are real Andean archaeology; elongated-skull Nephilim/hybrid / non-indigenous DNA framing is contested versus mainstream bioarchaeology (cranial modification). Embed as sponsor/channel fieldwork presentation only. Exact Lima collection address not published; coordinates approximate to Miraflores/Larco museum district.",
        "surveyor_solidity": "mixed",
        "surveyor_caveat": "Paracas culture, necropolis remains, and coastal geoglyphs are real Andean archaeology; elongated-skull Nephilim/hybrid / non-indigenous DNA framing is contested versus mainstream bioarchaeology (cranial modification). Embed as sponsor/channel fieldwork presentation only. Exact Lima collection address not published; coordinates approximate to Miraflores/Larco museum district.",
        "gospel_hook": "",
        "related_videos": [
          {
            "embed": "https://www.youtube.com/embed/93SmUuKAdcw",
            "provider": "youtube",
            "title": "The Alberino Analysis - Elongated Skulls: Episode I",
            "source": "https://www.youtube.com/watch?v=93SmUuKAdcw",
            "label": "Sponsor video (Alberino Analysis)",
            "disclosure": "Sponsor expedition layer. Pins and videos are Timothy Alberino / Alberino Analysis / Nephcon presentation — not DigIntoScripture dig consensus. Nephilim/Watchers/catastrophe framing is contested versus mainstream archaeology and Second Temple scholarship. Core OT/NT layers stay free and separate (Qumran already carries Alberino embeds with contested-framing disclosure). Sales / book / members / conference links do not raise dig-consensus confidence."
          },
          {
            "embed": "https://www.youtube.com/embed/zW-f_4lWn0c",
            "provider": "youtube",
            "title": "Paracas Skulls DNA, Nephilim, and Phoenicians | Timothy Alberino talks with L.A. Marzulli",
            "source": "https://www.youtube.com/watch?v=zW-f_4lWn0c",
            "label": "Sponsor video (Alberino Analysis)",
            "disclosure": "Sponsor expedition layer. Pins and videos are Timothy Alberino / Alberino Analysis / Nephcon presentation — not DigIntoScripture dig consensus. Nephilim/Watchers/catastrophe framing is contested versus mainstream archaeology and Second Temple scholarship. Core OT/NT layers stay free and separate (Qumran already carries Alberino embeds with contested-framing disclosure). Sales / book / members / conference links do not raise dig-consensus confidence."
          }
        ],
        "sponsor_cta_label": "Their content (paywall)",
        "sponsor_cta_url": "https://thealberinoanalysis.com/",
        "sponsor_cta_host": "thealberinoanalysis.com",
        "sponsor_cta_alt_url": "https://timothyalberino.com/",
        "sponsor_cta_alt_label": "Timothy Alberino (site)",
        "sponsor_book_cta_label": "Buy their book",
        "sponsor_book_cta_url": "https://www.amazon.com/Birthright-Posthuman-Apocalypse-Usurpation-Dominion/dp/B08M83XF8W",
        "sponsor_book_cta_host": "amazon.com",
        "affiliate_disclosed": true,
        "affiliate_note": "Sponsor / affiliate disclosure — outbound Amazon product link only; DigIntoScripture affiliate not negotiated yet.",
        "disclosure": "Sponsor expedition layer. Pins and videos are Timothy Alberino / Alberino Analysis / Nephcon presentation — not DigIntoScripture dig consensus. Nephilim/Watchers/catastrophe framing is contested versus mainstream archaeology and Second Temple scholarship. Core OT/NT layers stay free and separate (Qumran already carries Alberino embeds with contested-framing disclosure). Sales / book / members / conference links do not raise dig-consensus confidence.",
        "ministry_label": "Timothy Alberino is an author/explorer/lecturer (Birthright; Book of Enoch commentary) whose Alberino Analysis members community and NephCon conference package alternative history, megaliths, Nephilim/Watchers theology, and UFO/disclosure topics. Channel presentation ≠ peer-reviewed dig consensus. Chip off-by-default.",
        "eras": [
          "Paracas culture",
          "Moche"
        ],
        "sources": "Alberino Analysis YouTube (embed); timothyalberino.com/pics (outbound).",
        "status_kind": "visitor",
        "mgrs": "18LTM7457964545",
        "region_bucket": "SA"
      }
    },
    {
      "type": "Feature",
      "geometry": {
        "type": "Point",
        "coordinates": [
          -75.733409,
          -14.087589
        ]
      },
      "properties": {
        "id": "SPN-alberino-15",
        "layer": "sponsor:alberino",
        "name": "Ica — Universidad Nacional San Luis Gonzaga (tridactyl specimens)",
        "sponsor_id": "alberino",
        "sponsor_label": "Expedition: Alberino (sponsor)",
        "found": "Alberino reports DNA tooth extractions on elongated skulls allowed through Ica museum channels, and a later invite from Dr. Roger Zuñiga at the University of Ica to examine tridactyl “alien mummy” specimens.",
        "support": "ZjF0snXa-BM: DNA extractions at the Ica Museum. G_HEPYHO55o / haNBttoDpGU: invited by Dr. Zuñiga at University of Ica to view tridactyl specimens (analysis reserved for later video). Town-center pin for Ica.",
        "notes": "Museum visits and specimen exams are channel-reported. Tridactyl mummy authenticity is heavily contested (many scientists call them modern fabrications). Elongated-skull genetics claims also contested. Pin marks the town where he says exams happened — not dig consensus. Nazca mummy claims kept weak; no separate Nazca-mummy pin.",
        "surveyor_solidity": "weak",
        "surveyor_caveat": "Alberino’s Nephilim/Watchers/catastrophe framing is contested versus mainstream archaeology and dig consensus. Channel / expedition presentation only — not DigIntoScripture dig consensus. Holy Bible remains canon. Tridactyl mummy claims are highly contested. DNA/origin claims for Paracas skulls are contested vs mainstream bioarchaeology.",
        "gospel_hook": "",
        "related_videos": [
          {
            "embed": "https://www.youtube.com/embed/ZjF0snXa-BM",
            "provider": "youtube",
            "title": "Amazing Discoveries in Paracas, Peru | Mondo Gonzales",
            "source": "https://www.youtube.com/watch?v=ZjF0snXa-BM",
            "label": "Sponsor video (Alberino Analysis)",
            "disclosure": "Sponsor expedition layer. Pins and videos are Timothy Alberino / Alberino Analysis / Nephcon presentation — not DigIntoScripture dig consensus. Nephilim/Watchers/catastrophe framing is contested versus mainstream archaeology and Second Temple scholarship. Core OT/NT layers stay free and separate (Qumran already carries Alberino embeds with contested-framing disclosure). Sales / book / members / conference links do not raise dig-consensus confidence."
          },
          {
            "embed": "https://www.youtube.com/embed/G_HEPYHO55o",
            "provider": "youtube",
            "title": "Megaliths Discovered in the Amazon Jungle | A Lost City of Giants?",
            "source": "https://www.youtube.com/watch?v=G_HEPYHO55o",
            "label": "Sponsor video (Alberino Analysis)",
            "disclosure": "Sponsor expedition layer. Pins and videos are Timothy Alberino / Alberino Analysis / Nephcon presentation — not DigIntoScripture dig consensus. Nephilim/Watchers/catastrophe framing is contested versus mainstream archaeology and Second Temple scholarship. Core OT/NT layers stay free and separate (Qumran already carries Alberino embeds with contested-framing disclosure). Sales / book / members / conference links do not raise dig-consensus confidence."
          },
          {
            "embed": "https://www.youtube.com/embed/haNBttoDpGU",
            "provider": "youtube",
            "title": "Alien Mummies, Megaliths in the Amazon, & Secrets Beneath the Pyramids of Giza | Quite Frankly",
            "source": "https://www.youtube.com/watch?v=haNBttoDpGU",
            "label": "Sponsor video (Alberino Analysis)",
            "disclosure": "Sponsor expedition layer. Pins and videos are Timothy Alberino / Alberino Analysis / Nephcon presentation — not DigIntoScripture dig consensus. Nephilim/Watchers/catastrophe framing is contested versus mainstream archaeology and Second Temple scholarship. Core OT/NT layers stay free and separate (Qumran already carries Alberino embeds with contested-framing disclosure). Sales / book / members / conference links do not raise dig-consensus confidence."
          },
          {
            "embed": "https://www.youtube.com/embed/9_m0JMAy2I0",
            "provider": "youtube",
            "title": "Are the Nazca Tridactyl \"Alien\" Mummies Real?",
            "source": "https://www.youtube.com/watch?v=9_m0JMAy2I0",
            "label": "Sponsor video (Alberino Analysis)",
            "disclosure": "Sponsor expedition layer. Pins and videos are Timothy Alberino / Alberino Analysis / Nephcon presentation — not DigIntoScripture dig consensus. Nephilim/Watchers/catastrophe framing is contested versus mainstream archaeology and Second Temple scholarship. Core OT/NT layers stay free and separate (Qumran already carries Alberino embeds with contested-framing disclosure). Sales / book / members / conference links do not raise dig-consensus confidence."
          }
        ],
        "sponsor_cta_label": "Their content (paywall)",
        "sponsor_cta_url": "https://thealberinoanalysis.com/",
        "sponsor_cta_host": "thealberinoanalysis.com",
        "sponsor_cta_alt_url": "https://timothyalberino.com/",
        "sponsor_cta_alt_label": "Timothy Alberino (site)",
        "sponsor_book_cta_label": "Buy their book",
        "sponsor_book_cta_url": "https://www.amazon.com/Birthright-Posthuman-Apocalypse-Usurpation-Dominion/dp/B08M83XF8W",
        "sponsor_book_cta_host": "amazon.com",
        "affiliate_disclosed": true,
        "affiliate_note": "Sponsor / affiliate disclosure — outbound Amazon product link only; DigIntoScripture affiliate not negotiated yet.",
        "disclosure": "Sponsor expedition layer. Pins and videos are Timothy Alberino / Alberino Analysis / Nephcon presentation — not DigIntoScripture dig consensus. Nephilim/Watchers/catastrophe framing is contested versus mainstream archaeology and Second Temple scholarship. Core OT/NT layers stay free and separate (Qumran already carries Alberino embeds with contested-framing disclosure). Sales / book / members / conference links do not raise dig-consensus confidence.",
        "ministry_label": "Timothy Alberino is an author/explorer/lecturer (Birthright; Book of Enoch commentary) whose Alberino Analysis members community and NephCon conference package alternative history, megaliths, Nephilim/Watchers theology, and UFO/disclosure topics. Channel presentation ≠ peer-reviewed dig consensus. Chip off-by-default.",
        "eras": [
          "Modern visit / expedition",
          "Paracas collections"
        ],
        "sources": "Alberino Analysis YouTube embeds (Paracas update; Amazon megaliths / Ica invite; Quite Frankly; Nazca mummies analysis). Official site timothyalberino.com.",
        "status_kind": "visitor",
        "mgrs": "18LVK2082642463",
        "region_bucket": "SA",
        "visit_confirmed": true,
        "what_he_shows": "Museum / university specimen exams (elongated skulls; invited tridactyl mummy look).",
        "coord_precision": "town",
        "country": "Peru"
      }
    },
    {
      "type": "Feature",
      "geometry": {
        "type": "Point",
        "coordinates": [
          -75.13,
          -14.739
        ]
      },
      "properties": {
        "id": "SPN-alberino-16",
        "layer": "sponsor:alberino",
        "name": "Nazca desert (tridactyl findspot region)",
        "sponsor_id": "alberino",
        "sponsor_label": "Expedition: Alberino (sponsor)",
        "found": "Channel discussion of tridactyl mummy alleged discovery a few miles north of Nazca / near the Nazca Lines, after Alberino’s Ica University specimen examination.",
        "support": "9_m0JMAy2I0 recounts alleged 2015 grave-robber discovery north of Nazca; Alberino’s personal on-site locus for specimens is Ica University (separate pin). This pin marks the claimed desert find region he analyzes.",
        "notes": "Alberino states he examined Nazca-area tridactyl specimens in person at Universidad Nacional San Luis Gonzaga (Ica). Authenticity of the tridactyl mummies is heavily contested (many scientists treat them as modern fabrications). Embed as sponsor examination report only — not dig consensus. Findspot coordinates are approximate regional (Nazca Lines vicinity), not a surveyed trench.",
        "surveyor_solidity": "low",
        "surveyor_caveat": "Alberino states he examined Nazca-area tridactyl specimens in person at Universidad Nacional San Luis Gonzaga (Ica). Authenticity of the tridactyl mummies is heavily contested (many scientists treat them as modern fabrications). Embed as sponsor examination report only — not dig consensus. Findspot coordinates are approximate regional (Nazca Lines vicinity), not a surveyed trench.",
        "gospel_hook": "",
        "related_videos": [
          {
            "embed": "https://www.youtube.com/embed/9_m0JMAy2I0",
            "provider": "youtube",
            "title": "Are the Nazca Tridactyl \"Alien\" Mummies Real?",
            "source": "https://www.youtube.com/watch?v=9_m0JMAy2I0",
            "label": "Sponsor video (Alberino Analysis)",
            "disclosure": "Sponsor expedition layer. Pins and videos are Timothy Alberino / Alberino Analysis / Nephcon presentation — not DigIntoScripture dig consensus. Nephilim/Watchers/catastrophe framing is contested versus mainstream archaeology and Second Temple scholarship. Core OT/NT layers stay free and separate (Qumran already carries Alberino embeds with contested-framing disclosure). Sales / book / members / conference links do not raise dig-consensus confidence."
          }
        ],
        "sponsor_cta_label": "Their content (paywall)",
        "sponsor_cta_url": "https://thealberinoanalysis.com/",
        "sponsor_cta_host": "thealberinoanalysis.com",
        "sponsor_cta_alt_url": "https://timothyalberino.com/",
        "sponsor_cta_alt_label": "Timothy Alberino (site)",
        "sponsor_book_cta_label": "Buy their book",
        "sponsor_book_cta_url": "https://www.amazon.com/Birthright-Posthuman-Apocalypse-Usurpation-Dominion/dp/B08M83XF8W",
        "sponsor_book_cta_host": "amazon.com",
        "affiliate_disclosed": true,
        "affiliate_note": "Sponsor / affiliate disclosure — outbound Amazon product link only; DigIntoScripture affiliate not negotiated yet.",
        "disclosure": "Sponsor expedition layer. Pins and videos are Timothy Alberino / Alberino Analysis / Nephcon presentation — not DigIntoScripture dig consensus. Nephilim/Watchers/catastrophe framing is contested versus mainstream archaeology and Second Temple scholarship. Core OT/NT layers stay free and separate (Qumran already carries Alberino embeds with contested-framing disclosure). Sales / book / members / conference links do not raise dig-consensus confidence.",
        "ministry_label": "Timothy Alberino is an author/explorer/lecturer (Birthright; Book of Enoch commentary) whose Alberino Analysis members community and NephCon conference package alternative history, megaliths, Nephilim/Watchers theology, and UFO/disclosure topics. Channel presentation ≠ peer-reviewed dig consensus. Chip off-by-default.",
        "eras": [
          "Modern / contested anomaly"
        ],
        "sources": "Alberino Analysis YouTube (embed).",
        "status_kind": "visitor",
        "mgrs": "18LVJ8600770537",
        "region_bucket": "SA"
      }
    },
    {
      "type": "Feature",
      "geometry": {
        "type": "Point",
        "coordinates": [
          -76.359871,
          -6.48772
        ]
      },
      "properties": {
        "id": "SPN-alberino-17",
        "layer": "sponsor:alberino",
        "name": "Tarapoto (San Martín Amazon hub)",
        "sponsor_id": "alberino",
        "sponsor_label": "Expedition: Alberino (sponsor)",
        "found": "On the Capoi expedition Alberino notes traveling through Tarapoto — where two of his sons were born — en route from Iquitos to Moyobamba.",
        "support": "G_HEPYHO55o: “made our way from Iikidos to Tarapoto, where two of my sons were born, and then to Moyabomba.” Confirms long Peru residence.",
        "notes": "Biographical / transit visitor pin supporting the San Martín megalith hunt. Not a dig site.",
        "surveyor_solidity": "weak",
        "surveyor_caveat": "Alberino’s Nephilim/Watchers/catastrophe framing is contested versus mainstream archaeology and dig consensus. Channel / expedition presentation only — not DigIntoScripture dig consensus. Holy Bible remains canon. Biographical town pin, not archaeology.",
        "gospel_hook": "",
        "related_videos": [
          {
            "embed": "https://www.youtube.com/embed/G_HEPYHO55o",
            "provider": "youtube",
            "title": "Megaliths Discovered in the Amazon Jungle | A Lost City of Giants?",
            "source": "https://www.youtube.com/watch?v=G_HEPYHO55o",
            "label": "Sponsor video (Alberino Analysis)",
            "disclosure": "Sponsor expedition layer. Pins and videos are Timothy Alberino / Alberino Analysis / Nephcon presentation — not DigIntoScripture dig consensus. Nephilim/Watchers/catastrophe framing is contested versus mainstream archaeology and Second Temple scholarship. Core OT/NT layers stay free and separate (Qumran already carries Alberino embeds with contested-framing disclosure). Sales / book / members / conference links do not raise dig-consensus confidence."
          },
          {
            "embed": "https://www.youtube.com/embed/tEX75mhio9c",
            "provider": "youtube",
            "title": "High Strangeness in the Cloud Forest of Peru",
            "source": "https://www.youtube.com/watch?v=tEX75mhio9c",
            "label": "Sponsor video (Alberino Analysis)",
            "disclosure": "Sponsor expedition layer. Pins and videos are Timothy Alberino / Alberino Analysis / Nephcon presentation — not DigIntoScripture dig consensus. Nephilim/Watchers/catastrophe framing is contested versus mainstream archaeology and Second Temple scholarship. Core OT/NT layers stay free and separate (Qumran already carries Alberino embeds with contested-framing disclosure). Sales / book / members / conference links do not raise dig-consensus confidence."
          }
        ],
        "sponsor_cta_label": "Their content (paywall)",
        "sponsor_cta_url": "https://thealberinoanalysis.com/",
        "sponsor_cta_host": "thealberinoanalysis.com",
        "sponsor_cta_alt_url": "https://timothyalberino.com/",
        "sponsor_cta_alt_label": "Timothy Alberino (site)",
        "sponsor_book_cta_label": "Buy their book",
        "sponsor_book_cta_url": "https://www.amazon.com/Birthright-Posthuman-Apocalypse-Usurpation-Dominion/dp/B08M83XF8W",
        "sponsor_book_cta_host": "amazon.com",
        "affiliate_disclosed": true,
        "affiliate_note": "Sponsor / affiliate disclosure — outbound Amazon product link only; DigIntoScripture affiliate not negotiated yet.",
        "disclosure": "Sponsor expedition layer. Pins and videos are Timothy Alberino / Alberino Analysis / Nephcon presentation — not DigIntoScripture dig consensus. Nephilim/Watchers/catastrophe framing is contested versus mainstream archaeology and Second Temple scholarship. Core OT/NT layers stay free and separate (Qumran already carries Alberino embeds with contested-framing disclosure). Sales / book / members / conference links do not raise dig-consensus confidence.",
        "ministry_label": "Timothy Alberino is an author/explorer/lecturer (Birthright; Book of Enoch commentary) whose Alberino Analysis members community and NephCon conference package alternative history, megaliths, Nephilim/Watchers theology, and UFO/disclosure topics. Channel presentation ≠ peer-reviewed dig consensus. Chip off-by-default.",
        "eras": [
          "Modern visit / residence"
        ],
        "sources": "Alberino Analysis YouTube embed (Amazon megaliths field report). Official site timothyalberino.com.",
        "status_kind": "visitor",
        "mgrs": "18MUT4962982679",
        "region_bucket": "SA",
        "visit_confirmed": true,
        "what_he_shows": "Transit hub and family base on Amazon–high-jungle expeditions.",
        "coord_precision": "town",
        "country": "Peru"
      }
    },
    {
      "type": "Feature",
      "geometry": {
        "type": "Point",
        "coordinates": [
          -76.35,
          -6.5
        ]
      },
      "properties": {
        "id": "SPN-alberino-18",
        "layer": "sponsor:alberino",
        "name": "Huallaga River / Amazon property (near Tarapoto)",
        "sponsor_id": "alberino",
        "sponsor_label": "Expedition: Alberino (sponsor)",
        "found": "Crossing the Huallaga River and hiking to Alberino’s Amazon jungle property with Anselm Pi Rambla / Gary Heavin — documented expedition logistics in San Martín.",
        "support": "timothyalberino.com/pics: crossing Huallaga River with Pi Rambla; hiking to Amazon property with Heavin. Coordinates approximate to Tarapoto/Huallaga corridor (private property exact pin not published).",
        "notes": "Private-property / river-crossing logistics pin — approximate corridor coordinates. Not a dig site.",
        "surveyor_solidity": "mixed",
        "surveyor_caveat": "Private-property / river-crossing logistics pin — approximate corridor coordinates. Not a dig site.",
        "gospel_hook": "",
        "related_videos": [
          {
            "embed": "https://www.youtube.com/embed/tEX75mhio9c",
            "provider": "youtube",
            "title": "High Strangeness in the Cloud Forest of Peru",
            "source": "https://www.youtube.com/watch?v=tEX75mhio9c",
            "label": "Sponsor video (Alberino Analysis)",
            "disclosure": "Sponsor expedition layer. Pins and videos are Timothy Alberino / Alberino Analysis / Nephcon presentation — not DigIntoScripture dig consensus. Nephilim/Watchers/catastrophe framing is contested versus mainstream archaeology and Second Temple scholarship. Core OT/NT layers stay free and separate (Qumran already carries Alberino embeds with contested-framing disclosure). Sales / book / members / conference links do not raise dig-consensus confidence."
          }
        ],
        "sponsor_cta_label": "Their content (paywall)",
        "sponsor_cta_url": "https://thealberinoanalysis.com/",
        "sponsor_cta_host": "thealberinoanalysis.com",
        "sponsor_cta_alt_url": "https://timothyalberino.com/",
        "sponsor_cta_alt_label": "Timothy Alberino (site)",
        "sponsor_book_cta_label": "Buy their book",
        "sponsor_book_cta_url": "https://www.amazon.com/Birthright-Posthuman-Apocalypse-Usurpation-Dominion/dp/B08M83XF8W",
        "sponsor_book_cta_host": "amazon.com",
        "affiliate_disclosed": true,
        "affiliate_note": "Sponsor / affiliate disclosure — outbound Amazon product link only; DigIntoScripture affiliate not negotiated yet.",
        "disclosure": "Sponsor expedition layer. Pins and videos are Timothy Alberino / Alberino Analysis / Nephcon presentation — not DigIntoScripture dig consensus. Nephilim/Watchers/catastrophe framing is contested versus mainstream archaeology and Second Temple scholarship. Core OT/NT layers stay free and separate (Qumran already carries Alberino embeds with contested-framing disclosure). Sales / book / members / conference links do not raise dig-consensus confidence.",
        "ministry_label": "Timothy Alberino is an author/explorer/lecturer (Birthright; Book of Enoch commentary) whose Alberino Analysis members community and NephCon conference package alternative history, megaliths, Nephilim/Watchers theology, and UFO/disclosure topics. Channel presentation ≠ peer-reviewed dig consensus. Chip off-by-default.",
        "eras": [
          "Modern / visitor"
        ],
        "sources": "timothyalberino.com/pics (outbound).",
        "status_kind": "visitor",
        "mgrs": "18MUT5072481324",
        "region_bucket": "SA"
      }
    },
    {
      "type": "Feature",
      "geometry": {
        "type": "Point",
        "coordinates": [
          -76.974677,
          -6.03473
        ]
      },
      "properties": {
        "id": "SPN-alberino-19",
        "layer": "sponsor:alberino",
        "name": "Moyobamba / Capoi region (Amazon megalith claims)",
        "sponsor_id": "alberino",
        "sponsor_label": "Expedition: Alberino (sponsor)",
        "found": "While in Moyobamba, Alberino met University of San Martín historian Abraham Sto and examined a reported cyclopean wall / corridor find Sto’s team tied to a Moyobamba–Chachapoyas–Gran Pajatén road network.",
        "support": "G_HEPYHO55o: meeting with Professor Sto in Moyobamba; preliminary field look at a wall Alberino calls authentic cyclopean style; Ox3p3uwjBNg discusses polygonal walls in the Capoi/Moyobamba investigations.",
        "notes": "Town-center pin for Moyobamba as staging hub + Sto collaboration. Exact wall property is private/uncertain — not published as an open dig pin. Contested lost-city/giants framing.",
        "surveyor_solidity": "mixed",
        "surveyor_caveat": "Alberino’s Nephilim/Watchers/catastrophe framing is contested versus mainstream archaeology and dig consensus. Channel / expedition presentation only — not DigIntoScripture dig consensus. Holy Bible remains canon. Private-property wall coords not published here. Contested giants/lost-city framing.",
        "gospel_hook": "",
        "related_videos": [
          {
            "embed": "https://www.youtube.com/embed/G_HEPYHO55o",
            "provider": "youtube",
            "title": "Megaliths Discovered in the Amazon Jungle | A Lost City of Giants?",
            "source": "https://www.youtube.com/watch?v=G_HEPYHO55o",
            "label": "Sponsor video (Alberino Analysis)",
            "disclosure": "Sponsor expedition layer. Pins and videos are Timothy Alberino / Alberino Analysis / Nephcon presentation — not DigIntoScripture dig consensus. Nephilim/Watchers/catastrophe framing is contested versus mainstream archaeology and Second Temple scholarship. Core OT/NT layers stay free and separate (Qumran already carries Alberino embeds with contested-framing disclosure). Sales / book / members / conference links do not raise dig-consensus confidence."
          },
          {
            "embed": "https://www.youtube.com/embed/Ox3p3uwjBNg",
            "provider": "youtube",
            "title": "Who is Hiding the Bones of Giants and Why? | The Common Sense Show",
            "source": "https://www.youtube.com/watch?v=Ox3p3uwjBNg",
            "label": "Sponsor video (Alberino Analysis)",
            "disclosure": "Sponsor expedition layer. Pins and videos are Timothy Alberino / Alberino Analysis / Nephcon presentation — not DigIntoScripture dig consensus. Nephilim/Watchers/catastrophe framing is contested versus mainstream archaeology and Second Temple scholarship. Core OT/NT layers stay free and separate (Qumran already carries Alberino embeds with contested-framing disclosure). Sales / book / members / conference links do not raise dig-consensus confidence."
          }
        ],
        "sponsor_cta_label": "Their content (paywall)",
        "sponsor_cta_url": "https://thealberinoanalysis.com/",
        "sponsor_cta_host": "thealberinoanalysis.com",
        "sponsor_cta_alt_url": "https://timothyalberino.com/",
        "sponsor_cta_alt_label": "Timothy Alberino (site)",
        "sponsor_book_cta_label": "Buy their book",
        "sponsor_book_cta_url": "https://www.amazon.com/Birthright-Posthuman-Apocalypse-Usurpation-Dominion/dp/B08M83XF8W",
        "sponsor_book_cta_host": "amazon.com",
        "affiliate_disclosed": true,
        "affiliate_note": "Sponsor / affiliate disclosure — outbound Amazon product link only; DigIntoScripture affiliate not negotiated yet.",
        "disclosure": "Sponsor expedition layer. Pins and videos are Timothy Alberino / Alberino Analysis / Nephcon presentation — not DigIntoScripture dig consensus. Nephilim/Watchers/catastrophe framing is contested versus mainstream archaeology and Second Temple scholarship. Core OT/NT layers stay free and separate (Qumran already carries Alberino embeds with contested-framing disclosure). Sales / book / members / conference links do not raise dig-consensus confidence.",
        "ministry_label": "Timothy Alberino is an author/explorer/lecturer (Birthright; Book of Enoch commentary) whose Alberino Analysis members community and NephCon conference package alternative history, megaliths, Nephilim/Watchers theology, and UFO/disclosure topics. Channel presentation ≠ peer-reviewed dig consensus. Chip off-by-default.",
        "eras": [
          "Late Intermediate / Inca frontier (regional archaeology)",
          "Modern visit / expedition"
        ],
        "sources": "Alberino Analysis YouTube embeds (Amazon megaliths field report; Common Sense Show). Official site timothyalberino.com.",
        "status_kind": "visitor",
        "mgrs": "18MTU8143432560",
        "region_bucket": "SA",
        "visit_confirmed": true,
        "what_he_shows": "Meeting + preliminary inspection of a reported cyclopean wall in the Alto Mayo / Moyobamba corridor.",
        "coord_precision": "town",
        "country": "Peru"
      }
    },
    {
      "type": "Feature",
      "geometry": {
        "type": "Point",
        "coordinates": [
          -73.7789,
          -3.7052
        ]
      },
      "properties": {
        "id": "SPN-alberino-20",
        "layer": "sponsor:alberino",
        "name": "San Antonio de Pintuyacu (Alto Nanay / face-peeler expedition)",
        "sponsor_id": "alberino",
        "sponsor_label": "Expedition: Alberino (sponsor)",
        "found": "Alberino mounted an Amazon expedition to San Antonio de Pintuyacu / Paku (Ikitu village, Alto Nanay) to investigate viral “alien attack” and face-peeler (pelacaras) reports, interviewing the apu and filming the village by day.",
        "support": "mpCxDqvT7lg after-action report; lOQzyv8z_iY expedition announcement; kG4YRwkSx9o / ACxYCasjRiE interview follow-ups. Lived years in nearby jungle as a young man.",
        "notes": "High-strangeness visitor pin. Alien-attack and face-peeler readings are unverified and heavily contested; crime, hoax, folklore, and media amplification are mainstream alternate explanations. Town centroid for the named community.",
        "surveyor_solidity": "weak",
        "surveyor_caveat": "Alberino’s Nephilim/Watchers/catastrophe framing is contested versus mainstream archaeology and dig consensus. Channel / expedition presentation only — not DigIntoScripture dig consensus. Holy Bible remains canon. Alien-attack / face-peeler claims are contested and unverified. Not archaeology dig consensus.",
        "gospel_hook": "",
        "related_videos": [
          {
            "embed": "https://www.youtube.com/embed/mpCxDqvT7lg",
            "provider": "youtube",
            "title": "Peru Alien Attack Expedition Report",
            "source": "https://www.youtube.com/watch?v=mpCxDqvT7lg",
            "label": "Sponsor video (Alberino Analysis)",
            "disclosure": "Sponsor expedition layer. Pins and videos are Timothy Alberino / Alberino Analysis / Nephcon presentation — not DigIntoScripture dig consensus. Nephilim/Watchers/catastrophe framing is contested versus mainstream archaeology and Second Temple scholarship. Core OT/NT layers stay free and separate (Qumran already carries Alberino embeds with contested-framing disclosure). Sales / book / members / conference links do not raise dig-consensus confidence."
          },
          {
            "embed": "https://www.youtube.com/embed/lOQzyv8z_iY",
            "provider": "youtube",
            "title": "Peru Alien Expedition and a Tribute to Tom Horn",
            "source": "https://www.youtube.com/watch?v=lOQzyv8z_iY",
            "label": "Sponsor video (Alberino Analysis)",
            "disclosure": "Sponsor expedition layer. Pins and videos are Timothy Alberino / Alberino Analysis / Nephcon presentation — not DigIntoScripture dig consensus. Nephilim/Watchers/catastrophe framing is contested versus mainstream archaeology and Second Temple scholarship. Core OT/NT layers stay free and separate (Qumran already carries Alberino embeds with contested-framing disclosure). Sales / book / members / conference links do not raise dig-consensus confidence."
          },
          {
            "embed": "https://www.youtube.com/embed/kG4YRwkSx9o",
            "provider": "youtube",
            "title": "Face Peelers in the Peruvian Amazon | David Nino Rodriguez",
            "source": "https://www.youtube.com/watch?v=kG4YRwkSx9o",
            "label": "Sponsor video (Alberino Analysis)",
            "disclosure": "Sponsor expedition layer. Pins and videos are Timothy Alberino / Alberino Analysis / Nephcon presentation — not DigIntoScripture dig consensus. Nephilim/Watchers/catastrophe framing is contested versus mainstream archaeology and Second Temple scholarship. Core OT/NT layers stay free and separate (Qumran already carries Alberino embeds with contested-framing disclosure). Sales / book / members / conference links do not raise dig-consensus confidence."
          },
          {
            "embed": "https://www.youtube.com/embed/ACxYCasjRiE",
            "provider": "youtube",
            "title": "High Strangeness in Peru | Blurry Creatures Podcast",
            "source": "https://www.youtube.com/watch?v=ACxYCasjRiE",
            "label": "Sponsor video (Alberino Analysis)",
            "disclosure": "Sponsor expedition layer. Pins and videos are Timothy Alberino / Alberino Analysis / Nephcon presentation — not DigIntoScripture dig consensus. Nephilim/Watchers/catastrophe framing is contested versus mainstream archaeology and Second Temple scholarship. Core OT/NT layers stay free and separate (Qumran already carries Alberino embeds with contested-framing disclosure). Sales / book / members / conference links do not raise dig-consensus confidence."
          }
        ],
        "sponsor_cta_label": "Their content (paywall)",
        "sponsor_cta_url": "https://thealberinoanalysis.com/",
        "sponsor_cta_host": "thealberinoanalysis.com",
        "sponsor_cta_alt_url": "https://timothyalberino.com/",
        "sponsor_cta_alt_label": "Timothy Alberino (site)",
        "sponsor_book_cta_label": "Buy their book",
        "sponsor_book_cta_url": "https://www.amazon.com/Birthright-Posthuman-Apocalypse-Usurpation-Dominion/dp/B08M83XF8W",
        "sponsor_book_cta_host": "amazon.com",
        "affiliate_disclosed": true,
        "affiliate_note": "Sponsor / affiliate disclosure — outbound Amazon product link only; DigIntoScripture affiliate not negotiated yet.",
        "disclosure": "Sponsor expedition layer. Pins and videos are Timothy Alberino / Alberino Analysis / Nephcon presentation — not DigIntoScripture dig consensus. Nephilim/Watchers/catastrophe framing is contested versus mainstream archaeology and Second Temple scholarship. Core OT/NT layers stay free and separate (Qumran already carries Alberino embeds with contested-framing disclosure). Sales / book / members / conference links do not raise dig-consensus confidence.",
        "ministry_label": "Timothy Alberino is an author/explorer/lecturer (Birthright; Book of Enoch commentary) whose Alberino Analysis members community and NephCon conference package alternative history, megaliths, Nephilim/Watchers theology, and UFO/disclosure topics. Channel presentation ≠ peer-reviewed dig consensus. Chip off-by-default.",
        "eras": [
          "Modern visit / expedition"
        ],
        "sources": "Alberino Analysis YouTube embeds (Peru Alien Attack Expedition Report; expedition announcement; Face Peelers interviews; Blurry Creatures Peru). Official site timothyalberino.com.",
        "status_kind": "visitor",
        "mgrs": "18MXA35609036",
        "region_bucket": "SA",
        "visit_confirmed": true,
        "what_he_shows": "On-site village interviews, daylight location matching of night videos, Amazon river travel — not megalith architecture.",
        "coord_precision": "town",
        "country": "Peru"
      }
    },
    {
      "type": "Feature",
      "geometry": {
        "type": "Point",
        "coordinates": [
          -73.244415,
          -3.749365
        ]
      },
      "properties": {
        "id": "SPN-alberino-21",
        "layer": "sponsor:alberino",
        "name": "Iquitos (Amazon logistics hub)",
        "sponsor_id": "alberino",
        "sponsor_label": "Expedition: Alberino (sponsor)",
        "found": "Iquitos is Alberino’s repeated Amazon logistics hub: chartered river boats up the Mazán to Gamitana (where he lived with a local family as a young man), staging for face-peeler and Capoi expeditions, and cloud-forest travelogues.",
        "support": "G_HEPYHO55o narrates travel to Iquitos and filming up the Mazán at Gamitana with Mike Cernovich’s crew before Capoi. mpCxDqvT7lg / tEX75mhio9c describe decade-long Peru/Amazon living and jungle village travel.",
        "notes": "Town pin for Iquitos as Amazon base. Gamitana exact riverside coords not published — stay at Iquitos town centroid. Contested high-strangeness packaging when tied to “alien” village stories.",
        "surveyor_solidity": "mixed",
        "surveyor_caveat": "Alberino’s Nephilim/Watchers/catastrophe framing is contested versus mainstream archaeology and dig consensus. Channel / expedition presentation only — not DigIntoScripture dig consensus. Holy Bible remains canon. Base-town pin. Contested alien/high-strangeness framing on linked Amazon stories.",
        "gospel_hook": "",
        "related_videos": [
          {
            "embed": "https://www.youtube.com/embed/G_HEPYHO55o",
            "provider": "youtube",
            "title": "Megaliths Discovered in the Amazon Jungle | A Lost City of Giants?",
            "source": "https://www.youtube.com/watch?v=G_HEPYHO55o",
            "label": "Sponsor video (Alberino Analysis)",
            "disclosure": "Sponsor expedition layer. Pins and videos are Timothy Alberino / Alberino Analysis / Nephcon presentation — not DigIntoScripture dig consensus. Nephilim/Watchers/catastrophe framing is contested versus mainstream archaeology and Second Temple scholarship. Core OT/NT layers stay free and separate (Qumran already carries Alberino embeds with contested-framing disclosure). Sales / book / members / conference links do not raise dig-consensus confidence."
          },
          {
            "embed": "https://www.youtube.com/embed/mpCxDqvT7lg",
            "provider": "youtube",
            "title": "Peru Alien Attack Expedition Report",
            "source": "https://www.youtube.com/watch?v=mpCxDqvT7lg",
            "label": "Sponsor video (Alberino Analysis)",
            "disclosure": "Sponsor expedition layer. Pins and videos are Timothy Alberino / Alberino Analysis / Nephcon presentation — not DigIntoScripture dig consensus. Nephilim/Watchers/catastrophe framing is contested versus mainstream archaeology and Second Temple scholarship. Core OT/NT layers stay free and separate (Qumran already carries Alberino embeds with contested-framing disclosure). Sales / book / members / conference links do not raise dig-consensus confidence."
          },
          {
            "embed": "https://www.youtube.com/embed/tEX75mhio9c",
            "provider": "youtube",
            "title": "High Strangeness in the Cloud Forest of Peru",
            "source": "https://www.youtube.com/watch?v=tEX75mhio9c",
            "label": "Sponsor video (Alberino Analysis)",
            "disclosure": "Sponsor expedition layer. Pins and videos are Timothy Alberino / Alberino Analysis / Nephcon presentation — not DigIntoScripture dig consensus. Nephilim/Watchers/catastrophe framing is contested versus mainstream archaeology and Second Temple scholarship. Core OT/NT layers stay free and separate (Qumran already carries Alberino embeds with contested-framing disclosure). Sales / book / members / conference links do not raise dig-consensus confidence."
          },
          {
            "embed": "https://www.youtube.com/embed/haNBttoDpGU",
            "provider": "youtube",
            "title": "Alien Mummies, Megaliths in the Amazon, & Secrets Beneath the Pyramids of Giza | Quite Frankly",
            "source": "https://www.youtube.com/watch?v=haNBttoDpGU",
            "label": "Sponsor video (Alberino Analysis)",
            "disclosure": "Sponsor expedition layer. Pins and videos are Timothy Alberino / Alberino Analysis / Nephcon presentation — not DigIntoScripture dig consensus. Nephilim/Watchers/catastrophe framing is contested versus mainstream archaeology and Second Temple scholarship. Core OT/NT layers stay free and separate (Qumran already carries Alberino embeds with contested-framing disclosure). Sales / book / members / conference links do not raise dig-consensus confidence."
          }
        ],
        "sponsor_cta_label": "Their content (paywall)",
        "sponsor_cta_url": "https://thealberinoanalysis.com/",
        "sponsor_cta_host": "thealberinoanalysis.com",
        "sponsor_cta_alt_url": "https://timothyalberino.com/",
        "sponsor_cta_alt_label": "Timothy Alberino (site)",
        "sponsor_book_cta_label": "Buy their book",
        "sponsor_book_cta_url": "https://www.amazon.com/Birthright-Posthuman-Apocalypse-Usurpation-Dominion/dp/B08M83XF8W",
        "sponsor_book_cta_host": "amazon.com",
        "affiliate_disclosed": true,
        "affiliate_note": "Sponsor / affiliate disclosure — outbound Amazon product link only; DigIntoScripture affiliate not negotiated yet.",
        "disclosure": "Sponsor expedition layer. Pins and videos are Timothy Alberino / Alberino Analysis / Nephcon presentation — not DigIntoScripture dig consensus. Nephilim/Watchers/catastrophe framing is contested versus mainstream archaeology and Second Temple scholarship. Core OT/NT layers stay free and separate (Qumran already carries Alberino embeds with contested-framing disclosure). Sales / book / members / conference links do not raise dig-consensus confidence.",
        "ministry_label": "Timothy Alberino is an author/explorer/lecturer (Birthright; Book of Enoch commentary) whose Alberino Analysis members community and NephCon conference package alternative history, megaliths, Nephilim/Watchers theology, and UFO/disclosure topics. Channel presentation ≠ peer-reviewed dig consensus. Chip off-by-default.",
        "eras": [
          "Modern visit / expedition"
        ],
        "sources": "Alberino Analysis YouTube embeds (Amazon megaliths; Alien Attack report; Cloud Forest travelogue; Quite Frankly). Official site timothyalberino.com.",
        "status_kind": "visitor",
        "mgrs": "18MXA9496785381",
        "region_bucket": "SA",
        "visit_confirmed": true,
        "what_he_shows": "Riverboat expedition staging; return visits to Mazán/Gamitana community; jungle travelogue context.",
        "coord_precision": "town",
        "country": "Peru"
      }
    },
    {
      "type": "Feature",
      "geometry": {
        "type": "Point",
        "coordinates": [
          -76.239485,
          -9.929326
        ]
      },
      "properties": {
        "id": "SPN-alberino-22",
        "layer": "sponsor:alberino",
        "name": "Huánuco (cathedral GPR / Andes expedition staging)",
        "sponsor_id": "alberino",
        "sponsor_label": "Expedition: Alberino (sponsor)",
        "found": "Expedition in Huánuco investigating underground spaces beneath colonial cathedrals with GPR; staging and market procurement for Andes ‘lost city’ fieldwork; fly-out stills with Gary Heavin.",
        "support": "timothyalberino.com/pics: team on expedition in Huánuco; GPR beneath colonial cathedrals; procuring supplies in Huánuco market; flying out of Huánuco with Heavin. Pics filename cluster also names Tauri Punku lost-city base camp.",
        "notes": "Cathedral/GPR and lost-city staging are channel expedition claims — not published peer dig consensus. Exact ‘Tauri Punku’ ruin coords unpublished; pin marks Huánuco city staging locus.",
        "surveyor_solidity": "mixed",
        "surveyor_caveat": "Cathedral/GPR and lost-city staging are channel expedition claims — not published peer dig consensus. Exact ‘Tauri Punku’ ruin coords unpublished; pin marks Huánuco city staging locus.",
        "gospel_hook": "",
        "related_videos": [
          {
            "embed": "https://www.youtube.com/embed/oiInK7P0fXc",
            "provider": "youtube",
            "title": "Fallen Angels Under the Andes? | Blurry Creatures Podcast",
            "source": "https://www.youtube.com/watch?v=oiInK7P0fXc",
            "label": "Sponsor video (Alberino Analysis)",
            "disclosure": "Sponsor expedition layer. Pins and videos are Timothy Alberino / Alberino Analysis / Nephcon presentation — not DigIntoScripture dig consensus. Nephilim/Watchers/catastrophe framing is contested versus mainstream archaeology and Second Temple scholarship. Core OT/NT layers stay free and separate (Qumran already carries Alberino embeds with contested-framing disclosure). Sales / book / members / conference links do not raise dig-consensus confidence."
          },
          {
            "embed": "https://www.youtube.com/embed/wiaFRAWlnQ8",
            "provider": "youtube",
            "title": "Chinkana: The Secret World Beneath the Andes Mountains | Fade to Black with Jimmy Church",
            "source": "https://www.youtube.com/watch?v=wiaFRAWlnQ8",
            "label": "Sponsor video (Alberino Analysis)",
            "disclosure": "Sponsor expedition layer. Pins and videos are Timothy Alberino / Alberino Analysis / Nephcon presentation — not DigIntoScripture dig consensus. Nephilim/Watchers/catastrophe framing is contested versus mainstream archaeology and Second Temple scholarship. Core OT/NT layers stay free and separate (Qumran already carries Alberino embeds with contested-framing disclosure). Sales / book / members / conference links do not raise dig-consensus confidence."
          }
        ],
        "sponsor_cta_label": "Their content (paywall)",
        "sponsor_cta_url": "https://thealberinoanalysis.com/",
        "sponsor_cta_host": "thealberinoanalysis.com",
        "sponsor_cta_alt_url": "https://timothyalberino.com/",
        "sponsor_cta_alt_label": "Timothy Alberino (site)",
        "sponsor_book_cta_label": "Buy their book",
        "sponsor_book_cta_url": "https://www.amazon.com/Birthright-Posthuman-Apocalypse-Usurpation-Dominion/dp/B08M83XF8W",
        "sponsor_book_cta_host": "amazon.com",
        "affiliate_disclosed": true,
        "affiliate_note": "Sponsor / affiliate disclosure — outbound Amazon product link only; DigIntoScripture affiliate not negotiated yet.",
        "disclosure": "Sponsor expedition layer. Pins and videos are Timothy Alberino / Alberino Analysis / Nephcon presentation — not DigIntoScripture dig consensus. Nephilim/Watchers/catastrophe framing is contested versus mainstream archaeology and Second Temple scholarship. Core OT/NT layers stay free and separate (Qumran already carries Alberino embeds with contested-framing disclosure). Sales / book / members / conference links do not raise dig-consensus confidence.",
        "ministry_label": "Timothy Alberino is an author/explorer/lecturer (Birthright; Book of Enoch commentary) whose Alberino Analysis members community and NephCon conference package alternative history, megaliths, Nephilim/Watchers theology, and UFO/disclosure topics. Channel presentation ≠ peer-reviewed dig consensus. Chip off-by-default.",
        "eras": [
          "Colonial",
          "Contested / alternative history"
        ],
        "sources": "timothyalberino.com/pics (outbound); related Andes YouTube embeds.",
        "status_kind": "visitor",
        "mgrs": "18LUQ6411802147",
        "region_bucket": "SA"
      }
    },
    {
      "type": "Feature",
      "geometry": {
        "type": "Point",
        "coordinates": [
          -68.681603,
          -16.553123
        ]
      },
      "properties": {
        "id": "SPN-alberino-23",
        "layer": "sponsor:alberino",
        "name": "Tiwanaku (Bolivia)",
        "sponsor_id": "alberino",
        "sponsor_label": "Expedition: Alberino (sponsor)",
        "found": "True Legends Episode 1 films Alberino examining megalithic mysteries of Tiwanaku on the Bolivian Altiplano; later interviews keep returning to Tiwanaku stonework and elongated-skull connections.",
        "support": "GenSix Episode 1 synopsis: “examine the megalithic mysteries of Tiwanaku.” Archive interviews (oiInK7P0fXc, NvHaB1yYwYs, 8YJorJ7qMsY) name Tiwanaku repeatedly alongside Andean fieldwork.",
        "notes": "Tiwanaku is a major real archaeological site. Channel’s pre-flood / Nephilim-builder packaging is contested vs mainstream Andean archaeology (which dates monumental Tiwanaku centuries after any literal Genesis flood chronology Alberino uses). Visitor pin — do not attach to unrelated DigIntoScripture digs.",
        "surveyor_solidity": "mixed",
        "surveyor_caveat": "Alberino’s Nephilim/Watchers/catastrophe framing is contested versus mainstream archaeology and dig consensus. Channel / expedition presentation only — not DigIntoScripture dig consensus. Holy Bible remains canon. Real site; Nephilim/pre-flood builder claims contested vs mainstream Andean archaeology.",
        "gospel_hook": "",
        "related_videos": [
          {
            "embed": "https://www.youtube.com/embed/lQSEdLUi3DI",
            "provider": "youtube",
            "title": "True Legends \"Technology of the Fallen\" trailer",
            "source": "https://www.youtube.com/watch?v=lQSEdLUi3DI",
            "label": "Sponsor video (Alberino Analysis)",
            "disclosure": "Sponsor expedition layer. Pins and videos are Timothy Alberino / Alberino Analysis / Nephcon presentation — not DigIntoScripture dig consensus. Nephilim/Watchers/catastrophe framing is contested versus mainstream archaeology and Second Temple scholarship. Core OT/NT layers stay free and separate (Qumran already carries Alberino embeds with contested-framing disclosure). Sales / book / members / conference links do not raise dig-consensus confidence."
          },
          {
            "embed": "https://www.youtube.com/embed/oiInK7P0fXc",
            "provider": "youtube",
            "title": "Fallen Angels Under the Andes? | Blurry Creatures Podcast",
            "source": "https://www.youtube.com/watch?v=oiInK7P0fXc",
            "label": "Sponsor video (Alberino Analysis)",
            "disclosure": "Sponsor expedition layer. Pins and videos are Timothy Alberino / Alberino Analysis / Nephcon presentation — not DigIntoScripture dig consensus. Nephilim/Watchers/catastrophe framing is contested versus mainstream archaeology and Second Temple scholarship. Core OT/NT layers stay free and separate (Qumran already carries Alberino embeds with contested-framing disclosure). Sales / book / members / conference links do not raise dig-consensus confidence."
          },
          {
            "embed": "https://www.youtube.com/embed/8YJorJ7qMsY",
            "provider": "youtube",
            "title": "The Alberino Analysis - Elongated Skulls: Episode 2",
            "source": "https://www.youtube.com/watch?v=8YJorJ7qMsY",
            "label": "Sponsor video (Alberino Analysis)",
            "disclosure": "Sponsor expedition layer. Pins and videos are Timothy Alberino / Alberino Analysis / Nephcon presentation — not DigIntoScripture dig consensus. Nephilim/Watchers/catastrophe framing is contested versus mainstream archaeology and Second Temple scholarship. Core OT/NT layers stay free and separate (Qumran already carries Alberino embeds with contested-framing disclosure). Sales / book / members / conference links do not raise dig-consensus confidence."
          },
          {
            "embed": "https://www.youtube.com/embed/NvHaB1yYwYs",
            "provider": "youtube",
            "title": "Did the Nephilim Build the Megaliths? | Angelegend",
            "source": "https://www.youtube.com/watch?v=NvHaB1yYwYs",
            "label": "Sponsor video (Alberino Analysis)",
            "disclosure": "Sponsor expedition layer. Pins and videos are Timothy Alberino / Alberino Analysis / Nephcon presentation — not DigIntoScripture dig consensus. Nephilim/Watchers/catastrophe framing is contested versus mainstream archaeology and Second Temple scholarship. Core OT/NT layers stay free and separate (Qumran already carries Alberino embeds with contested-framing disclosure). Sales / book / members / conference links do not raise dig-consensus confidence."
          }
        ],
        "sponsor_cta_label": "Their content (paywall)",
        "sponsor_cta_url": "https://thealberinoanalysis.com/",
        "sponsor_cta_host": "thealberinoanalysis.com",
        "sponsor_cta_alt_url": "https://timothyalberino.com/",
        "sponsor_cta_alt_label": "Timothy Alberino (site)",
        "sponsor_book_cta_label": "Buy their book",
        "sponsor_book_cta_url": "https://www.amazon.com/Birthright-Posthuman-Apocalypse-Usurpation-Dominion/dp/B08M83XF8W",
        "sponsor_book_cta_host": "amazon.com",
        "affiliate_disclosed": true,
        "affiliate_note": "Sponsor / affiliate disclosure — outbound Amazon product link only; DigIntoScripture affiliate not negotiated yet.",
        "disclosure": "Sponsor expedition layer. Pins and videos are Timothy Alberino / Alberino Analysis / Nephcon presentation — not DigIntoScripture dig consensus. Nephilim/Watchers/catastrophe framing is contested versus mainstream archaeology and Second Temple scholarship. Core OT/NT layers stay free and separate (Qumran already carries Alberino embeds with contested-framing disclosure). Sales / book / members / conference links do not raise dig-consensus confidence.",
        "ministry_label": "Timothy Alberino is an author/explorer/lecturer (Birthright; Book of Enoch commentary) whose Alberino Analysis members community and NephCon conference package alternative history, megaliths, Nephilim/Watchers theology, and UFO/disclosure topics. Channel presentation ≠ peer-reviewed dig consensus. Chip off-by-default.",
        "eras": [
          "Tiwanaku period",
          "Modern visit / expedition"
        ],
        "sources": "GenSix True Legends Episode 1 synopsis (www.gensix.com); Alberino Analysis YouTube embeds. Official site timothyalberino.com. GenSix is a commercial/advocacy store — synopsis paraphrased; link only, no rehost.",
        "status_kind": "visitor",
        "mgrs": "19KEB3397069852",
        "region_bucket": "SA",
        "visit_confirmed": true,
        "what_he_shows": "On-site / expedition filming of Tiwanaku megalithic architecture and related Altiplano claims.",
        "coord_precision": "exact site",
        "country": "Bolivia"
      }
    },
    {
      "type": "Feature",
      "geometry": {
        "type": "Point",
        "coordinates": [
          -68.679589,
          -16.56169
        ]
      },
      "properties": {
        "id": "SPN-alberino-24",
        "layer": "sponsor:alberino",
        "name": "Puma Punku (Bolivia)",
        "sponsor_id": "alberino",
        "sponsor_label": "Expedition: Alberino (sponsor)",
        "found": "Same True Legends Altiplano expedition highlights Puma Punku’s precision-cut megalithic blocks; GenSix synopsis says the crew confirms chronicler traditions about who built Puma Punku and when (channel framing).",
        "support": "GenSix Episode 1 synopsis names Puma Punku explicitly. Archive Andes/megalith interviews discuss Puma Punku alongside Tiwanaku.",
        "notes": "Puma Punku is part of the Tiwanaku complex — separate pin because Alberino singles out its H-blocks / precision cuts in megalith talks. Contested “gods/giants built it” packaging vs mainstream archaeology. Visitor pin.",
        "surveyor_solidity": "mixed",
        "surveyor_caveat": "Alberino’s Nephilim/Watchers/catastrophe framing is contested versus mainstream archaeology and dig consensus. Channel / expedition presentation only — not DigIntoScripture dig consensus. Holy Bible remains canon. Real megalithic architecture; Nephilim/ancient-astronaut-style builder claims contested.",
        "gospel_hook": "",
        "related_videos": [
          {
            "embed": "https://www.youtube.com/embed/lQSEdLUi3DI",
            "provider": "youtube",
            "title": "True Legends \"Technology of the Fallen\" trailer",
            "source": "https://www.youtube.com/watch?v=lQSEdLUi3DI",
            "label": "Sponsor video (Alberino Analysis)",
            "disclosure": "Sponsor expedition layer. Pins and videos are Timothy Alberino / Alberino Analysis / Nephcon presentation — not DigIntoScripture dig consensus. Nephilim/Watchers/catastrophe framing is contested versus mainstream archaeology and Second Temple scholarship. Core OT/NT layers stay free and separate (Qumran already carries Alberino embeds with contested-framing disclosure). Sales / book / members / conference links do not raise dig-consensus confidence."
          },
          {
            "embed": "https://www.youtube.com/embed/oiInK7P0fXc",
            "provider": "youtube",
            "title": "Fallen Angels Under the Andes? | Blurry Creatures Podcast",
            "source": "https://www.youtube.com/watch?v=oiInK7P0fXc",
            "label": "Sponsor video (Alberino Analysis)",
            "disclosure": "Sponsor expedition layer. Pins and videos are Timothy Alberino / Alberino Analysis / Nephcon presentation — not DigIntoScripture dig consensus. Nephilim/Watchers/catastrophe framing is contested versus mainstream archaeology and Second Temple scholarship. Core OT/NT layers stay free and separate (Qumran already carries Alberino embeds with contested-framing disclosure). Sales / book / members / conference links do not raise dig-consensus confidence."
          },
          {
            "embed": "https://www.youtube.com/embed/NvHaB1yYwYs",
            "provider": "youtube",
            "title": "Did the Nephilim Build the Megaliths? | Angelegend",
            "source": "https://www.youtube.com/watch?v=NvHaB1yYwYs",
            "label": "Sponsor video (Alberino Analysis)",
            "disclosure": "Sponsor expedition layer. Pins and videos are Timothy Alberino / Alberino Analysis / Nephcon presentation — not DigIntoScripture dig consensus. Nephilim/Watchers/catastrophe framing is contested versus mainstream archaeology and Second Temple scholarship. Core OT/NT layers stay free and separate (Qumran already carries Alberino embeds with contested-framing disclosure). Sales / book / members / conference links do not raise dig-consensus confidence."
          }
        ],
        "sponsor_cta_label": "Their content (paywall)",
        "sponsor_cta_url": "https://thealberinoanalysis.com/",
        "sponsor_cta_host": "thealberinoanalysis.com",
        "sponsor_cta_alt_url": "https://timothyalberino.com/",
        "sponsor_cta_alt_label": "Timothy Alberino (site)",
        "sponsor_book_cta_label": "Buy their book",
        "sponsor_book_cta_url": "https://www.amazon.com/Birthright-Posthuman-Apocalypse-Usurpation-Dominion/dp/B08M83XF8W",
        "sponsor_book_cta_host": "amazon.com",
        "affiliate_disclosed": true,
        "affiliate_note": "Sponsor / affiliate disclosure — outbound Amazon product link only; DigIntoScripture affiliate not negotiated yet.",
        "disclosure": "Sponsor expedition layer. Pins and videos are Timothy Alberino / Alberino Analysis / Nephcon presentation — not DigIntoScripture dig consensus. Nephilim/Watchers/catastrophe framing is contested versus mainstream archaeology and Second Temple scholarship. Core OT/NT layers stay free and separate (Qumran already carries Alberino embeds with contested-framing disclosure). Sales / book / members / conference links do not raise dig-consensus confidence.",
        "ministry_label": "Timothy Alberino is an author/explorer/lecturer (Birthright; Book of Enoch commentary) whose Alberino Analysis members community and NephCon conference package alternative history, megaliths, Nephilim/Watchers theology, and UFO/disclosure topics. Channel presentation ≠ peer-reviewed dig consensus. Chip off-by-default.",
        "eras": [
          "Tiwanaku period",
          "Modern visit / expedition"
        ],
        "sources": "GenSix True Legends Episode 1 synopsis; Alberino Analysis YouTube embeds. Official site timothyalberino.com.",
        "status_kind": "visitor",
        "mgrs": "19KEB3418468904",
        "region_bucket": "SA",
        "visit_confirmed": true,
        "what_he_shows": "Megalithic precision blocks / H-blocks; expedition filming at Puma Punku.",
        "coord_precision": "exact site",
        "country": "Bolivia"
      }
    },
    {
      "type": "Feature",
      "geometry": {
        "type": "Point",
        "coordinates": [
          -112.364271,
          45.86531
        ]
      },
      "properties": {
        "id": "SPN-alberino-25",
        "layer": "sponsor:alberino",
        "name": "Sage Wall (Sage Mountain Center, Whitehall MT)",
        "sponsor_id": "alberino",
        "sponsor_label": "Expedition: Alberino (sponsor)",
        "found": "Alberino films on-site field analyses at Montana’s Sage Wall with L.A. Marzulli, comparing it to Sacsayhuamán; he personally leans toward a natural geologic reading despite wanting it to be artificial megalithic architecture.",
        "support": "YKHfr5_TeYU: “we're here at Sage wall.” Fr_QM_muehc field analysis argues continuous fissures undermine artificial-block claims. NephCon promo (oWapEkV7jzY) offers private Sage Wall tours from Bozeman. haNBttoDpGU: wall “an hour from where I live here in Montana.”",
        "notes": "Honest mixed pin: he walks the wall and takes Nephilim-trail language from guests, but his own field call leans natural. Contested artificial-megalith claims vs geology. Private property — Sage Mountain Center appointment access. Private property — check hours and reservations at www.sagemountain.org before you go.",
        "surveyor_solidity": "mixed",
        "surveyor_caveat": "Alberino’s Nephilim/Watchers/catastrophe framing is contested versus mainstream archaeology and dig consensus. Channel / expedition presentation only — not DigIntoScripture dig consensus. Holy Bible remains canon. Artificial-megalith claims for Sage Wall are contested; Alberino himself leans natural in Fr_QM_muehc.",
        "gospel_hook": "",
        "related_videos": [
          {
            "embed": "https://www.youtube.com/embed/Fr_QM_muehc",
            "provider": "youtube",
            "title": "Montana Megaliths | Sage Wall Field Analysis",
            "source": "https://www.youtube.com/watch?v=Fr_QM_muehc",
            "label": "Sponsor video (Alberino Analysis)",
            "disclosure": "Sponsor expedition layer. Pins and videos are Timothy Alberino / Alberino Analysis / Nephcon presentation — not DigIntoScripture dig consensus. Nephilim/Watchers/catastrophe framing is contested versus mainstream archaeology and Second Temple scholarship. Core OT/NT layers stay free and separate (Qumran already carries Alberino embeds with contested-framing disclosure). Sales / book / members / conference links do not raise dig-consensus confidence."
          },
          {
            "embed": "https://www.youtube.com/embed/YKHfr5_TeYU",
            "provider": "youtube",
            "title": "Montana Megaliths | Investigating Sage Wall With L.A. Marzulli",
            "source": "https://www.youtube.com/watch?v=YKHfr5_TeYU",
            "label": "Sponsor video (Alberino Analysis)",
            "disclosure": "Sponsor expedition layer. Pins and videos are Timothy Alberino / Alberino Analysis / Nephcon presentation — not DigIntoScripture dig consensus. Nephilim/Watchers/catastrophe framing is contested versus mainstream archaeology and Second Temple scholarship. Core OT/NT layers stay free and separate (Qumran already carries Alberino embeds with contested-framing disclosure). Sales / book / members / conference links do not raise dig-consensus confidence."
          },
          {
            "embed": "https://www.youtube.com/embed/haNBttoDpGU",
            "provider": "youtube",
            "title": "Alien Mummies, Megaliths in the Amazon, & Secrets Beneath the Pyramids of Giza | Quite Frankly",
            "source": "https://www.youtube.com/watch?v=haNBttoDpGU",
            "label": "Sponsor video (Alberino Analysis)",
            "disclosure": "Sponsor expedition layer. Pins and videos are Timothy Alberino / Alberino Analysis / Nephcon presentation — not DigIntoScripture dig consensus. Nephilim/Watchers/catastrophe framing is contested versus mainstream archaeology and Second Temple scholarship. Core OT/NT layers stay free and separate (Qumran already carries Alberino embeds with contested-framing disclosure). Sales / book / members / conference links do not raise dig-consensus confidence."
          },
          {
            "embed": "https://www.youtube.com/embed/oWapEkV7jzY",
            "provider": "youtube",
            "title": "NephCon 2025",
            "source": "https://www.youtube.com/watch?v=oWapEkV7jzY",
            "label": "Sponsor video (Alberino Analysis)",
            "disclosure": "Sponsor expedition layer. Pins and videos are Timothy Alberino / Alberino Analysis / Nephcon presentation — not DigIntoScripture dig consensus. Nephilim/Watchers/catastrophe framing is contested versus mainstream archaeology and Second Temple scholarship. Core OT/NT layers stay free and separate (Qumran already carries Alberino embeds with contested-framing disclosure). Sales / book / members / conference links do not raise dig-consensus confidence."
          }
        ],
        "sponsor_cta_label": "Their content (paywall)",
        "sponsor_cta_url": "https://thealberinoanalysis.com/",
        "sponsor_cta_host": "thealberinoanalysis.com",
        "sponsor_cta_alt_url": "https://timothyalberino.com/",
        "sponsor_cta_alt_label": "Timothy Alberino (site)",
        "sponsor_book_cta_label": "Buy their book",
        "sponsor_book_cta_url": "https://www.amazon.com/Birthright-Posthuman-Apocalypse-Usurpation-Dominion/dp/B08M83XF8W",
        "sponsor_book_cta_host": "amazon.com",
        "affiliate_disclosed": true,
        "affiliate_note": "Sponsor / affiliate disclosure — outbound Amazon product link only; DigIntoScripture affiliate not negotiated yet.",
        "disclosure": "Sponsor expedition layer. Pins and videos are Timothy Alberino / Alberino Analysis / Nephcon presentation — not DigIntoScripture dig consensus. Nephilim/Watchers/catastrophe framing is contested versus mainstream archaeology and Second Temple scholarship. Core OT/NT layers stay free and separate (Qumran already carries Alberino embeds with contested-framing disclosure). Sales / book / members / conference links do not raise dig-consensus confidence.",
        "ministry_label": "Timothy Alberino is an author/explorer/lecturer (Birthright; Book of Enoch commentary) whose Alberino Analysis members community and NephCon conference package alternative history, megaliths, Nephilim/Watchers theology, and UFO/disclosure topics. Channel presentation ≠ peer-reviewed dig consensus. Chip off-by-default.",
        "eras": [
          "Modern visit / expedition",
          "Contested “Montana megaliths” claim"
        ],
        "sources": "Alberino Analysis YouTube embeds (Sage Wall field analysis; Marzulli investigation; NephCon 2025; Quite Frankly). Official site timothyalberino.com. Site access: www.sagemountain.org (outbound visitor-site host). Sage Mountain Center: check hours and reservations before you go (www.sagemountain.org).",
        "status_kind": "visitor",
        "mgrs": "12TUR94107998",
        "region_bucket": "US",
        "visit_confirmed": true,
        "what_he_shows": "On-site walking / close-up of alleged megalith wall; natural-vs-artificial field analysis.",
        "coord_precision": "exact site",
        "country": "United States"
      }
    },
    {
      "type": "Feature",
      "geometry": {
        "type": "Point",
        "coordinates": [
          -111.044047,
          45.679429
        ]
      },
      "properties": {
        "id": "SPN-alberino-26",
        "layer": "sponsor:alberino",
        "name": "Bozeman, Montana (NephCon / hometown)",
        "sponsor_id": "alberino",
        "sponsor_label": "Expedition: Alberino (sponsor)",
        "found": "Alberino repeatedly identifies Bozeman as his hometown and hosted NephCon 2025 there (June 27–28, 2025), with optional Sage Wall tours.",
        "support": "oWapEkV7jzY / Yp28K_z6hLM NephCon announcements: “hometown of Boseman Montana.” haNBttoDpGU repeats Nefcon hometown framing.",
        "notes": "Event / hometown visitor pin — not an archaeology dig. Marks the US base for NephCon and Montana megalith tours. Contested conference theology does not raise dig solidity.",
        "surveyor_solidity": "weak",
        "surveyor_caveat": "Alberino’s Nephilim/Watchers/catastrophe framing is contested versus mainstream archaeology and dig consensus. Channel / expedition presentation only — not DigIntoScripture dig consensus. Holy Bible remains canon. Event pin, not a dig site. Contested Nephilim/UFO conference framing.",
        "gospel_hook": "",
        "related_videos": [
          {
            "embed": "https://www.youtube.com/embed/oWapEkV7jzY",
            "provider": "youtube",
            "title": "NephCon 2025",
            "source": "https://www.youtube.com/watch?v=oWapEkV7jzY",
            "label": "Sponsor video (Alberino Analysis)",
            "disclosure": "Sponsor expedition layer. Pins and videos are Timothy Alberino / Alberino Analysis / Nephcon presentation — not DigIntoScripture dig consensus. Nephilim/Watchers/catastrophe framing is contested versus mainstream archaeology and Second Temple scholarship. Core OT/NT layers stay free and separate (Qumran already carries Alberino embeds with contested-framing disclosure). Sales / book / members / conference links do not raise dig-consensus confidence."
          },
          {
            "embed": "https://www.youtube.com/embed/Yp28K_z6hLM",
            "provider": "youtube",
            "title": "NephCon 2025 #nephilim #transhumanism #ww3 #endtimes",
            "source": "https://www.youtube.com/watch?v=Yp28K_z6hLM",
            "label": "Sponsor video (Alberino Analysis)",
            "disclosure": "Sponsor expedition layer. Pins and videos are Timothy Alberino / Alberino Analysis / Nephcon presentation — not DigIntoScripture dig consensus. Nephilim/Watchers/catastrophe framing is contested versus mainstream archaeology and Second Temple scholarship. Core OT/NT layers stay free and separate (Qumran already carries Alberino embeds with contested-framing disclosure). Sales / book / members / conference links do not raise dig-consensus confidence."
          },
          {
            "embed": "https://www.youtube.com/embed/haNBttoDpGU",
            "provider": "youtube",
            "title": "Alien Mummies, Megaliths in the Amazon, & Secrets Beneath the Pyramids of Giza | Quite Frankly",
            "source": "https://www.youtube.com/watch?v=haNBttoDpGU",
            "label": "Sponsor video (Alberino Analysis)",
            "disclosure": "Sponsor expedition layer. Pins and videos are Timothy Alberino / Alberino Analysis / Nephcon presentation — not DigIntoScripture dig consensus. Nephilim/Watchers/catastrophe framing is contested versus mainstream archaeology and Second Temple scholarship. Core OT/NT layers stay free and separate (Qumran already carries Alberino embeds with contested-framing disclosure). Sales / book / members / conference links do not raise dig-consensus confidence."
          }
        ],
        "sponsor_cta_label": "Their content (paywall)",
        "sponsor_cta_url": "https://thealberinoanalysis.com/",
        "sponsor_cta_host": "thealberinoanalysis.com",
        "sponsor_cta_alt_url": "https://timothyalberino.com/",
        "sponsor_cta_alt_label": "Timothy Alberino (site)",
        "sponsor_book_cta_label": "Buy their book",
        "sponsor_book_cta_url": "https://www.amazon.com/Birthright-Posthuman-Apocalypse-Usurpation-Dominion/dp/B08M83XF8W",
        "sponsor_book_cta_host": "amazon.com",
        "affiliate_disclosed": true,
        "affiliate_note": "Sponsor / affiliate disclosure — outbound Amazon product link only; DigIntoScripture affiliate not negotiated yet.",
        "disclosure": "Sponsor expedition layer. Pins and videos are Timothy Alberino / Alberino Analysis / Nephcon presentation — not DigIntoScripture dig consensus. Nephilim/Watchers/catastrophe framing is contested versus mainstream archaeology and Second Temple scholarship. Core OT/NT layers stay free and separate (Qumran already carries Alberino embeds with contested-framing disclosure). Sales / book / members / conference links do not raise dig-consensus confidence.",
        "ministry_label": "Timothy Alberino is an author/explorer/lecturer (Birthright; Book of Enoch commentary) whose Alberino Analysis members community and NephCon conference package alternative history, megaliths, Nephilim/Watchers theology, and UFO/disclosure topics. Channel presentation ≠ peer-reviewed dig consensus. Chip off-by-default.",
        "eras": [
          "Modern visit / conference"
        ],
        "sources": "Alberino Analysis YouTube embeds (NephCon 2025). Official events: timothyalberino.com/events/; members program thealberinoanalysis.com/programs/nephcon-2025.",
        "status_kind": "visitor",
        "mgrs": "12TVR9656958431",
        "region_bucket": "US",
        "visit_confirmed": true,
        "what_he_shows": "Conference host city; staging for Sage Wall tours; hometown base.",
        "coord_precision": "town",
        "country": "United States"
      }
    },
    {
      "type": "Feature",
      "geometry": {
        "type": "Point",
        "coordinates": [
          -86.779808,
          36.16304
        ]
      },
      "properties": {
        "id": "SPN-alberino-27",
        "layer": "sponsor:alberino",
        "name": "Nashville, Tennessee (Birthright Conference 2022)",
        "sponsor_id": "alberino",
        "sponsor_label": "Expedition: Alberino (sponsor)",
        "found": "Birthright Conference 2022 hosted in Nashville, TN (May 6–7) focusing on Birthright book themes: transhumanism, aliens/UFOs, Bible prophecy.",
        "support": "Archive KXSh4lvtIqs Birthright Conference 2022 | Nashville, TN; ZVg7HYMu0kM post-conference DVD/digital promo references Nashville event.",
        "notes": "Conference / lecture venue pin — documents where Alberino hosted or spoke. Not an excavation dig. Nephilim/Watchers/UFO conference framing is contested theology/alternative history, not dig consensus.",
        "surveyor_solidity": "mixed",
        "surveyor_caveat": "Conference / lecture venue pin — documents where Alberino hosted or spoke. Not an excavation dig. Nephilim/Watchers/UFO conference framing is contested theology/alternative history, not dig consensus.",
        "gospel_hook": "",
        "related_videos": [
          {
            "embed": "https://www.youtube.com/embed/KXSh4lvtIqs",
            "provider": "youtube",
            "title": "Birthright Conference, 2022 | Nashville, TN",
            "source": "https://www.youtube.com/watch?v=KXSh4lvtIqs",
            "label": "Sponsor video (Alberino Analysis)",
            "disclosure": "Sponsor expedition layer. Pins and videos are Timothy Alberino / Alberino Analysis / Nephcon presentation — not DigIntoScripture dig consensus. Nephilim/Watchers/catastrophe framing is contested versus mainstream archaeology and Second Temple scholarship. Core OT/NT layers stay free and separate (Qumran already carries Alberino embeds with contested-framing disclosure). Sales / book / members / conference links do not raise dig-consensus confidence."
          },
          {
            "embed": "https://www.youtube.com/embed/ZVg7HYMu0kM",
            "provider": "youtube",
            "title": "Birthright Conference DVD, Digital Download, and Long-Term Rental Pre-Order Available Now!",
            "source": "https://www.youtube.com/watch?v=ZVg7HYMu0kM",
            "label": "Sponsor video (Alberino Analysis)",
            "disclosure": "Sponsor expedition layer. Pins and videos are Timothy Alberino / Alberino Analysis / Nephcon presentation — not DigIntoScripture dig consensus. Nephilim/Watchers/catastrophe framing is contested versus mainstream archaeology and Second Temple scholarship. Core OT/NT layers stay free and separate (Qumran already carries Alberino embeds with contested-framing disclosure). Sales / book / members / conference links do not raise dig-consensus confidence."
          }
        ],
        "sponsor_cta_label": "Their content (paywall)",
        "sponsor_cta_url": "https://thealberinoanalysis.com/",
        "sponsor_cta_host": "thealberinoanalysis.com",
        "sponsor_cta_alt_url": "https://timothyalberino.com/",
        "sponsor_cta_alt_label": "Timothy Alberino (site)",
        "sponsor_book_cta_label": "Buy their book",
        "sponsor_book_cta_url": "https://www.amazon.com/Birthright-Posthuman-Apocalypse-Usurpation-Dominion/dp/B08M83XF8W",
        "sponsor_book_cta_host": "amazon.com",
        "affiliate_disclosed": true,
        "affiliate_note": "Sponsor / affiliate disclosure — outbound Amazon product link only; DigIntoScripture affiliate not negotiated yet.",
        "disclosure": "Sponsor expedition layer. Pins and videos are Timothy Alberino / Alberino Analysis / Nephcon presentation — not DigIntoScripture dig consensus. Nephilim/Watchers/catastrophe framing is contested versus mainstream archaeology and Second Temple scholarship. Core OT/NT layers stay free and separate (Qumran already carries Alberino embeds with contested-framing disclosure). Sales / book / members / conference links do not raise dig-consensus confidence.",
        "ministry_label": "Timothy Alberino is an author/explorer/lecturer (Birthright; Book of Enoch commentary) whose Alberino Analysis members community and NephCon conference package alternative history, megaliths, Nephilim/Watchers theology, and UFO/disclosure topics. Channel presentation ≠ peer-reviewed dig consensus. Chip off-by-default.",
        "eras": [
          "Modern / conference"
        ],
        "sources": "Alberino Analysis YouTube (embed); birthrightconference.com (outbound).",
        "status_kind": "visitor",
        "mgrs": "16SEF1980402054",
        "region_bucket": "US"
      }
    },
    {
      "type": "Feature",
      "geometry": {
        "type": "Point",
        "coordinates": [
          -93.216926,
          36.644077
        ]
      },
      "properties": {
        "id": "SPN-alberino-28",
        "layer": "sponsor:alberino",
        "name": "Branson, Missouri (True Legends Conference 2017)",
        "sponsor_id": "alberino",
        "sponsor_label": "Expedition: Alberino (sponsor)",
        "found": "True Legends the Conference 2017 in Branson, Missouri — Quayle, Alberino, Horn / Gen 6 Productions launch event tied to True Legends films and expeditions.",
        "support": "Archive bMoX1nn5fwM: ‘coming to the Midwest this fall Branson Missouri specifically… True Legends conference’ with Quayle, Horn, Marzulli.",
        "notes": "Conference / lecture venue pin — documents where Alberino hosted or spoke. Not an excavation dig. Nephilim/Watchers/UFO conference framing is contested theology/alternative history, not dig consensus.",
        "surveyor_solidity": "mixed",
        "surveyor_caveat": "Conference / lecture venue pin — documents where Alberino hosted or spoke. Not an excavation dig. Nephilim/Watchers/UFO conference framing is contested theology/alternative history, not dig consensus.",
        "gospel_hook": "",
        "related_videos": [
          {
            "embed": "https://www.youtube.com/embed/bMoX1nn5fwM",
            "provider": "youtube",
            "title": "QUAYLE, ALBERINO, HORN - True Legends the Conference, 2017",
            "source": "https://www.youtube.com/watch?v=bMoX1nn5fwM",
            "label": "Sponsor video (Alberino Analysis)",
            "disclosure": "Sponsor expedition layer. Pins and videos are Timothy Alberino / Alberino Analysis / Nephcon presentation — not DigIntoScripture dig consensus. Nephilim/Watchers/catastrophe framing is contested versus mainstream archaeology and Second Temple scholarship. Core OT/NT layers stay free and separate (Qumran already carries Alberino embeds with contested-framing disclosure). Sales / book / members / conference links do not raise dig-consensus confidence."
          }
        ],
        "sponsor_cta_label": "Their content (paywall)",
        "sponsor_cta_url": "https://thealberinoanalysis.com/",
        "sponsor_cta_host": "thealberinoanalysis.com",
        "sponsor_cta_alt_url": "https://timothyalberino.com/",
        "sponsor_cta_alt_label": "Timothy Alberino (site)",
        "sponsor_book_cta_label": "Buy their book",
        "sponsor_book_cta_url": "https://www.amazon.com/Birthright-Posthuman-Apocalypse-Usurpation-Dominion/dp/B08M83XF8W",
        "sponsor_book_cta_host": "amazon.com",
        "affiliate_disclosed": true,
        "affiliate_note": "Sponsor / affiliate disclosure — outbound Amazon product link only; DigIntoScripture affiliate not negotiated yet.",
        "disclosure": "Sponsor expedition layer. Pins and videos are Timothy Alberino / Alberino Analysis / Nephcon presentation — not DigIntoScripture dig consensus. Nephilim/Watchers/catastrophe framing is contested versus mainstream archaeology and Second Temple scholarship. Core OT/NT layers stay free and separate (Qumran already carries Alberino embeds with contested-framing disclosure). Sales / book / members / conference links do not raise dig-consensus confidence.",
        "ministry_label": "Timothy Alberino is an author/explorer/lecturer (Birthright; Book of Enoch commentary) whose Alberino Analysis members community and NephCon conference package alternative history, megaliths, Nephilim/Watchers theology, and UFO/disclosure topics. Channel presentation ≠ peer-reviewed dig consensus. Chip off-by-default.",
        "eras": [
          "Modern / conference"
        ],
        "sources": "Alberino Analysis YouTube (embed).",
        "status_kind": "visitor",
        "mgrs": "15SVA8060955411",
        "region_bucket": "US"
      }
    },
    {
      "type": "Feature",
      "geometry": {
        "type": "Point",
        "coordinates": [
          9.355754,
          41.050219
        ]
      },
      "properties": {
        "id": "SPN-alberino-29",
        "layer": "sponsor:alberino",
        "name": "Sardinia — Tombs of the Giants (Coddu Vecchiu area)",
        "sponsor_id": "alberino",
        "sponsor_label": "Expedition: Alberino (sponsor)",
        "found": "True Legends Episode 3 and a short on-site clip show Alberino inside/at Nuragic “Tombs of the Giants,” describing inner chambers, trilitheon doorways, and giant-incubation folklore; podcasts expand the Rephaim/Nephilim mapping.",
        "support": "ZixJlNicMWY on-site: “this is… one of the tombs of the giants… actual tomb of the model… in the museum in Cagliari.” GnlaLPTX_ZQ trailer covers Sardinia giant tombs. _x__HMZNUK0 / -PKCHBtazYc discuss Nuragic tombs and Nephilim packaging.",
        "notes": "Nuragic tombe dei giganti are real Bronze Age archaeology (~800 known). Equating them with biblical Nephilim/Rephaim osteology is contested interpretive packaging, not dig consensus. Visitor pin; representative coords.",
        "surveyor_solidity": "mixed",
        "surveyor_caveat": "Alberino’s Nephilim/Watchers/catastrophe framing is contested versus mainstream archaeology and dig consensus. Channel / expedition presentation only — not DigIntoScripture dig consensus. Holy Bible remains canon. Real Nuragic tombs; Nephilim/Rephaim equation is contested folklore-theology, not dig consensus.",
        "gospel_hook": "",
        "related_videos": [
          {
            "embed": "https://www.youtube.com/embed/ZixJlNicMWY",
            "provider": "youtube",
            "title": "The Tombs of the Giants",
            "source": "https://www.youtube.com/watch?v=ZixJlNicMWY",
            "label": "Sponsor video (Alberino Analysis)",
            "disclosure": "Sponsor expedition layer. Pins and videos are Timothy Alberino / Alberino Analysis / Nephcon presentation — not DigIntoScripture dig consensus. Nephilim/Watchers/catastrophe framing is contested versus mainstream archaeology and Second Temple scholarship. Core OT/NT layers stay free and separate (Qumran already carries Alberino embeds with contested-framing disclosure). Sales / book / members / conference links do not raise dig-consensus confidence."
          },
          {
            "embed": "https://www.youtube.com/embed/_x__HMZNUK0",
            "provider": "youtube",
            "title": "Sardinia Tombs of the Giants | A View From the Bunker Podcast",
            "source": "https://www.youtube.com/watch?v=_x__HMZNUK0",
            "label": "Sponsor video (Alberino Analysis)",
            "disclosure": "Sponsor expedition layer. Pins and videos are Timothy Alberino / Alberino Analysis / Nephcon presentation — not DigIntoScripture dig consensus. Nephilim/Watchers/catastrophe framing is contested versus mainstream archaeology and Second Temple scholarship. Core OT/NT layers stay free and separate (Qumran already carries Alberino embeds with contested-framing disclosure). Sales / book / members / conference links do not raise dig-consensus confidence."
          },
          {
            "embed": "https://www.youtube.com/embed/-PKCHBtazYc",
            "provider": "youtube",
            "title": "The Kandahar Giant & Nephilim in Sardinia | Beyond the Paradigm",
            "source": "https://www.youtube.com/watch?v=-PKCHBtazYc",
            "label": "Sponsor video (Alberino Analysis)",
            "disclosure": "Sponsor expedition layer. Pins and videos are Timothy Alberino / Alberino Analysis / Nephcon presentation — not DigIntoScripture dig consensus. Nephilim/Watchers/catastrophe framing is contested versus mainstream archaeology and Second Temple scholarship. Core OT/NT layers stay free and separate (Qumran already carries Alberino embeds with contested-framing disclosure). Sales / book / members / conference links do not raise dig-consensus confidence."
          },
          {
            "embed": "https://www.youtube.com/embed/GnlaLPTX_ZQ",
            "provider": "youtube",
            "title": "True Legends - Episode 3: Holocaust of Giants Official Trailer",
            "source": "https://www.youtube.com/watch?v=GnlaLPTX_ZQ",
            "label": "Sponsor video (Alberino Analysis)",
            "disclosure": "Sponsor expedition layer. Pins and videos are Timothy Alberino / Alberino Analysis / Nephcon presentation — not DigIntoScripture dig consensus. Nephilim/Watchers/catastrophe framing is contested versus mainstream archaeology and Second Temple scholarship. Core OT/NT layers stay free and separate (Qumran already carries Alberino embeds with contested-framing disclosure). Sales / book / members / conference links do not raise dig-consensus confidence."
          }
        ],
        "sponsor_cta_label": "Their content (paywall)",
        "sponsor_cta_url": "https://thealberinoanalysis.com/",
        "sponsor_cta_host": "thealberinoanalysis.com",
        "sponsor_cta_alt_url": "https://timothyalberino.com/",
        "sponsor_cta_alt_label": "Timothy Alberino (site)",
        "sponsor_book_cta_label": "Buy their book",
        "sponsor_book_cta_url": "https://www.amazon.com/Birthright-Posthuman-Apocalypse-Usurpation-Dominion/dp/B08M83XF8W",
        "sponsor_book_cta_host": "amazon.com",
        "affiliate_disclosed": true,
        "affiliate_note": "Sponsor / affiliate disclosure — outbound Amazon product link only; DigIntoScripture affiliate not negotiated yet.",
        "disclosure": "Sponsor expedition layer. Pins and videos are Timothy Alberino / Alberino Analysis / Nephcon presentation — not DigIntoScripture dig consensus. Nephilim/Watchers/catastrophe framing is contested versus mainstream archaeology and Second Temple scholarship. Core OT/NT layers stay free and separate (Qumran already carries Alberino embeds with contested-framing disclosure). Sales / book / members / conference links do not raise dig-consensus confidence.",
        "ministry_label": "Timothy Alberino is an author/explorer/lecturer (Birthright; Book of Enoch commentary) whose Alberino Analysis members community and NephCon conference package alternative history, megaliths, Nephilim/Watchers theology, and UFO/disclosure topics. Channel presentation ≠ peer-reviewed dig consensus. Chip off-by-default.",
        "eras": [
          "Nuragic Bronze Age",
          "Modern visit / expedition"
        ],
        "sources": "Alberino Analysis YouTube embeds (Tombs of the Giants clip; VFTB Sardinia podcast; Beyond the Paradigm; True Legends Ep3 trailer). GenSix True Legends Episode 3 synopsis. Official site timothyalberino.com.",
        "status_kind": "visitor",
        "mgrs": "32TNL2989644392",
        "region_bucket": "other",
        "visit_confirmed": true,
        "what_he_shows": "On-site walking of Nuragic giant-tomb architecture; megalithic orthostats; incubation-rite folklore.",
        "coord_precision": "region",
        "country": "Italy"
      }
    },
    {
      "type": "Feature",
      "geometry": {
        "type": "Point",
        "coordinates": [
          9.116648,
          39.222353
        ]
      },
      "properties": {
        "id": "SPN-alberino-30",
        "layer": "sponsor:alberino",
        "name": "Cagliari — National Archaeological Museum (Sardinia)",
        "sponsor_id": "alberino",
        "sponsor_label": "Expedition: Alberino (sponsor)",
        "found": "On-site tomb clip explicitly ties the filmed tomb to a model Alberino saw in the museum in Cagliari, capital of Sardinia.",
        "support": "ZixJlNicMWY: “This is the actual tomb of the model that we were looking at in the museum in Cagliari, in the capital of Sardinia.”",
        "notes": "Town pin for Cagliari museum stop on the Sardinia True Legends shoot. Contested giants framing still applies.",
        "surveyor_solidity": "mixed",
        "surveyor_caveat": "Alberino’s Nephilim/Watchers/catastrophe framing is contested versus mainstream archaeology and dig consensus. Channel / expedition presentation only — not DigIntoScripture dig consensus. Holy Bible remains canon. Museum visit confirmed in archive narration. Contested Nephilim packaging of Nuragic culture.",
        "gospel_hook": "",
        "related_videos": [
          {
            "embed": "https://www.youtube.com/embed/ZixJlNicMWY",
            "provider": "youtube",
            "title": "The Tombs of the Giants",
            "source": "https://www.youtube.com/watch?v=ZixJlNicMWY",
            "label": "Sponsor video (Alberino Analysis)",
            "disclosure": "Sponsor expedition layer. Pins and videos are Timothy Alberino / Alberino Analysis / Nephcon presentation — not DigIntoScripture dig consensus. Nephilim/Watchers/catastrophe framing is contested versus mainstream archaeology and Second Temple scholarship. Core OT/NT layers stay free and separate (Qumran already carries Alberino embeds with contested-framing disclosure). Sales / book / members / conference links do not raise dig-consensus confidence."
          },
          {
            "embed": "https://www.youtube.com/embed/GnlaLPTX_ZQ",
            "provider": "youtube",
            "title": "True Legends - Episode 3: Holocaust of Giants Official Trailer",
            "source": "https://www.youtube.com/watch?v=GnlaLPTX_ZQ",
            "label": "Sponsor video (Alberino Analysis)",
            "disclosure": "Sponsor expedition layer. Pins and videos are Timothy Alberino / Alberino Analysis / Nephcon presentation — not DigIntoScripture dig consensus. Nephilim/Watchers/catastrophe framing is contested versus mainstream archaeology and Second Temple scholarship. Core OT/NT layers stay free and separate (Qumran already carries Alberino embeds with contested-framing disclosure). Sales / book / members / conference links do not raise dig-consensus confidence."
          },
          {
            "embed": "https://www.youtube.com/embed/_x__HMZNUK0",
            "provider": "youtube",
            "title": "Sardinia Tombs of the Giants | A View From the Bunker Podcast",
            "source": "https://www.youtube.com/watch?v=_x__HMZNUK0",
            "label": "Sponsor video (Alberino Analysis)",
            "disclosure": "Sponsor expedition layer. Pins and videos are Timothy Alberino / Alberino Analysis / Nephcon presentation — not DigIntoScripture dig consensus. Nephilim/Watchers/catastrophe framing is contested versus mainstream archaeology and Second Temple scholarship. Core OT/NT layers stay free and separate (Qumran already carries Alberino embeds with contested-framing disclosure). Sales / book / members / conference links do not raise dig-consensus confidence."
          }
        ],
        "sponsor_cta_label": "Their content (paywall)",
        "sponsor_cta_url": "https://thealberinoanalysis.com/",
        "sponsor_cta_host": "thealberinoanalysis.com",
        "sponsor_cta_alt_url": "https://timothyalberino.com/",
        "sponsor_cta_alt_label": "Timothy Alberino (site)",
        "sponsor_book_cta_label": "Buy their book",
        "sponsor_book_cta_url": "https://www.amazon.com/Birthright-Posthuman-Apocalypse-Usurpation-Dominion/dp/B08M83XF8W",
        "sponsor_book_cta_host": "amazon.com",
        "affiliate_disclosed": true,
        "affiliate_note": "Sponsor / affiliate disclosure — outbound Amazon product link only; DigIntoScripture affiliate not negotiated yet.",
        "disclosure": "Sponsor expedition layer. Pins and videos are Timothy Alberino / Alberino Analysis / Nephcon presentation — not DigIntoScripture dig consensus. Nephilim/Watchers/catastrophe framing is contested versus mainstream archaeology and Second Temple scholarship. Core OT/NT layers stay free and separate (Qumran already carries Alberino embeds with contested-framing disclosure). Sales / book / members / conference links do not raise dig-consensus confidence.",
        "ministry_label": "Timothy Alberino is an author/explorer/lecturer (Birthright; Book of Enoch commentary) whose Alberino Analysis members community and NephCon conference package alternative history, megaliths, Nephilim/Watchers theology, and UFO/disclosure topics. Channel presentation ≠ peer-reviewed dig consensus. Chip off-by-default.",
        "eras": [
          "Nuragic Bronze Age (museum)",
          "Modern visit / expedition"
        ],
        "sources": "Alberino Analysis YouTube embeds (Tombs of the Giants; True Legends Ep3 trailer; VFTB). Official site timothyalberino.com.",
        "status_kind": "visitor",
        "mgrs": "32SNJ1006941458",
        "region_bucket": "other",
        "visit_confirmed": true,
        "what_he_shows": "Museum model of a Giants’ Tomb compared with the field tomb.",
        "coord_precision": "town",
        "country": "Italy"
      }
    },
    {
      "type": "Feature",
      "geometry": {
        "type": "Point",
        "coordinates": [
          -84.137,
          9.39
        ]
      },
      "properties": {
        "id": "SPN-alberino-31",
        "layer": "sponsor:alberino",
        "name": "Manuel Antonio, Costa Rica (Blurry Creatures conference)",
        "sponsor_id": "alberino",
        "sponsor_label": "Expedition: Alberino (sponsor)",
        "found": "Alberino organized Blurry Creatures / Birthright-style conferences in Manuel Antonio, Costa Rica (including a Feb 13–15, 2025 return event).",
        "support": "mvTDEyL-8BU: organized conference in Costa Rica with Nate Henry & Luke Rogers; announces return to Manuel Antonio. w_WJhAe18wc plugs Costa Rica conference livestream.",
        "notes": "Conference / event visitor pin — not a dig site. Contested theology at the event does not raise dig-consensus confidence.",
        "surveyor_solidity": "weak",
        "surveyor_caveat": "Alberino’s Nephilim/Watchers/catastrophe framing is contested versus mainstream archaeology and dig consensus. Channel / expedition presentation only — not DigIntoScripture dig consensus. Holy Bible remains canon. Event pin. Contested Nephilim/Watchers conference framing.",
        "gospel_hook": "",
        "related_videos": [
          {
            "embed": "https://www.youtube.com/embed/mvTDEyL-8BU",
            "provider": "youtube",
            "title": "The Galactic War and Cosmic Geography | with Timothy Alberino & Joel Muddamalle",
            "source": "https://www.youtube.com/watch?v=mvTDEyL-8BU",
            "label": "Sponsor video (Alberino Analysis)",
            "disclosure": "Sponsor expedition layer. Pins and videos are Timothy Alberino / Alberino Analysis / Nephcon presentation — not DigIntoScripture dig consensus. Nephilim/Watchers/catastrophe framing is contested versus mainstream archaeology and Second Temple scholarship. Core OT/NT layers stay free and separate (Qumran already carries Alberino embeds with contested-framing disclosure). Sales / book / members / conference links do not raise dig-consensus confidence."
          },
          {
            "embed": "https://www.youtube.com/embed/w_WJhAe18wc",
            "provider": "youtube",
            "title": "Sins of the Angels | Blurry Creatures",
            "source": "https://www.youtube.com/watch?v=w_WJhAe18wc",
            "label": "Sponsor video (Alberino Analysis)",
            "disclosure": "Sponsor expedition layer. Pins and videos are Timothy Alberino / Alberino Analysis / Nephcon presentation — not DigIntoScripture dig consensus. Nephilim/Watchers/catastrophe framing is contested versus mainstream archaeology and Second Temple scholarship. Core OT/NT layers stay free and separate (Qumran already carries Alberino embeds with contested-framing disclosure). Sales / book / members / conference links do not raise dig-consensus confidence."
          }
        ],
        "sponsor_cta_label": "Their content (paywall)",
        "sponsor_cta_url": "https://thealberinoanalysis.com/",
        "sponsor_cta_host": "thealberinoanalysis.com",
        "sponsor_cta_alt_url": "https://timothyalberino.com/",
        "sponsor_cta_alt_label": "Timothy Alberino (site)",
        "sponsor_book_cta_label": "Buy their book",
        "sponsor_book_cta_url": "https://www.amazon.com/Birthright-Posthuman-Apocalypse-Usurpation-Dominion/dp/B08M83XF8W",
        "sponsor_book_cta_host": "amazon.com",
        "affiliate_disclosed": true,
        "affiliate_note": "Sponsor / affiliate disclosure — outbound Amazon product link only; DigIntoScripture affiliate not negotiated yet.",
        "disclosure": "Sponsor expedition layer. Pins and videos are Timothy Alberino / Alberino Analysis / Nephcon presentation — not DigIntoScripture dig consensus. Nephilim/Watchers/catastrophe framing is contested versus mainstream archaeology and Second Temple scholarship. Core OT/NT layers stay free and separate (Qumran already carries Alberino embeds with contested-framing disclosure). Sales / book / members / conference links do not raise dig-consensus confidence.",
        "ministry_label": "Timothy Alberino is an author/explorer/lecturer (Birthright; Book of Enoch commentary) whose Alberino Analysis members community and NephCon conference package alternative history, megaliths, Nephilim/Watchers theology, and UFO/disclosure topics. Channel presentation ≠ peer-reviewed dig consensus. Chip off-by-default.",
        "eras": [
          "Modern visit / conference"
        ],
        "sources": "Alberino Analysis YouTube embeds (Galactic War / Muddamalle; Sins of the Angels). Events: timothyalberino.com/events/.",
        "status_kind": "visitor",
        "mgrs": "16PHR1446439252",
        "region_bucket": "other",
        "visit_confirmed": true,
        "what_he_shows": "Conference hosting in Manuel Antonio; event staging (not megalith architecture).",
        "coord_precision": "town",
        "country": "Costa Rica"
      }
    },
    {
      "type": "Feature",
      "geometry": {
        "type": "Point",
        "coordinates": [
          -77.3761,
          -5.9281
        ]
      },
      "properties": {
        "id": "SPN-alberino-32",
        "layer": "sponsor:alberino",
        "sponsor_id": "alberino",
        "sponsor_label": "Expedition: Alberino (sponsor)",
        "name": "Capoi megaliths (San Martín high jungle)",
        "country": "Peru",
        "mgrs": "18MTU36924417",
        "mgrs_note": "Archive names Capoi / Capulia near Moyobamba (San Martín). Pin uses Capuli caserío centroid (Nueva Cajamarca / Rioja) as best published match; spelling and exact trailhead remain uncertain.",
        "found": "After viral Wandering Wolf footage, Alberino hiked into Capoi village (San Martín), surveyed alleged megalithic blocks along an ancient road, and filmed on-site approach shots.",
        "support": "G_HEPYHO55o field report: traveled Iquitos→Tarapoto→Moyobamba, hiked ~40 minutes to Capoi/Capulia, surveyed stones, compared them to Andean polygonal walls and Baalbek-scale claims, then checked nearby Laculka cascade. Visit confirmed by first-person field narration.",
        "notes": "He concludes many Capoi blocks look like natural/harvested stone more than finished polygonal masonry, while still suspecting a lost city elsewhere in the corridor. Contested “city of giants” packaging. Coordinates uncertain — Capoi spelling varies.",
        "surveyor_solidity": "mixed",
        "surveyor_caveat": "Alberino’s Nephilim/Watchers/catastrophe framing is contested versus mainstream archaeology and dig consensus. Channel / expedition presentation only — not DigIntoScripture dig consensus. Holy Bible remains canon. Field photos ≠ verified lost city of giants. Contested Nephilim packaging.",
        "gospel_hook": "",
        "related_videos": [
          {
            "embed": "https://www.youtube.com/embed/G_HEPYHO55o",
            "provider": "youtube",
            "title": "Megaliths Discovered in the Amazon Jungle | A Lost City of Giants?",
            "source": "https://www.youtube.com/watch?v=G_HEPYHO55o",
            "label": "Sponsor video (Alberino Analysis)",
            "disclosure": "Sponsor expedition layer. Pins and videos are Timothy Alberino / Alberino Analysis / Nephcon presentation — not DigIntoScripture dig consensus. Nephilim/Watchers/catastrophe framing is contested versus mainstream archaeology and Second Temple scholarship. Core OT/NT layers stay free and separate (Qumran already carries Alberino embeds with contested-framing disclosure). Sales / book / members / conference links do not raise dig-consensus confidence."
          },
          {
            "embed": "https://www.youtube.com/embed/Ox3p3uwjBNg",
            "provider": "youtube",
            "title": "Who is Hiding the Bones of Giants and Why? | The Common Sense Show",
            "source": "https://www.youtube.com/watch?v=Ox3p3uwjBNg",
            "label": "Sponsor video (Alberino Analysis)",
            "disclosure": "Sponsor expedition layer. Pins and videos are Timothy Alberino / Alberino Analysis / Nephcon presentation — not DigIntoScripture dig consensus. Nephilim/Watchers/catastrophe framing is contested versus mainstream archaeology and Second Temple scholarship. Core OT/NT layers stay free and separate (Qumran already carries Alberino embeds with contested-framing disclosure). Sales / book / members / conference links do not raise dig-consensus confidence."
          },
          {
            "embed": "https://www.youtube.com/embed/haNBttoDpGU",
            "provider": "youtube",
            "title": "Alien Mummies, Megaliths in the Amazon, & Secrets Beneath the Pyramids of Giza | Quite Frankly",
            "source": "https://www.youtube.com/watch?v=haNBttoDpGU",
            "label": "Sponsor video (Alberino Analysis)",
            "disclosure": "Sponsor expedition layer. Pins and videos are Timothy Alberino / Alberino Analysis / Nephcon presentation — not DigIntoScripture dig consensus. Nephilim/Watchers/catastrophe framing is contested versus mainstream archaeology and Second Temple scholarship. Core OT/NT layers stay free and separate (Qumran already carries Alberino embeds with contested-framing disclosure). Sales / book / members / conference links do not raise dig-consensus confidence."
          }
        ],
        "sources": "Alberino Analysis YouTube embeds (Megaliths Discovered in the Amazon Jungle; Common Sense Show giants/Amazon walls; Quite Frankly). Official site timothyalberino.com.",
        "eras": [
          "Pre-Columbian Amazon / Chachapoya corridor (channel framing)",
          "Modern visit / expedition"
        ],
        "status_kind": "visitor",
        "what_he_shows": "On-site hike and field analysis of alleged Amazon/high-jungle megalith blocks and ancient road.",
        "coord_precision": "uncertain",
        "visit_confirmed": true,
        "sponsor_cta_label": "Their content (paywall)",
        "sponsor_cta_url": "https://thealberinoanalysis.com/",
        "sponsor_cta_host": "thealberinoanalysis.com",
        "sponsor_cta_alt_url": "https://timothyalberino.com/",
        "sponsor_cta_alt_label": "Timothy Alberino (site)",
        "sponsor_book_cta_label": "Buy their book",
        "sponsor_book_cta_url": "https://www.amazon.com/Birthright-Posthuman-Apocalypse-Usurpation-Dominion/dp/B08M83XF8W",
        "sponsor_book_cta_host": "amazon.com",
        "affiliate_disclosed": true,
        "affiliate_note": "Sponsor / affiliate disclosure — outbound Amazon product link only; DigIntoScripture affiliate not negotiated yet.",
        "disclosure": "Sponsor expedition layer. Pins and videos are Timothy Alberino / Alberino Analysis / Nephcon presentation — not DigIntoScripture dig consensus. Nephilim/Watchers/catastrophe framing is contested versus mainstream archaeology and Second Temple scholarship. Core OT/NT layers stay free and separate (Qumran already carries Alberino embeds with contested-framing disclosure). Sales / book / members / conference links do not raise dig-consensus confidence.",
        "ministry_label": "Timothy Alberino is an author/explorer/lecturer (Birthright; Book of Enoch commentary) whose Alberino Analysis members community and NephCon conference package alternative history, megaliths, Nephilim/Watchers theology, and UFO/disclosure topics. Channel presentation ≠ peer-reviewed dig consensus. Chip off-by-default. Thin biblical-map overlap expected after Kramer pack.",
        "attached_map_pin_id": null,
        "attached_primary_id": null,
        "region_bucket": "SA"
      }
    },
    {
      "type": "Feature",
      "geometry": {
        "type": "Point",
        "coordinates": [
          -69.5411,
          -16.1707
        ]
      },
      "properties": {
        "id": "SPN-alberino-33",
        "layer": "sponsor:alberino",
        "sponsor_id": "alberino",
        "sponsor_label": "Expedition: Alberino (sponsor)",
        "name": "Aramu Muru (Hayu Marka doorway)",
        "country": "Peru",
        "mgrs": "19KDC42151210",
        "mgrs_note": null,
        "found": "True Legends Episode 1 (Technology of the Fallen) films Alberino and GenSix crew on the Altiplano culminating at Aramu Muru’s carved “doorway,” including an overnight camp to test portal lore.",
        "support": "GenSix episode synopsis (www.gensix.com) states Alberino’s crew examines Tiwanaku/Puma Punku then camps at Aramu Muru. Archive trailer lQSEdLUi3DI + Andes interviews (oiInK7P0fXc) discuss altiplano/Puno-area lore and camping at the ominous gate.",
        "notes": "The carved rock niche is a real tourist/folklore site near Lake Titicaca. “Stargate / interdimensional portal” readings are contested fringe, not dig consensus. Visitor pin.",
        "surveyor_solidity": "weak",
        "surveyor_caveat": "Alberino’s Nephilim/Watchers/catastrophe framing is contested versus mainstream archaeology and dig consensus. Channel / expedition presentation only — not DigIntoScripture dig consensus. Holy Bible remains canon. Portal/stargate claims are contested folklore. Contested Nephilim/catastrophe packaging.",
        "gospel_hook": "",
        "related_videos": [
          {
            "embed": "https://www.youtube.com/embed/lQSEdLUi3DI",
            "provider": "youtube",
            "title": "True Legends \"Technology of the Fallen\" trailer",
            "source": "https://www.youtube.com/watch?v=lQSEdLUi3DI",
            "label": "Sponsor video (Alberino Analysis)",
            "disclosure": "Sponsor expedition layer. Pins and videos are Timothy Alberino / Alberino Analysis / Nephcon presentation — not DigIntoScripture dig consensus. Nephilim/Watchers/catastrophe framing is contested versus mainstream archaeology and Second Temple scholarship. Core OT/NT layers stay free and separate (Qumran already carries Alberino embeds with contested-framing disclosure). Sales / book / members / conference links do not raise dig-consensus confidence."
          },
          {
            "embed": "https://www.youtube.com/embed/oiInK7P0fXc",
            "provider": "youtube",
            "title": "Fallen Angels Under the Andes? | Blurry Creatures Podcast",
            "source": "https://www.youtube.com/watch?v=oiInK7P0fXc",
            "label": "Sponsor video (Alberino Analysis)",
            "disclosure": "Sponsor expedition layer. Pins and videos are Timothy Alberino / Alberino Analysis / Nephcon presentation — not DigIntoScripture dig consensus. Nephilim/Watchers/catastrophe framing is contested versus mainstream archaeology and Second Temple scholarship. Core OT/NT layers stay free and separate (Qumran already carries Alberino embeds with contested-framing disclosure). Sales / book / members / conference links do not raise dig-consensus confidence."
          },
          {
            "embed": "https://www.youtube.com/embed/NvHaB1yYwYs",
            "provider": "youtube",
            "title": "Did the Nephilim Build the Megaliths? | Angelegend",
            "source": "https://www.youtube.com/watch?v=NvHaB1yYwYs",
            "label": "Sponsor video (Alberino Analysis)",
            "disclosure": "Sponsor expedition layer. Pins and videos are Timothy Alberino / Alberino Analysis / Nephcon presentation — not DigIntoScripture dig consensus. Nephilim/Watchers/catastrophe framing is contested versus mainstream archaeology and Second Temple scholarship. Core OT/NT layers stay free and separate (Qumran already carries Alberino embeds with contested-framing disclosure). Sales / book / members / conference links do not raise dig-consensus confidence."
          }
        ],
        "sources": "GenSix True Legends Episode 1 synopsis (www.gensix.com); Alberino Analysis YouTube embeds (Technology of the Fallen trailer; Andes interviews). Official site timothyalberino.com. GenSix is a commercial/advocacy store — synopsis paraphrased; link only, no rehost.",
        "eras": [
          "Pre-Columbian Altiplano (folklore locus)",
          "Modern visit / expedition"
        ],
        "status_kind": "visitor",
        "what_he_shows": "On-site filming / overnight camp at the carved rock doorway; portal lore discussion.",
        "coord_precision": "exact site",
        "visit_confirmed": true,
        "sponsor_cta_label": "Their content (paywall)",
        "sponsor_cta_url": "https://thealberinoanalysis.com/",
        "sponsor_cta_host": "thealberinoanalysis.com",
        "sponsor_cta_alt_url": "https://timothyalberino.com/",
        "sponsor_cta_alt_label": "Timothy Alberino (site)",
        "sponsor_book_cta_label": "Buy their book",
        "sponsor_book_cta_url": "https://www.amazon.com/Birthright-Posthuman-Apocalypse-Usurpation-Dominion/dp/B08M83XF8W",
        "sponsor_book_cta_host": "amazon.com",
        "affiliate_disclosed": true,
        "affiliate_note": "Sponsor / affiliate disclosure — outbound Amazon product link only; DigIntoScripture affiliate not negotiated yet.",
        "disclosure": "Sponsor expedition layer. Pins and videos are Timothy Alberino / Alberino Analysis / Nephcon presentation — not DigIntoScripture dig consensus. Nephilim/Watchers/catastrophe framing is contested versus mainstream archaeology and Second Temple scholarship. Core OT/NT layers stay free and separate (Qumran already carries Alberino embeds with contested-framing disclosure). Sales / book / members / conference links do not raise dig-consensus confidence.",
        "ministry_label": "Timothy Alberino is an author/explorer/lecturer (Birthright; Book of Enoch commentary) whose Alberino Analysis members community and NephCon conference package alternative history, megaliths, Nephilim/Watchers theology, and UFO/disclosure topics. Channel presentation ≠ peer-reviewed dig consensus. Chip off-by-default. Thin biblical-map overlap expected after Kramer pack.",
        "attached_map_pin_id": null,
        "attached_primary_id": null,
        "region_bucket": "SA"
      }
    },
    {
      "type": "Feature",
      "geometry": {
        "type": "Point",
        "coordinates": [
          -70.0219,
          -15.8402
        ]
      },
      "properties": {
        "id": "SPN-alberino-34",
        "layer": "sponsor:alberino",
        "sponsor_id": "alberino",
        "sponsor_label": "Expedition: Alberino (sponsor)",
        "name": "Puno / Lake Titicaca altiplano",
        "country": "Peru",
        "mgrs": "19LCC90574847",
        "mgrs_note": null,
        "found": "True Legends Episode 1 bases Alberino’s Altiplano investigation on the shores of Lake Titicaca (Peru/Bolivia), including Puno-area lore and approaches to Tiwanaku / Aramu Muru.",
        "support": "GenSix Episode 1 description: High Plain of Peru and Bolivia on Lake Titicaca. oiInK7P0fXc names Puno / altiplano and Aymara lore. Town pin at Puno.",
        "notes": "Regional visitor hub for altiplano megalith and folklore work. Contested giants/fallen-angels packaging vs mainstream Andean archaeology.",
        "surveyor_solidity": "mixed",
        "surveyor_caveat": "Alberino’s Nephilim/Watchers/catastrophe framing is contested versus mainstream archaeology and dig consensus. Channel / expedition presentation only — not DigIntoScripture dig consensus. Holy Bible remains canon. Contested Nephilim/catastrophe framing of altiplano sites.",
        "gospel_hook": "",
        "related_videos": [
          {
            "embed": "https://www.youtube.com/embed/lQSEdLUi3DI",
            "provider": "youtube",
            "title": "True Legends \"Technology of the Fallen\" trailer",
            "source": "https://www.youtube.com/watch?v=lQSEdLUi3DI",
            "label": "Sponsor video (Alberino Analysis)",
            "disclosure": "Sponsor expedition layer. Pins and videos are Timothy Alberino / Alberino Analysis / Nephcon presentation — not DigIntoScripture dig consensus. Nephilim/Watchers/catastrophe framing is contested versus mainstream archaeology and Second Temple scholarship. Core OT/NT layers stay free and separate (Qumran already carries Alberino embeds with contested-framing disclosure). Sales / book / members / conference links do not raise dig-consensus confidence."
          },
          {
            "embed": "https://www.youtube.com/embed/oiInK7P0fXc",
            "provider": "youtube",
            "title": "Fallen Angels Under the Andes? | Blurry Creatures Podcast",
            "source": "https://www.youtube.com/watch?v=oiInK7P0fXc",
            "label": "Sponsor video (Alberino Analysis)",
            "disclosure": "Sponsor expedition layer. Pins and videos are Timothy Alberino / Alberino Analysis / Nephcon presentation — not DigIntoScripture dig consensus. Nephilim/Watchers/catastrophe framing is contested versus mainstream archaeology and Second Temple scholarship. Core OT/NT layers stay free and separate (Qumran already carries Alberino embeds with contested-framing disclosure). Sales / book / members / conference links do not raise dig-consensus confidence."
          },
          {
            "embed": "https://www.youtube.com/embed/NvHaB1yYwYs",
            "provider": "youtube",
            "title": "Did the Nephilim Build the Megaliths? | Angelegend",
            "source": "https://www.youtube.com/watch?v=NvHaB1yYwYs",
            "label": "Sponsor video (Alberino Analysis)",
            "disclosure": "Sponsor expedition layer. Pins and videos are Timothy Alberino / Alberino Analysis / Nephcon presentation — not DigIntoScripture dig consensus. Nephilim/Watchers/catastrophe framing is contested versus mainstream archaeology and Second Temple scholarship. Core OT/NT layers stay free and separate (Qumran already carries Alberino embeds with contested-framing disclosure). Sales / book / members / conference links do not raise dig-consensus confidence."
          }
        ],
        "sources": "GenSix True Legends Episode 1 synopsis; Alberino Analysis YouTube embeds. Official site timothyalberino.com.",
        "eras": [
          "Tiwanaku sphere / Altiplano",
          "Modern visit / expedition"
        ],
        "status_kind": "visitor",
        "what_he_shows": "Altiplano expedition base; Lake Titicaca shore lore; staging for Tiwanaku / Aramu Muru.",
        "coord_precision": "town",
        "visit_confirmed": true,
        "sponsor_cta_label": "Their content (paywall)",
        "sponsor_cta_url": "https://thealberinoanalysis.com/",
        "sponsor_cta_host": "thealberinoanalysis.com",
        "sponsor_cta_alt_url": "https://timothyalberino.com/",
        "sponsor_cta_alt_label": "Timothy Alberino (site)",
        "sponsor_book_cta_label": "Buy their book",
        "sponsor_book_cta_url": "https://www.amazon.com/Birthright-Posthuman-Apocalypse-Usurpation-Dominion/dp/B08M83XF8W",
        "sponsor_book_cta_host": "amazon.com",
        "affiliate_disclosed": true,
        "affiliate_note": "Sponsor / affiliate disclosure — outbound Amazon product link only; DigIntoScripture affiliate not negotiated yet.",
        "disclosure": "Sponsor expedition layer. Pins and videos are Timothy Alberino / Alberino Analysis / Nephcon presentation — not DigIntoScripture dig consensus. Nephilim/Watchers/catastrophe framing is contested versus mainstream archaeology and Second Temple scholarship. Core OT/NT layers stay free and separate (Qumran already carries Alberino embeds with contested-framing disclosure). Sales / book / members / conference links do not raise dig-consensus confidence.",
        "ministry_label": "Timothy Alberino is an author/explorer/lecturer (Birthright; Book of Enoch commentary) whose Alberino Analysis members community and NephCon conference package alternative history, megaliths, Nephilim/Watchers theology, and UFO/disclosure topics. Channel presentation ≠ peer-reviewed dig consensus. Chip off-by-default. Thin biblical-map overlap expected after Kramer pack.",
        "attached_map_pin_id": null,
        "attached_primary_id": null,
        "region_bucket": "SA"
      }
    },
    {
      "type": "Feature",
      "geometry": {
        "type": "Point",
        "coordinates": [
          35.857,
          33.4162
        ]
      },
      "properties": {
        "id": "SPN-alberino-35",
        "layer": "sponsor:alberino",
        "sponsor_id": "alberino",
        "sponsor_label": "Expedition: Alberino (sponsor)",
        "name": "Mount Hermon (Watchers descent locus — Enoch)",
        "country": "Lebanon / Syria / Israel (tripoint region)",
        "mgrs": "36SYC65670107",
        "mgrs_note": "Summit-region centroid for Mount Hermon. Archive treats Hermon as Enochic Watchers’ descent locus; no archive transcript confirmed on-summit walk. Do NOT attach to BAN-01 Banias.",
        "found": "TEACHING LOCUS ONLY — not a confirmed on-site visit pin. Archive treats this as a named teaching / comparison locus; no clear on-summit / on-plateau walking shoot confirmed in the local archive. Alberino’s Birthright / Enoch teaching centers Genesis 6 Watchers descending on Mount Hermon and breeding Nephilim; repeated across Analysis/podcast episodes.",
        "support": "3K85kJUE4Ic, URzIaePTdrY, 3___S7S4LVs, oiInK7P0fXc name Mount Hermon as Watchers’ descent locus. visit_confirmed=false — theology/presentation locus, not a filmed summit walk in the local archive.",
        "notes": "Teaching-locus pin (visit_confirmed=false) — channel theology / named-site talk, not DigIntoScripture dig consensus and not an on-site walk confirmation. New visitor presentation pin — not attached to BAN-01 (Banias never named in Alberino notes). Hermon-as-Watchers-descent is Enochic/channel theology, contested vs mainstream Second Temple scholarship and vs biblical-map dig consensus.",
        "surveyor_solidity": "mixed",
        "surveyor_caveat": "Teaching locus / not on-site visit confirmed. Alberino’s Nephilim/Watchers/catastrophe framing is contested versus mainstream archaeology and dig consensus. Channel / expedition presentation only — not DigIntoScripture dig consensus. Holy Bible remains canon. visit_confirmed=false. Contested Enochic/Watchers framing. Do not force-attach to BAN-01.",
        "gospel_hook": "",
        "related_videos": [
          {
            "embed": "https://www.youtube.com/embed/3K85kJUE4Ic",
            "provider": "youtube",
            "title": "Enoch, Megaliths, Watchers | The Hunter's Quest Podcast",
            "source": "https://www.youtube.com/watch?v=3K85kJUE4Ic",
            "label": "Sponsor video (Alberino Analysis)",
            "disclosure": "Sponsor expedition layer. Pins and videos are Timothy Alberino / Alberino Analysis / Nephcon presentation — not DigIntoScripture dig consensus. Nephilim/Watchers/catastrophe framing is contested versus mainstream archaeology and Second Temple scholarship. Core OT/NT layers stay free and separate (Qumran already carries Alberino embeds with contested-framing disclosure). Sales / book / members / conference links do not raise dig-consensus confidence."
          },
          {
            "embed": "https://www.youtube.com/embed/URzIaePTdrY",
            "provider": "youtube",
            "title": "Birthright Series, Part 7 | Fall of the Watchers",
            "source": "https://www.youtube.com/watch?v=URzIaePTdrY",
            "label": "Sponsor video (Alberino Analysis)",
            "disclosure": "Sponsor expedition layer. Pins and videos are Timothy Alberino / Alberino Analysis / Nephcon presentation — not DigIntoScripture dig consensus. Nephilim/Watchers/catastrophe framing is contested versus mainstream archaeology and Second Temple scholarship. Core OT/NT layers stay free and separate (Qumran already carries Alberino embeds with contested-framing disclosure). Sales / book / members / conference links do not raise dig-consensus confidence."
          },
          {
            "embed": "https://www.youtube.com/embed/3___S7S4LVs",
            "provider": "youtube",
            "title": "Birthright Series, Part 8 | Rise of the Giants",
            "source": "https://www.youtube.com/watch?v=3___S7S4LVs",
            "label": "Sponsor video (Alberino Analysis)",
            "disclosure": "Sponsor expedition layer. Pins and videos are Timothy Alberino / Alberino Analysis / Nephcon presentation — not DigIntoScripture dig consensus. Nephilim/Watchers/catastrophe framing is contested versus mainstream archaeology and Second Temple scholarship. Core OT/NT layers stay free and separate (Qumran already carries Alberino embeds with contested-framing disclosure). Sales / book / members / conference links do not raise dig-consensus confidence."
          },
          {
            "embed": "https://www.youtube.com/embed/oiInK7P0fXc",
            "provider": "youtube",
            "title": "Fallen Angels Under the Andes? | Blurry Creatures Podcast",
            "source": "https://www.youtube.com/watch?v=oiInK7P0fXc",
            "label": "Sponsor video (Alberino Analysis)",
            "disclosure": "Sponsor expedition layer. Pins and videos are Timothy Alberino / Alberino Analysis / Nephcon presentation — not DigIntoScripture dig consensus. Nephilim/Watchers/catastrophe framing is contested versus mainstream archaeology and Second Temple scholarship. Core OT/NT layers stay free and separate (Qumran already carries Alberino embeds with contested-framing disclosure). Sales / book / members / conference links do not raise dig-consensus confidence."
          }
        ],
        "sources": "Alberino Analysis YouTube embeds (Hunter’s Quest Enoch/Megaliths/Watchers; Birthright Parts 7–8; Andes interview Hermon aside). Official site timothyalberino.com. Book of Enoch commentary on Amazon (outbound).",
        "eras": [
          "Second Temple / Enochic literature (channel framing)",
          "Modern teaching locus"
        ],
        "status_kind": "visitor",
        "what_he_shows": "Teaching locus for Watchers/Nephilim narrative (Book of Enoch / Birthright) — not an on-site megalith walk in archive.",
        "coord_precision": "region",
        "visit_confirmed": false,
        "sponsor_cta_label": "Their content (paywall)",
        "sponsor_cta_url": "https://thealberinoanalysis.com/",
        "sponsor_cta_host": "thealberinoanalysis.com",
        "sponsor_cta_alt_url": "https://timothyalberino.com/",
        "sponsor_cta_alt_label": "Timothy Alberino (site)",
        "sponsor_book_cta_label": "Buy their book",
        "sponsor_book_cta_url": "https://www.amazon.com/Birthright-Posthuman-Apocalypse-Usurpation-Dominion/dp/B08M83XF8W",
        "sponsor_book_cta_host": "amazon.com",
        "affiliate_disclosed": true,
        "affiliate_note": "Sponsor / affiliate disclosure — outbound Amazon product link only; DigIntoScripture affiliate not negotiated yet.",
        "disclosure": "Sponsor expedition layer. Pins and videos are Timothy Alberino / Alberino Analysis / Nephcon presentation — not DigIntoScripture dig consensus. Nephilim/Watchers/catastrophe framing is contested versus mainstream archaeology and Second Temple scholarship. Core OT/NT layers stay free and separate (Qumran already carries Alberino embeds with contested-framing disclosure). Sales / book / members / conference links do not raise dig-consensus confidence.",
        "ministry_label": "Timothy Alberino is an author/explorer/lecturer (Birthright; Book of Enoch commentary) whose Alberino Analysis members community and NephCon conference package alternative history, megaliths, Nephilim/Watchers theology, and UFO/disclosure topics. Channel presentation ≠ peer-reviewed dig consensus. Chip off-by-default. Thin biblical-map overlap expected after Kramer pack.",
        "attached_map_pin_id": null,
        "attached_primary_id": null,
        "region_bucket": "other"
      }
    },
    {
      "type": "Feature",
      "geometry": {
        "type": "Point",
        "coordinates": [
          31.1342,
          29.9792
        ]
      },
      "properties": {
        "id": "SPN-alberino-36",
        "layer": "sponsor:alberino",
        "sponsor_id": "alberino",
        "sponsor_label": "Expedition: Alberino (sponsor)",
        "name": "Giza plateau (tourist core)",
        "country": "Egypt",
        "mgrs": "36RUU19991794",
        "mgrs_note": "Tourist-plateau centroid (Khufu pyramid area). Under-pyramid / alternative-history claims are weak vs Egyptology. Do NOT attach to MEM-01 Memphis.",
        "found": "TEACHING LOCUS ONLY — not a confirmed on-site visit pin. Archive treats this as a named teaching / comparison locus; no clear on-summit / on-plateau walking shoot confirmed in the local archive. Alberino discusses Giza pyramids, under-pyramid claims, and megalith comparisons at length on podcasts; treats Giza as a named megalith locus in his wider synthesis.",
        "support": "haNBttoDpGU title/content centers “Secrets Beneath the Pyramids of Giza”; NvHaB1yYwYs / VZ5x77emhu4 name Giza among megalith examples. Archive does not clearly show an on-plateau walking shoot — visit_confirmed=false.",
        "notes": "Teaching-locus pin (visit_confirmed=false) — channel theology / named-site talk, not DigIntoScripture dig consensus and not an on-site walk confirmation. Weak solidity for under-pyramid / lost-civilization claims. Real tourist plateau only. Separate from MEM-01 Memphis (Mit Rahina). Contested framing.",
        "surveyor_solidity": "weak",
        "surveyor_caveat": "Teaching locus / not on-site visit confirmed. Alberino’s Nephilim/Watchers/catastrophe framing is contested versus mainstream archaeology and dig consensus. Channel / expedition presentation only — not DigIntoScripture dig consensus. Holy Bible remains canon. visit_confirmed=false. Under-pyramid claims contested vs mainstream Egyptology. Do not force-attach to MEM-01.",
        "gospel_hook": "",
        "related_videos": [
          {
            "embed": "https://www.youtube.com/embed/haNBttoDpGU",
            "provider": "youtube",
            "title": "Alien Mummies, Megaliths in the Amazon, & Secrets Beneath the Pyramids of Giza | Quite Frankly",
            "source": "https://www.youtube.com/watch?v=haNBttoDpGU",
            "label": "Sponsor video (Alberino Analysis)",
            "disclosure": "Sponsor expedition layer. Pins and videos are Timothy Alberino / Alberino Analysis / Nephcon presentation — not DigIntoScripture dig consensus. Nephilim/Watchers/catastrophe framing is contested versus mainstream archaeology and Second Temple scholarship. Core OT/NT layers stay free and separate (Qumran already carries Alberino embeds with contested-framing disclosure). Sales / book / members / conference links do not raise dig-consensus confidence."
          },
          {
            "embed": "https://www.youtube.com/embed/NvHaB1yYwYs",
            "provider": "youtube",
            "title": "Did the Nephilim Build the Megaliths? | Angelegend",
            "source": "https://www.youtube.com/watch?v=NvHaB1yYwYs",
            "label": "Sponsor video (Alberino Analysis)",
            "disclosure": "Sponsor expedition layer. Pins and videos are Timothy Alberino / Alberino Analysis / Nephcon presentation — not DigIntoScripture dig consensus. Nephilim/Watchers/catastrophe framing is contested versus mainstream archaeology and Second Temple scholarship. Core OT/NT layers stay free and separate (Qumran already carries Alberino embeds with contested-framing disclosure). Sales / book / members / conference links do not raise dig-consensus confidence."
          },
          {
            "embed": "https://www.youtube.com/embed/VZ5x77emhu4",
            "provider": "youtube",
            "title": "The Darwinian Historical Fallacy | Bennis the Menace Podcast",
            "source": "https://www.youtube.com/watch?v=VZ5x77emhu4",
            "label": "Sponsor video (Alberino Analysis)",
            "disclosure": "Sponsor expedition layer. Pins and videos are Timothy Alberino / Alberino Analysis / Nephcon presentation — not DigIntoScripture dig consensus. Nephilim/Watchers/catastrophe framing is contested versus mainstream archaeology and Second Temple scholarship. Core OT/NT layers stay free and separate (Qumran already carries Alberino embeds with contested-framing disclosure). Sales / book / members / conference links do not raise dig-consensus confidence."
          }
        ],
        "sources": "Alberino Analysis YouTube embeds (Quite Frankly Giza/Amazon; Nephilim megaliths talk; Darwinian Historical Fallacy). Official site timothyalberino.com.",
        "eras": [
          "Old Kingdom Egypt (tourist plateau)",
          "Modern teaching locus"
        ],
        "status_kind": "visitor",
        "what_he_shows": "Named-site talk about pyramids / under-plateau secrets and megalith comparisons — not a confirmed archive walking shoot.",
        "coord_precision": "exact site",
        "visit_confirmed": false,
        "sponsor_cta_label": "Their content (paywall)",
        "sponsor_cta_url": "https://thealberinoanalysis.com/",
        "sponsor_cta_host": "thealberinoanalysis.com",
        "sponsor_cta_alt_url": "https://timothyalberino.com/",
        "sponsor_cta_alt_label": "Timothy Alberino (site)",
        "sponsor_book_cta_label": "Buy their book",
        "sponsor_book_cta_url": "https://www.amazon.com/Birthright-Posthuman-Apocalypse-Usurpation-Dominion/dp/B08M83XF8W",
        "sponsor_book_cta_host": "amazon.com",
        "affiliate_disclosed": true,
        "affiliate_note": "Sponsor / affiliate disclosure — outbound Amazon product link only; DigIntoScripture affiliate not negotiated yet.",
        "disclosure": "Sponsor expedition layer. Pins and videos are Timothy Alberino / Alberino Analysis / Nephcon presentation — not DigIntoScripture dig consensus. Nephilim/Watchers/catastrophe framing is contested versus mainstream archaeology and Second Temple scholarship. Core OT/NT layers stay free and separate (Qumran already carries Alberino embeds with contested-framing disclosure). Sales / book / members / conference links do not raise dig-consensus confidence.",
        "ministry_label": "Timothy Alberino is an author/explorer/lecturer (Birthright; Book of Enoch commentary) whose Alberino Analysis members community and NephCon conference package alternative history, megaliths, Nephilim/Watchers theology, and UFO/disclosure topics. Channel presentation ≠ peer-reviewed dig consensus. Chip off-by-default. Thin biblical-map overlap expected after Kramer pack.",
        "attached_map_pin_id": null,
        "attached_primary_id": null,
        "region_bucket": "other"
      }
    },
    {
      "type": "Feature",
      "geometry": {
        "type": "Point",
        "coordinates": [
          12.4539,
          41.9022
        ]
      },
      "properties": {
        "id": "SPN-alberino-37",
        "layer": "sponsor:alberino",
        "sponsor_id": "alberino",
        "sponsor_label": "Expedition: Alberino (sponsor)",
        "name": "Rome (True Legends Episode 2 shoot)",
        "country": "Italy",
        "mgrs": "33TTG88804205",
        "mgrs_note": null,
        "found": "True Legends Update (Dec 2, 2015) films Alberino on location in Rome on the last day of shooting Episode 2 (The UnHoly See).",
        "support": "Y_zl25RH5tE: “we're here in Rome Italy shooting actually on the last day of our shoot for episode two.” I6ewL6DC70w is the Episode 2 trailer.",
        "notes": "Visitor pin for Rome shoot — Vatican/Jesuit/alien-savior themes in Episode 2 are contested commentary, not DigIntoScripture dig consensus. Town centroid near Vatican area as production locus.",
        "surveyor_solidity": "weak",
        "surveyor_caveat": "Alberino’s Nephilim/Watchers/catastrophe framing is contested versus mainstream archaeology and dig consensus. Channel / expedition presentation only — not DigIntoScripture dig consensus. Holy Bible remains canon. Event/production pin. Contested Vatican/alien-savior packaging in Episode 2.",
        "gospel_hook": "",
        "related_videos": [
          {
            "embed": "https://www.youtube.com/embed/Y_zl25RH5tE",
            "provider": "youtube",
            "title": "True Legends Update - 12/2/2015",
            "source": "https://www.youtube.com/watch?v=Y_zl25RH5tE",
            "label": "Sponsor video (Alberino Analysis)",
            "disclosure": "Sponsor expedition layer. Pins and videos are Timothy Alberino / Alberino Analysis / Nephcon presentation — not DigIntoScripture dig consensus. Nephilim/Watchers/catastrophe framing is contested versus mainstream archaeology and Second Temple scholarship. Core OT/NT layers stay free and separate (Qumran already carries Alberino embeds with contested-framing disclosure). Sales / book / members / conference links do not raise dig-consensus confidence."
          },
          {
            "embed": "https://www.youtube.com/embed/I6ewL6DC70w",
            "provider": "youtube",
            "title": "True Legends - Episode 2: The UnHoly See Official Trailer",
            "source": "https://www.youtube.com/watch?v=I6ewL6DC70w",
            "label": "Sponsor video (Alberino Analysis)",
            "disclosure": "Sponsor expedition layer. Pins and videos are Timothy Alberino / Alberino Analysis / Nephcon presentation — not DigIntoScripture dig consensus. Nephilim/Watchers/catastrophe framing is contested versus mainstream archaeology and Second Temple scholarship. Core OT/NT layers stay free and separate (Qumran already carries Alberino embeds with contested-framing disclosure). Sales / book / members / conference links do not raise dig-consensus confidence."
          }
        ],
        "sources": "Alberino Analysis YouTube embeds (True Legends Update 12/2/2015; Episode 2 trailer). GenSix True Legends series. Official site timothyalberino.com.",
        "eras": [
          "Modern visit / film shoot"
        ],
        "status_kind": "visitor",
        "what_he_shows": "On-location documentary shoot in Rome for True Legends Episode 2.",
        "coord_precision": "town",
        "visit_confirmed": true,
        "sponsor_cta_label": "Their content (paywall)",
        "sponsor_cta_url": "https://thealberinoanalysis.com/",
        "sponsor_cta_host": "thealberinoanalysis.com",
        "sponsor_cta_alt_url": "https://timothyalberino.com/",
        "sponsor_cta_alt_label": "Timothy Alberino (site)",
        "sponsor_book_cta_label": "Buy their book",
        "sponsor_book_cta_url": "https://www.amazon.com/Birthright-Posthuman-Apocalypse-Usurpation-Dominion/dp/B08M83XF8W",
        "sponsor_book_cta_host": "amazon.com",
        "affiliate_disclosed": true,
        "affiliate_note": "Sponsor / affiliate disclosure — outbound Amazon product link only; DigIntoScripture affiliate not negotiated yet.",
        "disclosure": "Sponsor expedition layer. Pins and videos are Timothy Alberino / Alberino Analysis / Nephcon presentation — not DigIntoScripture dig consensus. Nephilim/Watchers/catastrophe framing is contested versus mainstream archaeology and Second Temple scholarship. Core OT/NT layers stay free and separate (Qumran already carries Alberino embeds with contested-framing disclosure). Sales / book / members / conference links do not raise dig-consensus confidence.",
        "ministry_label": "Timothy Alberino is an author/explorer/lecturer (Birthright; Book of Enoch commentary) whose Alberino Analysis members community and NephCon conference package alternative history, megaliths, Nephilim/Watchers theology, and UFO/disclosure topics. Channel presentation ≠ peer-reviewed dig consensus. Chip off-by-default. Thin biblical-map overlap expected after Kramer pack.",
        "attached_map_pin_id": null,
        "attached_primary_id": null,
        "region_bucket": "other"
      }
    },
    {
      "type": "Feature",
      "geometry": {
        "type": "Point",
        "coordinates": [
          -77.0,
          -6.2
        ]
      },
      "properties": {
        "id": "SPN-alberino-38",
        "layer": "sponsor:alberino",
        "sponsor_id": "alberino",
        "sponsor_label": "Expedition: Alberino (sponsor)",
        "name": "Peru cloud-forest / high-jungle villages (travelogue)",
        "country": "Peru",
        "mgrs": "18MTU78691426",
        "mgrs_note": "Regional centroid for San Martín / Alto Mayo cloud-forest belt used as travelogue backdrop; archive does not fix one village name.",
        "found": "Travelogue episode recounts being stared at like a “traveling circus” while moving through Peruvian cloud-forest / jungle-mountain villages during expedition work.",
        "support": "tEX75mhio9c cloud-forest travelogue; linked thematically to Capoi high-jungle and Amazon expeditions.",
        "notes": "Region-level pin only — no single village fixed. Sets lived-expedition context. Contested when tied to high-strangeness claims.",
        "surveyor_solidity": "weak",
        "surveyor_caveat": "Alberino’s Nephilim/Watchers/catastrophe framing is contested versus mainstream archaeology and dig consensus. Channel / expedition presentation only — not DigIntoScripture dig consensus. Holy Bible remains canon. Uncertain village-level coords. Anecdotal travel narrative.",
        "gospel_hook": "",
        "related_videos": [
          {
            "embed": "https://www.youtube.com/embed/tEX75mhio9c",
            "provider": "youtube",
            "title": "High Strangeness in the Cloud Forest of Peru",
            "source": "https://www.youtube.com/watch?v=tEX75mhio9c",
            "label": "Sponsor video (Alberino Analysis)",
            "disclosure": "Sponsor expedition layer. Pins and videos are Timothy Alberino / Alberino Analysis / Nephcon presentation — not DigIntoScripture dig consensus. Nephilim/Watchers/catastrophe framing is contested versus mainstream archaeology and Second Temple scholarship. Core OT/NT layers stay free and separate (Qumran already carries Alberino embeds with contested-framing disclosure). Sales / book / members / conference links do not raise dig-consensus confidence."
          },
          {
            "embed": "https://www.youtube.com/embed/G_HEPYHO55o",
            "provider": "youtube",
            "title": "Megaliths Discovered in the Amazon Jungle | A Lost City of Giants?",
            "source": "https://www.youtube.com/watch?v=G_HEPYHO55o",
            "label": "Sponsor video (Alberino Analysis)",
            "disclosure": "Sponsor expedition layer. Pins and videos are Timothy Alberino / Alberino Analysis / Nephcon presentation — not DigIntoScripture dig consensus. Nephilim/Watchers/catastrophe framing is contested versus mainstream archaeology and Second Temple scholarship. Core OT/NT layers stay free and separate (Qumran already carries Alberino embeds with contested-framing disclosure). Sales / book / members / conference links do not raise dig-consensus confidence."
          },
          {
            "embed": "https://www.youtube.com/embed/mpCxDqvT7lg",
            "provider": "youtube",
            "title": "Peru Alien Attack Expedition Report",
            "source": "https://www.youtube.com/watch?v=mpCxDqvT7lg",
            "label": "Sponsor video (Alberino Analysis)",
            "disclosure": "Sponsor expedition layer. Pins and videos are Timothy Alberino / Alberino Analysis / Nephcon presentation — not DigIntoScripture dig consensus. Nephilim/Watchers/catastrophe framing is contested versus mainstream archaeology and Second Temple scholarship. Core OT/NT layers stay free and separate (Qumran already carries Alberino embeds with contested-framing disclosure). Sales / book / members / conference links do not raise dig-consensus confidence."
          }
        ],
        "sources": "Alberino Analysis YouTube embeds (Cloud Forest of Peru; Amazon megaliths; Alien Attack report). Official site timothyalberino.com.",
        "eras": [
          "Modern visit / expedition"
        ],
        "status_kind": "visitor",
        "what_he_shows": "Cloud-forest village travelogue; expedition hospitality / logistics atmosphere.",
        "coord_precision": "region",
        "visit_confirmed": true,
        "sponsor_cta_label": "Their content (paywall)",
        "sponsor_cta_url": "https://thealberinoanalysis.com/",
        "sponsor_cta_host": "thealberinoanalysis.com",
        "sponsor_cta_alt_url": "https://timothyalberino.com/",
        "sponsor_cta_alt_label": "Timothy Alberino (site)",
        "sponsor_book_cta_label": "Buy their book",
        "sponsor_book_cta_url": "https://www.amazon.com/Birthright-Posthuman-Apocalypse-Usurpation-Dominion/dp/B08M83XF8W",
        "sponsor_book_cta_host": "amazon.com",
        "affiliate_disclosed": true,
        "affiliate_note": "Sponsor / affiliate disclosure — outbound Amazon product link only; DigIntoScripture affiliate not negotiated yet.",
        "disclosure": "Sponsor expedition layer. Pins and videos are Timothy Alberino / Alberino Analysis / Nephcon presentation — not DigIntoScripture dig consensus. Nephilim/Watchers/catastrophe framing is contested versus mainstream archaeology and Second Temple scholarship. Core OT/NT layers stay free and separate (Qumran already carries Alberino embeds with contested-framing disclosure). Sales / book / members / conference links do not raise dig-consensus confidence.",
        "ministry_label": "Timothy Alberino is an author/explorer/lecturer (Birthright; Book of Enoch commentary) whose Alberino Analysis members community and NephCon conference package alternative history, megaliths, Nephilim/Watchers theology, and UFO/disclosure topics. Channel presentation ≠ peer-reviewed dig consensus. Chip off-by-default. Thin biblical-map overlap expected after Kramer pack.",
        "attached_map_pin_id": null,
        "attached_primary_id": null,
        "region_bucket": "SA"
      }
    }
  ]
}
